-- --------------------------------------------------------
-- Host:                         165.22.189.216
-- Versión del servidor:         8.0.40-0ubuntu0.22.04.1 - (Ubuntu)
-- SO del servidor:              Linux
-- HeidiSQL Versión:             12.8.0.6908
-- --------------------------------------------------------

/*!40101 SET @OLD_CHARACTER_SET_CLIENT=@@CHARACTER_SET_CLIENT */;
/*!40101 SET NAMES utf8 */;
/*!50503 SET NAMES utf8mb4 */;
/*!40103 SET @OLD_TIME_ZONE=@@TIME_ZONE */;
/*!40103 SET TIME_ZONE='+00:00' */;
/*!40014 SET @OLD_FOREIGN_KEY_CHECKS=@@FOREIGN_KEY_CHECKS, FOREIGN_KEY_CHECKS=0 */;
/*!40101 SET @OLD_SQL_MODE=@@SQL_MODE, SQL_MODE='NO_AUTO_VALUE_ON_ZERO' */;
/*!40111 SET @OLD_SQL_NOTES=@@SQL_NOTES, SQL_NOTES=0 */;

-- Volcando estructura para tabla zamora.anotadores
CREATE TABLE IF NOT EXISTS `anotadores` (
  `id` bigint unsigned NOT NULL AUTO_INCREMENT,
  `nombre` varchar(50) COLLATE utf8mb4_unicode_ci DEFAULT NULL,
  `telefono` varchar(25) COLLATE utf8mb4_unicode_ci DEFAULT NULL,
  `created_at` timestamp NULL DEFAULT NULL,
  `updated_at` timestamp NULL DEFAULT NULL,
  PRIMARY KEY (`id`)
) ENGINE=InnoDB AUTO_INCREMENT=4 DEFAULT CHARSET=utf8mb4 COLLATE=utf8mb4_unicode_ci;

-- Volcando datos para la tabla zamora.anotadores: ~3 rows (aproximadamente)
REPLACE INTO `anotadores` (`id`, `nombre`, `telefono`, `created_at`, `updated_at`) VALUES
	(1, 'Alexis Gómez', '', '2024-12-15 17:34:21', '2024-12-15 17:34:21'),
	(2, 'Diana Perez', '', '2024-12-15 17:34:21', '2024-12-15 17:34:21'),
	(3, 'Yennifer Cruz', '', '2024-12-15 17:34:21', '2024-12-15 17:34:21');

-- Volcando estructura para tabla zamora.arbitros
CREATE TABLE IF NOT EXISTS `arbitros` (
  `id` bigint unsigned NOT NULL AUTO_INCREMENT,
  `nombre` varchar(50) COLLATE utf8mb4_unicode_ci DEFAULT NULL,
  `telefono` varchar(25) COLLATE utf8mb4_unicode_ci DEFAULT NULL,
  `created_at` timestamp NULL DEFAULT NULL,
  `updated_at` timestamp NULL DEFAULT NULL,
  PRIMARY KEY (`id`)
) ENGINE=InnoDB AUTO_INCREMENT=8 DEFAULT CHARSET=utf8mb4 COLLATE=utf8mb4_unicode_ci;

-- Volcando datos para la tabla zamora.arbitros: ~7 rows (aproximadamente)
REPLACE INTO `arbitros` (`id`, `nombre`, `telefono`, `created_at`, `updated_at`) VALUES
	(1, 'Antonio Toro', '', '2024-12-15 17:34:21', '2024-12-15 17:34:21'),
	(2, 'Jacinto Reverón', '', '2024-12-15 17:34:21', '2024-12-15 17:34:21'),
	(3, 'Luismer Pantoja', '', '2024-12-15 17:34:21', '2024-12-15 17:34:21'),
	(4, 'Jardiel Delgado', '', '2024-12-15 17:34:22', '2024-12-15 17:34:22'),
	(5, 'Carlos Castro', '', '2024-12-15 17:34:22', '2024-12-15 17:34:22'),
	(6, 'Jacinto Alfonzo', '', '2024-12-15 17:34:22', '2024-12-15 17:34:22'),
	(7, 'Jesus Malpica', '', '2024-12-15 17:34:22', '2024-12-15 17:34:22');

-- Volcando estructura para tabla zamora.cache
CREATE TABLE IF NOT EXISTS `cache` (
  `key` varchar(255) COLLATE utf8mb4_unicode_ci NOT NULL,
  `value` mediumtext COLLATE utf8mb4_unicode_ci NOT NULL,
  `expiration` int NOT NULL,
  PRIMARY KEY (`key`)
) ENGINE=InnoDB DEFAULT CHARSET=utf8mb4 COLLATE=utf8mb4_unicode_ci;

-- Volcando datos para la tabla zamora.cache: ~2 rows (aproximadamente)
REPLACE INTO `cache` (`key`, `value`, `expiration`) VALUES
	('356a192b7913b04c54574d18c28d46e6395428ab', 'i:2;', 1734872709),
	('356a192b7913b04c54574d18c28d46e6395428ab:timer', 'i:1734872709;', 1734872709);

-- Volcando estructura para tabla zamora.cache_locks
CREATE TABLE IF NOT EXISTS `cache_locks` (
  `key` varchar(255) COLLATE utf8mb4_unicode_ci NOT NULL,
  `owner` varchar(255) COLLATE utf8mb4_unicode_ci NOT NULL,
  `expiration` int NOT NULL,
  PRIMARY KEY (`key`)
) ENGINE=InnoDB DEFAULT CHARSET=utf8mb4 COLLATE=utf8mb4_unicode_ci;

-- Volcando datos para la tabla zamora.cache_locks: ~0 rows (aproximadamente)

-- Volcando estructura para tabla zamora.calendarios
CREATE TABLE IF NOT EXISTS `calendarios` (
  `id` bigint unsigned NOT NULL AUTO_INCREMENT,
  `fecha_juego` varchar(30) COLLATE utf8mb4_unicode_ci DEFAULT NULL,
  `hora_juego` varchar(20) COLLATE utf8mb4_unicode_ci DEFAULT NULL,
  `estadio_id` bigint unsigned DEFAULT NULL,
  `categoria_id` bigint unsigned DEFAULT NULL,
  `campeonato_id` bigint unsigned DEFAULT NULL,
  `grupo_id` bigint unsigned DEFAULT NULL,
  `visita_id` bigint unsigned DEFAULT NULL,
  `casa_id` bigint unsigned DEFAULT NULL,
  `anotacion_visita` int DEFAULT NULL,
  `anotacion_casa` int DEFAULT NULL,
  `hits_visita` int DEFAULT NULL,
  `hits_casa` int DEFAULT NULL,
  `errores_visita` int DEFAULT NULL,
  `errores_casa` int DEFAULT NULL,
  `anotador_id` bigint unsigned DEFAULT NULL,
  `arbitro1_id` bigint unsigned DEFAULT NULL,
  `arbitro2_id` bigint unsigned DEFAULT NULL,
  `arbitro3_id` bigint unsigned DEFAULT NULL,
  `arbitro4_id` bigint unsigned DEFAULT NULL,
  `observacion` varchar(255) COLLATE utf8mb4_unicode_ci DEFAULT NULL,
  `tiempo` varchar(30) COLLATE utf8mb4_unicode_ci DEFAULT NULL,
  `bat_destacado_id` bigint unsigned DEFAULT NULL,
  `pit_destacado_id` bigint unsigned DEFAULT NULL,
  `texto_bateador` varchar(21) COLLATE utf8mb4_unicode_ci DEFAULT NULL,
  `texto_pitcher` varchar(21) COLLATE utf8mb4_unicode_ci DEFAULT NULL,
  `facturado_id` bigint unsigned DEFAULT NULL,
  `created_at` timestamp NULL DEFAULT NULL,
  `updated_at` timestamp NULL DEFAULT NULL,
  PRIMARY KEY (`id`),
  KEY `calendarios_visita_id_foreign` (`visita_id`),
  KEY `calendarios_casa_id_foreign` (`casa_id`),
  KEY `calendarios_categoria_id_foreign` (`categoria_id`),
  KEY `calendarios_campeonato_id_foreign` (`campeonato_id`),
  KEY `calendarios_grupo_id_foreign` (`grupo_id`),
  KEY `calendarios_anotador_id_foreign` (`anotador_id`),
  KEY `calendarios_arbitro1_id_foreign` (`arbitro1_id`),
  KEY `calendarios_arbitro2_id_foreign` (`arbitro2_id`),
  KEY `calendarios_arbitro3_id_foreign` (`arbitro3_id`),
  KEY `calendarios_arbitro4_id_foreign` (`arbitro4_id`),
  KEY `calendarios_estadio_id_foreign` (`estadio_id`),
  KEY `calendarios_bat_destacado_id_foreign` (`bat_destacado_id`),
  KEY `calendarios_pit_destacado_id_foreign` (`pit_destacado_id`),
  KEY `calendarios_facturado_id_foreign` (`facturado_id`),
  CONSTRAINT `calendarios_anotador_id_foreign` FOREIGN KEY (`anotador_id`) REFERENCES `anotadores` (`id`) ON DELETE CASCADE,
  CONSTRAINT `calendarios_arbitro1_id_foreign` FOREIGN KEY (`arbitro1_id`) REFERENCES `arbitros` (`id`) ON DELETE CASCADE,
  CONSTRAINT `calendarios_arbitro2_id_foreign` FOREIGN KEY (`arbitro2_id`) REFERENCES `arbitros` (`id`) ON DELETE CASCADE,
  CONSTRAINT `calendarios_arbitro3_id_foreign` FOREIGN KEY (`arbitro3_id`) REFERENCES `arbitros` (`id`) ON DELETE CASCADE,
  CONSTRAINT `calendarios_arbitro4_id_foreign` FOREIGN KEY (`arbitro4_id`) REFERENCES `arbitros` (`id`) ON DELETE CASCADE,
  CONSTRAINT `calendarios_bat_destacado_id_foreign` FOREIGN KEY (`bat_destacado_id`) REFERENCES `jugadores` (`id`) ON DELETE CASCADE,
  CONSTRAINT `calendarios_campeonato_id_foreign` FOREIGN KEY (`campeonato_id`) REFERENCES `campeonatos` (`id`) ON DELETE CASCADE,
  CONSTRAINT `calendarios_casa_id_foreign` FOREIGN KEY (`casa_id`) REFERENCES `equipos` (`id`) ON DELETE CASCADE,
  CONSTRAINT `calendarios_categoria_id_foreign` FOREIGN KEY (`categoria_id`) REFERENCES `categorias` (`id`) ON DELETE CASCADE,
  CONSTRAINT `calendarios_estadio_id_foreign` FOREIGN KEY (`estadio_id`) REFERENCES `estadios` (`id`) ON DELETE CASCADE,
  CONSTRAINT `calendarios_facturado_id_foreign` FOREIGN KEY (`facturado_id`) REFERENCES `condiciones` (`id`) ON DELETE CASCADE,
  CONSTRAINT `calendarios_grupo_id_foreign` FOREIGN KEY (`grupo_id`) REFERENCES `grupos` (`id`) ON DELETE CASCADE,
  CONSTRAINT `calendarios_pit_destacado_id_foreign` FOREIGN KEY (`pit_destacado_id`) REFERENCES `jugadores` (`id`) ON DELETE CASCADE,
  CONSTRAINT `calendarios_visita_id_foreign` FOREIGN KEY (`visita_id`) REFERENCES `equipos` (`id`) ON DELETE CASCADE
) ENGINE=InnoDB AUTO_INCREMENT=13 DEFAULT CHARSET=utf8mb4 COLLATE=utf8mb4_unicode_ci;

-- Volcando datos para la tabla zamora.calendarios: ~11 rows (aproximadamente)
REPLACE INTO `calendarios` (`id`, `fecha_juego`, `hora_juego`, `estadio_id`, `categoria_id`, `campeonato_id`, `grupo_id`, `visita_id`, `casa_id`, `anotacion_visita`, `anotacion_casa`, `hits_visita`, `hits_casa`, `errores_visita`, `errores_casa`, `anotador_id`, `arbitro1_id`, `arbitro2_id`, `arbitro3_id`, `arbitro4_id`, `observacion`, `tiempo`, `bat_destacado_id`, `pit_destacado_id`, `texto_bateador`, `texto_pitcher`, `facturado_id`, `created_at`, `updated_at`) VALUES
	(1, '23/11/2024', '03:11', 1, 1, 1, 10, 1, 2, 3, 6, 2, 8, 0, 0, 1, 1, 2, NULL, NULL, NULL, NULL, 22, 16, '2-2, 1CA, 3CI', '4.1IP, 1H, 9P, 3BB', 2, '2024-12-15 17:52:23', '2024-12-17 06:45:55'),
	(2, '23/11/2024', '03:30', 5, 4, 5, 10, 21, 22, 11, 3, 11, 3, 2, 3, 3, 4, 5, NULL, NULL, NULL, NULL, 242, 247, '4-2, 1CA, 2CI', '5IP, 3CL, 10P', 1, '2024-12-16 03:29:44', '2024-12-22 14:25:57'),
	(3, '23/11/2024', '01:10', 5, 5, 4, 10, 20, 19, 8, 8, 6, 10, 2, 1, 3, 4, 5, NULL, NULL, NULL, NULL, 231, 220, '2-1, 2CI, 1BR', '3-2, 1CA, 1CI, 2BR', 1, '2024-12-16 17:17:29', '2024-12-22 14:58:42'),
	(4, '13/11/2024', '10:45', 5, 5, 4, 10, 17, 18, 14, 2, 12, 6, 0, 1, 3, 5, 4, NULL, NULL, NULL, NULL, 202, 201, '2-2, 2CA, 4CI', '3IP, 2CL, 5P', 1, '2024-12-16 18:00:24', '2024-12-22 14:58:50'),
	(5, '30/11/2024', '10:15', 6, 3, 2, 10, 9, 10, 12, 2, 6, 3, 0, 1, 2, 3, NULL, NULL, NULL, NULL, NULL, 103, 101, '2-2, 3CA, 2CI, BR', '3IP, 2CL, 7P', 1, '2024-12-16 20:27:06', '2024-12-22 13:58:35'),
	(7, '23/11/2024', '08:50', 5, 2, 3, 10, 14, 13, 0, 10, 0, 10, 4, 0, 3, 5, 4, NULL, NULL, NULL, NULL, 155, 154, '3-3, CA, 2CI, BR', '5IP, 0H, 13P', 1, '2024-12-17 03:23:20', '2024-12-22 14:20:21'),
	(8, '23/11/2024', '12:15', 4, 2, 3, 10, 12, 11, 0, 10, 2, 11, 4, 0, 2, 3, 7, NULL, NULL, NULL, NULL, 140, 141, '3-3, 2CA, 2CI', '4IP, 2H, 6P', 1, '2024-12-17 04:09:04', '2024-12-22 14:12:19'),
	(9, '23/11/2024', '10:00', 4, 1, 1, 10, 3, 4, 9, 12, 7, 8, 2, 4, 2, 3, 7, NULL, NULL, NULL, NULL, 43, 46, '2-2, CA, 2CI', '2IP, 0CL, 1P', 1, '2024-12-17 04:58:03', '2024-12-22 14:11:15'),
	(10, '23/11/2024', '09:00', 1, 3, 2, 10, 7, 8, 3, 2, 4, 4, 2, 1, 1, 6, 1, NULL, NULL, NULL, NULL, 82, 76, '2-2, 2CI, BR', '3IP, CL, 6P ', 2, '2024-12-17 05:37:23', '2024-12-17 06:32:21'),
	(11, '30/11/2024', '12:45', 6, 1, 1, 10, 6, 5, 2, 16, 2, 13, 1, 0, 2, 3, NULL, NULL, NULL, NULL, NULL, 60, 57, '2-2, JR, 2CA, 2CI', '3IP, 2CL, 5P', 1, '2024-12-29 16:04:41', '2024-12-29 17:09:19'),
	(12, '23/11/2024', '12:46', 1, 1, 1, 10, 15, 5, 0, 16, 1, 14, 4, 0, 1, 1, 6, NULL, NULL, NULL, NULL, 57, 52, '3-2, 2CA, 2H2, 4CI', '3IP, H, 5P', 2, '2024-12-29 20:20:15', '2024-12-29 22:08:52');

-- Volcando estructura para tabla zamora.campeonatos
CREATE TABLE IF NOT EXISTS `campeonatos` (
  `id` bigint unsigned NOT NULL AUTO_INCREMENT,
  `nombre` varchar(100) COLLATE utf8mb4_unicode_ci DEFAULT NULL,
  `liga_id` bigint unsigned DEFAULT NULL,
  `categoria_id` bigint unsigned DEFAULT NULL,
  `fecha_inicio` varchar(20) COLLATE utf8mb4_unicode_ci DEFAULT NULL,
  `campeon` varchar(100) COLLATE utf8mb4_unicode_ci DEFAULT NULL,
  `estatus_id` bigint unsigned DEFAULT NULL,
  `created_at` timestamp NULL DEFAULT NULL,
  `updated_at` timestamp NULL DEFAULT NULL,
  PRIMARY KEY (`id`),
  KEY `campeonatos_estatus_id_foreign` (`estatus_id`),
  KEY `campeonatos_liga_id_foreign` (`liga_id`),
  KEY `campeonatos_categoria_id_foreign` (`categoria_id`),
  CONSTRAINT `campeonatos_categoria_id_foreign` FOREIGN KEY (`categoria_id`) REFERENCES `categorias` (`id`) ON DELETE CASCADE,
  CONSTRAINT `campeonatos_estatus_id_foreign` FOREIGN KEY (`estatus_id`) REFERENCES `estatus_torneos` (`id`) ON DELETE CASCADE,
  CONSTRAINT `campeonatos_liga_id_foreign` FOREIGN KEY (`liga_id`) REFERENCES `ligas` (`id`) ON DELETE CASCADE
) ENGINE=InnoDB AUTO_INCREMENT=6 DEFAULT CHARSET=utf8mb4 COLLATE=utf8mb4_unicode_ci;

-- Volcando datos para la tabla zamora.campeonatos: ~5 rows (aproximadamente)
REPLACE INTO `campeonatos` (`id`, `nombre`, `liga_id`, `categoria_id`, `fecha_inicio`, `campeon`, `estatus_id`, `created_at`, `updated_at`) VALUES
	(1, 'INF-A 2024 - 2025', 1, 1, '15/11/2024', NULL, 1, '2024-12-15 17:38:20', '2024-12-15 23:44:02'),
	(2, 'FOR 2024 - 2025', 1, 3, '15/11/2024', NULL, 1, '2024-12-15 23:32:24', '2024-12-16 04:36:02'),
	(3, 'INF-AA 2024 - 2025', 1, 2, '15/11/2024', NULL, 1, '2024-12-15 23:33:27', '2024-12-16 04:35:56'),
	(4, 'JUV-A 2024 - 2025', 1, 5, '15/11/2024', NULL, 1, '2024-12-15 23:34:24', '2024-12-15 23:43:39'),
	(5, 'JUV-AA 2024 - 2025', 1, 4, '15/11/2024', NULL, 1, '2024-12-15 23:35:03', '2024-12-15 23:43:09');

-- Volcando estructura para tabla zamora.categorias
CREATE TABLE IF NOT EXISTS `categorias` (
  `id` bigint unsigned NOT NULL AUTO_INCREMENT,
  `categoria` varchar(30) COLLATE utf8mb4_unicode_ci DEFAULT NULL,
  `liga_id` bigint unsigned DEFAULT NULL,
  `deporte_id` bigint unsigned DEFAULT NULL,
  `created_at` timestamp NULL DEFAULT NULL,
  `updated_at` timestamp NULL DEFAULT NULL,
  PRIMARY KEY (`id`),
  KEY `categorias_liga_id_foreign` (`liga_id`),
  KEY `categorias_deporte_id_foreign` (`deporte_id`),
  CONSTRAINT `categorias_deporte_id_foreign` FOREIGN KEY (`deporte_id`) REFERENCES `deportes` (`id`) ON DELETE CASCADE,
  CONSTRAINT `categorias_liga_id_foreign` FOREIGN KEY (`liga_id`) REFERENCES `ligas` (`id`) ON DELETE CASCADE
) ENGINE=InnoDB AUTO_INCREMENT=6 DEFAULT CHARSET=utf8mb4 COLLATE=utf8mb4_unicode_ci;

-- Volcando datos para la tabla zamora.categorias: ~5 rows (aproximadamente)
REPLACE INTO `categorias` (`id`, `categoria`, `liga_id`, `deporte_id`, `created_at`, `updated_at`) VALUES
	(1, 'Infantil A', 1, 1, '2024-12-15 17:37:49', '2024-12-15 23:12:11'),
	(2, 'Infantil AA', 1, 1, '2024-12-15 23:12:49', '2024-12-15 23:12:49'),
	(3, 'Formación', 1, 1, '2024-12-15 23:19:38', '2024-12-15 23:19:38'),
	(4, 'Juvenil AA', 1, 1, '2024-12-15 23:21:04', '2024-12-15 23:21:04'),
	(5, 'Juvenil A', 1, 1, '2024-12-15 23:22:20', '2024-12-15 23:22:20');

-- Volcando estructura para tabla zamora.condiciones
CREATE TABLE IF NOT EXISTS `condiciones` (
  `id` bigint unsigned NOT NULL AUTO_INCREMENT,
  `condicion` varchar(2) COLLATE utf8mb4_unicode_ci DEFAULT NULL,
  `created_at` timestamp NULL DEFAULT NULL,
  `updated_at` timestamp NULL DEFAULT NULL,
  PRIMARY KEY (`id`)
) ENGINE=InnoDB AUTO_INCREMENT=3 DEFAULT CHARSET=utf8mb4 COLLATE=utf8mb4_unicode_ci;

-- Volcando datos para la tabla zamora.condiciones: ~2 rows (aproximadamente)
REPLACE INTO `condiciones` (`id`, `condicion`, `created_at`, `updated_at`) VALUES
	(1, 'Si', '2024-12-15 17:34:19', '2024-12-15 17:34:19'),
	(2, 'No', '2024-12-15 17:34:19', '2024-12-15 17:34:19');

-- Volcando estructura para tabla zamora.deportes
CREATE TABLE IF NOT EXISTS `deportes` (
  `id` bigint unsigned NOT NULL AUTO_INCREMENT,
  `deporte` varchar(10) COLLATE utf8mb4_unicode_ci DEFAULT NULL,
  `created_at` timestamp NULL DEFAULT NULL,
  `updated_at` timestamp NULL DEFAULT NULL,
  PRIMARY KEY (`id`)
) ENGINE=InnoDB AUTO_INCREMENT=3 DEFAULT CHARSET=utf8mb4 COLLATE=utf8mb4_unicode_ci;

-- Volcando datos para la tabla zamora.deportes: ~2 rows (aproximadamente)
REPLACE INTO `deportes` (`id`, `deporte`, `created_at`, `updated_at`) VALUES
	(1, 'Beisbol', '2024-12-15 17:34:19', '2024-12-15 17:34:19'),
	(2, 'Softball', '2024-12-15 17:34:19', '2024-12-15 17:34:19');

-- Volcando estructura para tabla zamora.equipos
CREATE TABLE IF NOT EXISTS `equipos` (
  `id` bigint unsigned NOT NULL AUTO_INCREMENT,
  `nombre` varchar(100) COLLATE utf8mb4_unicode_ci DEFAULT NULL,
  `abreviacion` varchar(100) COLLATE utf8mb4_unicode_ci DEFAULT NULL,
  `deporte_id` bigint unsigned DEFAULT NULL,
  `campeonato_id` bigint unsigned DEFAULT NULL,
  `liga_id` bigint unsigned DEFAULT NULL,
  `categoria_id` bigint unsigned DEFAULT NULL,
  `logo` varchar(2048) COLLATE utf8mb4_unicode_ci DEFAULT NULL,
  `created_at` timestamp NULL DEFAULT NULL,
  `updated_at` timestamp NULL DEFAULT NULL,
  PRIMARY KEY (`id`),
  KEY `equipos_deporte_id_foreign` (`deporte_id`),
  KEY `equipos_campeonato_id_foreign` (`campeonato_id`),
  KEY `equipos_liga_id_foreign` (`liga_id`),
  KEY `equipos_categoria_id_foreign` (`categoria_id`),
  CONSTRAINT `equipos_campeonato_id_foreign` FOREIGN KEY (`campeonato_id`) REFERENCES `campeonatos` (`id`) ON DELETE CASCADE,
  CONSTRAINT `equipos_categoria_id_foreign` FOREIGN KEY (`categoria_id`) REFERENCES `categorias` (`id`) ON DELETE CASCADE,
  CONSTRAINT `equipos_deporte_id_foreign` FOREIGN KEY (`deporte_id`) REFERENCES `ligas` (`id`) ON DELETE CASCADE,
  CONSTRAINT `equipos_liga_id_foreign` FOREIGN KEY (`liga_id`) REFERENCES `ligas` (`id`) ON DELETE CASCADE
) ENGINE=InnoDB AUTO_INCREMENT=25 DEFAULT CHARSET=utf8mb4 COLLATE=utf8mb4_unicode_ci;

-- Volcando datos para la tabla zamora.equipos: ~21 rows (aproximadamente)
REPLACE INTO `equipos` (`id`, `nombre`, `abreviacion`, `deporte_id`, `campeonato_id`, `liga_id`, `categoria_id`, `logo`, `created_at`, `updated_at`) VALUES
	(1, 'Astros A', 'AST', 1, 1, 1, 1, NULL, '2024-12-15 17:39:21', '2024-12-15 17:39:21'),
	(2, 'Cachorros de Zamora AAA', 'CAC', 1, 1, 1, 1, NULL, '2024-12-15 17:40:35', '2025-01-06 14:20:01'),
	(3, 'Bravo Plaza', 'BRA', 1, 1, 1, 1, NULL, '2024-12-15 23:45:20', '2024-12-15 23:45:20'),
	(4, 'Guardians', 'GUA', 1, 1, 1, 1, NULL, '2024-12-15 23:45:51', '2024-12-15 23:45:51'),
	(5, 'Cachorros de Zamora AA', 'CAC', 1, 1, 1, 1, NULL, '2024-12-15 23:51:16', '2025-01-06 14:20:11'),
	(6, 'Santa Cruz A', 'STA', 1, 1, 1, 1, NULL, '2024-12-15 23:52:23', '2024-12-15 23:52:23'),
	(7, 'Astros', 'AST', 1, 2, 1, 3, NULL, '2024-12-16 00:24:22', '2024-12-16 00:24:22'),
	(8, 'Apollo Group', 'APO', 1, 2, 1, 3, NULL, '2024-12-16 00:28:49', '2024-12-16 00:28:49'),
	(9, 'Cachorros de Zamora AAA', 'CAC', 1, 2, 1, 3, NULL, '2024-12-16 00:34:37', '2024-12-16 00:34:37'),
	(10, 'Santa Cruz A', 'STC', 1, 2, 1, 3, NULL, '2024-12-16 00:40:49', '2024-12-16 00:40:49'),
	(11, 'Bravo Plaza', 'BRA', 1, 3, 1, 2, NULL, '2024-12-16 00:53:02', '2024-12-16 00:53:02'),
	(12, 'Guardians', 'GUA', 1, 3, 1, 2, NULL, '2024-12-16 01:02:04', '2024-12-16 01:02:04'),
	(13, 'Villa Alta A', 'VAL', 1, 3, 1, 2, NULL, '2024-12-16 01:30:54', '2024-12-16 01:30:54'),
	(14, 'Araira', 'ARA', 1, 3, 1, 2, NULL, '2024-12-16 01:35:02', '2024-12-16 01:35:02'),
	(15, 'Astros B', 'AST', 1, 1, 1, 1, NULL, '2024-12-16 01:46:07', '2024-12-29 15:48:35'),
	(17, 'Villa Alta A', 'VAL', 1, 4, 1, 5, NULL, '2024-12-16 02:38:15', '2024-12-16 02:38:15'),
	(18, 'Araira A', 'ARA', 1, 4, 1, 5, NULL, '2024-12-16 02:42:48', '2024-12-16 02:42:48'),
	(19, 'Villa Alta B', 'VAL', 1, 4, 1, 5, NULL, '2024-12-16 02:50:18', '2024-12-16 02:50:18'),
	(20, 'San Pedro', 'SAN', 1, 4, 1, 5, NULL, '2024-12-16 02:53:19', '2024-12-16 02:53:19'),
	(21, 'Villa Alta', 'VAL', 1, 5, 1, 4, NULL, '2024-12-16 02:59:06', '2024-12-16 02:59:06'),
	(22, 'San Pedro', 'SAP', 1, 5, 1, 4, NULL, '2024-12-16 03:04:22', '2024-12-16 03:04:22');

-- Volcando estructura para tabla zamora.estadios
CREATE TABLE IF NOT EXISTS `estadios` (
  `id` bigint unsigned NOT NULL AUTO_INCREMENT,
  `nombre` varchar(100) COLLATE utf8mb4_unicode_ci DEFAULT NULL,
  `created_at` timestamp NULL DEFAULT NULL,
  `updated_at` timestamp NULL DEFAULT NULL,
  PRIMARY KEY (`id`)
) ENGINE=InnoDB AUTO_INCREMENT=7 DEFAULT CHARSET=utf8mb4 COLLATE=utf8mb4_unicode_ci;

-- Volcando datos para la tabla zamora.estadios: ~6 rows (aproximadamente)
REPLACE INTO `estadios` (`id`, `nombre`, `created_at`, `updated_at`) VALUES
	(1, 'Miguel Lorenzo Garcia', '2024-12-15 17:34:22', '2024-12-15 17:34:22'),
	(2, 'Araira', '2024-12-15 17:34:22', '2024-12-15 17:34:22'),
	(3, 'Valle Verde', '2024-12-15 17:34:22', '2024-12-15 17:34:22'),
	(4, 'Apollo Group', '2024-12-15 17:34:22', '2024-12-15 17:34:22'),
	(5, 'Valle Arriba', NULL, NULL),
	(6, 'Miguel Angel Rosas', NULL, NULL);

-- Volcando estructura para tabla zamora.estatus_torneos
CREATE TABLE IF NOT EXISTS `estatus_torneos` (
  `id` bigint unsigned NOT NULL AUTO_INCREMENT,
  `estatus` varchar(20) COLLATE utf8mb4_unicode_ci DEFAULT NULL,
  `created_at` timestamp NULL DEFAULT NULL,
  `updated_at` timestamp NULL DEFAULT NULL,
  PRIMARY KEY (`id`)
) ENGINE=InnoDB AUTO_INCREMENT=3 DEFAULT CHARSET=utf8mb4 COLLATE=utf8mb4_unicode_ci;

-- Volcando datos para la tabla zamora.estatus_torneos: ~2 rows (aproximadamente)
REPLACE INTO `estatus_torneos` (`id`, `estatus`, `created_at`, `updated_at`) VALUES
	(1, 'Activo', '2024-12-15 17:34:19', '2024-12-15 17:34:19'),
	(2, 'Inactivo', '2024-12-15 17:34:19', '2024-12-15 17:34:19');

-- Volcando estructura para tabla zamora.failed_jobs
CREATE TABLE IF NOT EXISTS `failed_jobs` (
  `id` bigint unsigned NOT NULL AUTO_INCREMENT,
  `uuid` varchar(255) COLLATE utf8mb4_unicode_ci NOT NULL,
  `connection` text COLLATE utf8mb4_unicode_ci NOT NULL,
  `queue` text COLLATE utf8mb4_unicode_ci NOT NULL,
  `payload` longtext COLLATE utf8mb4_unicode_ci NOT NULL,
  `exception` longtext COLLATE utf8mb4_unicode_ci NOT NULL,
  `failed_at` timestamp NOT NULL DEFAULT CURRENT_TIMESTAMP,
  PRIMARY KEY (`id`),
  UNIQUE KEY `failed_jobs_uuid_unique` (`uuid`)
) ENGINE=InnoDB DEFAULT CHARSET=utf8mb4 COLLATE=utf8mb4_unicode_ci;

-- Volcando datos para la tabla zamora.failed_jobs: ~0 rows (aproximadamente)

-- Volcando estructura para tabla zamora.grupos
CREATE TABLE IF NOT EXISTS `grupos` (
  `id` bigint unsigned NOT NULL AUTO_INCREMENT,
  `grupo` varchar(30) COLLATE utf8mb4_unicode_ci DEFAULT NULL,
  `created_at` timestamp NULL DEFAULT NULL,
  `updated_at` timestamp NULL DEFAULT NULL,
  PRIMARY KEY (`id`)
) ENGINE=InnoDB AUTO_INCREMENT=19 DEFAULT CHARSET=utf8mb4 COLLATE=utf8mb4_unicode_ci;

-- Volcando datos para la tabla zamora.grupos: ~18 rows (aproximadamente)
REPLACE INTO `grupos` (`id`, `grupo`, `created_at`, `updated_at`) VALUES
	(1, 'Final', '2024-12-15 17:34:20', '2024-12-15 17:34:20'),
	(2, 'Semifinal', '2024-12-15 17:34:20', '2024-12-15 17:34:20'),
	(3, 'Semifinal A', '2024-12-15 17:34:20', '2024-12-15 17:34:20'),
	(4, 'Semifinal B', '2024-12-15 17:34:20', '2024-12-15 17:34:20'),
	(5, 'Play Off', '2024-12-15 17:34:20', '2024-12-15 17:34:20'),
	(6, 'Play Off A', '2024-12-15 17:34:20', '2024-12-15 17:34:20'),
	(7, 'Play Off B', '2024-12-15 17:34:20', '2024-12-15 17:34:20'),
	(8, 'Play Off C', '2024-12-15 17:34:20', '2024-12-15 17:34:20'),
	(9, 'Play Off D', '2024-12-15 17:34:20', '2024-12-15 17:34:20'),
	(10, 'Unico', '2024-12-15 17:34:20', '2024-12-15 17:34:20'),
	(11, 'A', '2024-12-15 17:34:20', '2024-12-15 17:34:20'),
	(12, 'B', '2024-12-15 17:34:20', '2024-12-15 17:34:20'),
	(13, 'C', '2024-12-15 17:34:21', '2024-12-15 17:34:21'),
	(14, 'D', '2024-12-15 17:34:21', '2024-12-15 17:34:21'),
	(15, 'E', '2024-12-15 17:34:21', '2024-12-15 17:34:21'),
	(16, 'F', '2024-12-15 17:34:21', '2024-12-15 17:34:21'),
	(17, 'G', '2024-12-15 17:34:21', '2024-12-15 17:34:21'),
	(18, 'H', '2024-12-15 17:34:21', '2024-12-15 17:34:21');

-- Volcando estructura para tabla zamora.jobs
CREATE TABLE IF NOT EXISTS `jobs` (
  `id` bigint unsigned NOT NULL AUTO_INCREMENT,
  `queue` varchar(255) COLLATE utf8mb4_unicode_ci NOT NULL,
  `payload` longtext COLLATE utf8mb4_unicode_ci NOT NULL,
  `attempts` tinyint unsigned NOT NULL,
  `reserved_at` int unsigned DEFAULT NULL,
  `available_at` int unsigned NOT NULL,
  `created_at` int unsigned NOT NULL,
  PRIMARY KEY (`id`),
  KEY `jobs_queue_index` (`queue`)
) ENGINE=InnoDB DEFAULT CHARSET=utf8mb4 COLLATE=utf8mb4_unicode_ci;

-- Volcando datos para la tabla zamora.jobs: ~0 rows (aproximadamente)

-- Volcando estructura para tabla zamora.job_batches
CREATE TABLE IF NOT EXISTS `job_batches` (
  `id` varchar(255) COLLATE utf8mb4_unicode_ci NOT NULL,
  `name` varchar(255) COLLATE utf8mb4_unicode_ci NOT NULL,
  `total_jobs` int NOT NULL,
  `pending_jobs` int NOT NULL,
  `failed_jobs` int NOT NULL,
  `failed_job_ids` longtext COLLATE utf8mb4_unicode_ci NOT NULL,
  `options` mediumtext COLLATE utf8mb4_unicode_ci,
  `cancelled_at` int DEFAULT NULL,
  `created_at` int NOT NULL,
  `finished_at` int DEFAULT NULL,
  PRIMARY KEY (`id`)
) ENGINE=InnoDB DEFAULT CHARSET=utf8mb4 COLLATE=utf8mb4_unicode_ci;

-- Volcando datos para la tabla zamora.job_batches: ~0 rows (aproximadamente)

-- Volcando estructura para tabla zamora.jugadores
CREATE TABLE IF NOT EXISTS `jugadores` (
  `id` bigint unsigned NOT NULL AUTO_INCREMENT,
  `nombre` varchar(75) COLLATE utf8mb4_unicode_ci DEFAULT NULL,
  `numero` int DEFAULT NULL,
  `dni` int DEFAULT NULL,
  `equipo_id` bigint unsigned DEFAULT NULL,
  `foto` varchar(2048) COLLATE utf8mb4_unicode_ci DEFAULT NULL,
  `nacimiento` varchar(50) COLLATE utf8mb4_unicode_ci DEFAULT NULL,
  `batea` varchar(12) COLLATE utf8mb4_unicode_ci DEFAULT NULL,
  `lanza` varchar(12) COLLATE utf8mb4_unicode_ci DEFAULT NULL,
  `created_at` timestamp NULL DEFAULT NULL,
  `updated_at` timestamp NULL DEFAULT NULL,
  PRIMARY KEY (`id`),
  KEY `jugadores_equipo_id_foreign` (`equipo_id`),
  CONSTRAINT `jugadores_equipo_id_foreign` FOREIGN KEY (`equipo_id`) REFERENCES `equipos` (`id`) ON DELETE CASCADE
) ENGINE=InnoDB AUTO_INCREMENT=265 DEFAULT CHARSET=utf8mb4 COLLATE=utf8mb4_unicode_ci;

-- Volcando datos para la tabla zamora.jugadores: ~255 rows (aproximadamente)
REPLACE INTO `jugadores` (`id`, `nombre`, `numero`, `dni`, `equipo_id`, `foto`, `nacimiento`, `batea`, `lanza`, `created_at`, `updated_at`) VALUES
	(1, 'Yangelvis Quintero', 0, NULL, 1, NULL, NULL, 'Derecha', 'Derecha', '2024-12-15 17:41:38', '2024-12-15 17:41:38'),
	(2, 'Mauricio Salinas', 0, NULL, 1, NULL, NULL, 'Derecha', 'Derecha', '2024-12-15 17:41:53', '2024-12-15 17:41:53'),
	(3, 'Dylan Sanchez', 0, NULL, 1, NULL, NULL, 'Derecha', 'Derecha', '2024-12-15 17:42:05', '2024-12-15 17:42:05'),
	(4, 'Matias Sanz', 0, NULL, 1, NULL, NULL, 'Derecha', 'Derecha', '2024-12-15 17:42:20', '2024-12-15 17:42:20'),
	(5, 'Matias Blanco', 0, NULL, 1, NULL, NULL, 'Derecha', 'Derecha', '2024-12-15 17:42:30', '2024-12-15 17:42:30'),
	(6, 'Leonel Gutierrez', 0, NULL, 1, NULL, NULL, 'Derecha', 'Derecha', '2024-12-15 17:42:42', '2024-12-15 17:42:42'),
	(7, 'Deives Jaspe', 0, NULL, 1, NULL, NULL, 'Derecha', 'Derecha', '2024-12-15 17:42:57', '2024-12-15 17:42:57'),
	(8, 'Maximo Lovera', 0, NULL, 1, NULL, NULL, 'Derecha', 'Derecha', '2024-12-15 17:43:07', '2024-12-15 17:43:07'),
	(9, 'Moises Mujica', 0, NULL, 1, NULL, NULL, 'Derecha', 'Derecha', '2024-12-15 17:43:18', '2024-12-15 17:43:18'),
	(10, 'Yeison Herrera', 0, NULL, 1, NULL, NULL, 'Derecha', 'Derecha', '2024-12-15 17:43:36', '2024-12-15 17:43:36'),
	(11, 'Xavier Navas', 0, NULL, 1, NULL, NULL, 'Derecha', 'Derecha', '2024-12-15 17:43:45', '2024-12-15 17:43:45'),
	(12, 'Yoimeiner Salazar', 0, NULL, 1, NULL, NULL, 'Derecha', 'Derecha', '2024-12-15 17:44:27', '2024-12-15 17:44:27'),
	(13, 'Leonardo Bello', 0, NULL, 1, NULL, NULL, 'Derecha', 'Derecha', '2024-12-15 17:44:37', '2024-12-15 17:44:37'),
	(14, 'Daniel Silva', 0, NULL, 2, NULL, NULL, 'Derecha', 'Derecha', '2024-12-15 17:45:38', '2024-12-15 17:45:38'),
	(15, 'Alan Sanchez', 0, NULL, 2, NULL, NULL, 'Derecha', 'Derecha', '2024-12-15 17:45:48', '2024-12-15 17:45:48'),
	(16, 'Luis Bastidas', 0, NULL, 2, NULL, NULL, 'Derecha', 'Derecha', '2024-12-15 17:46:00', '2024-12-15 17:46:00'),
	(17, 'Luingerber Ojeda', 0, NULL, 2, NULL, NULL, 'Derecha', 'Derecha', '2024-12-15 17:46:16', '2024-12-15 17:46:16'),
	(18, 'Thiago Peña', 0, NULL, 2, NULL, NULL, 'Derecha', 'Derecha', '2024-12-15 17:46:45', '2024-12-15 17:46:45'),
	(19, 'Allan Sanchez', 0, NULL, 2, NULL, NULL, 'Derecha', 'Derecha', '2024-12-15 17:46:57', '2024-12-15 17:46:57'),
	(20, 'Gustavo Velásquez', 0, NULL, 2, NULL, NULL, 'Derecha', 'Derecha', '2024-12-15 17:47:25', '2024-12-15 17:47:25'),
	(21, 'Javier Pereira', 0, NULL, 2, NULL, NULL, 'Derecha', 'Derecha', '2024-12-15 17:47:39', '2024-12-15 17:47:39'),
	(22, 'Jilberson Ereipa', 0, NULL, 2, NULL, NULL, 'Derecha', 'Derecha', '2024-12-15 17:48:02', '2024-12-15 17:48:02'),
	(23, 'Gerson Porras', 0, NULL, 2, NULL, NULL, 'Derecha', 'Derecha', '2024-12-15 17:48:12', '2024-12-15 17:48:12'),
	(24, 'Oscar Ibarra', 0, NULL, 2, NULL, NULL, 'Derecha', 'Derecha', '2024-12-15 17:48:26', '2024-12-15 17:48:26'),
	(25, 'Yael Estanga', 0, NULL, 2, NULL, NULL, 'Derecha', 'Derecha', '2024-12-15 17:48:42', '2024-12-15 17:48:42'),
	(26, 'Santiago Montañes', 0, NULL, 2, NULL, NULL, 'Derecha', 'Derecha', '2024-12-15 17:48:56', '2024-12-15 17:48:56'),
	(27, 'Mathias Pimentel', 23, NULL, 3, NULL, NULL, 'Derecha', 'Derecha', '2024-12-15 23:54:56', '2024-12-15 23:55:56'),
	(28, 'Julio Leon', 53, NULL, 3, NULL, NULL, 'Derecha', 'Derecha', '2024-12-15 23:56:20', '2024-12-15 23:56:20'),
	(29, 'Sergio Calderon', 0, NULL, 3, NULL, NULL, 'Derecha', 'Derecha', '2024-12-15 23:56:55', '2024-12-15 23:57:43'),
	(30, 'Williamderson Lara', 0, NULL, 3, NULL, NULL, 'Derecha', 'Derecha', '2024-12-15 23:57:35', '2024-12-15 23:57:35'),
	(31, 'Mathias Sirizzotti', 4, NULL, 3, NULL, NULL, 'Derecha', 'Derecha', '2024-12-15 23:58:08', '2024-12-15 23:58:08'),
	(32, 'Victor Leiva', 0, NULL, 3, NULL, NULL, 'Derecha', 'Derecha', '2024-12-15 23:58:32', '2024-12-15 23:58:32'),
	(33, 'Rayner Regalado', 0, NULL, 3, NULL, NULL, 'Derecha', 'Derecha', '2024-12-15 23:58:46', '2024-12-15 23:58:46'),
	(34, 'Xavier Guerrero', 16, NULL, 3, NULL, NULL, 'Derecha', 'Derecha', '2024-12-15 23:59:01', '2024-12-15 23:59:01'),
	(35, 'Rodrigo Bordoñez', 7, NULL, 3, NULL, NULL, 'Derecha', 'Derecha', '2024-12-15 23:59:52', '2024-12-15 23:59:52'),
	(36, 'Elvis Mirabal', 6, NULL, 3, NULL, NULL, 'Derecha', 'Derecha', '2024-12-16 00:00:26', '2024-12-16 00:00:26'),
	(37, 'Alan Garcia', 0, NULL, 3, NULL, NULL, 'Derecha', 'Derecha', '2024-12-16 00:00:37', '2024-12-16 00:00:37'),
	(38, 'Dugleiker Toro', 0, NULL, 3, NULL, NULL, 'Derecha', 'Derecha', '2024-12-16 00:01:36', '2024-12-16 00:02:03'),
	(39, 'Mathias Avila', 23, NULL, 4, NULL, NULL, 'Derecha', 'Derecha', '2024-12-16 00:03:18', '2024-12-16 00:03:18'),
	(40, 'Moises Ruiz', 8, NULL, 4, NULL, NULL, 'Derecha', 'Derecha', '2024-12-16 00:03:37', '2024-12-16 00:03:37'),
	(41, 'Iker Diaz', 53, NULL, 4, NULL, NULL, 'Derecha', 'Derecha', '2024-12-16 00:03:55', '2024-12-16 00:03:55'),
	(42, 'Mathias Venegas', 17, NULL, 4, NULL, NULL, 'Derecha', 'Derecha', '2024-12-16 00:04:14', '2024-12-16 00:04:14'),
	(43, 'Lian Gonzalez', 6, NULL, 4, NULL, NULL, 'Derecha', 'Derecha', '2024-12-16 00:04:31', '2024-12-16 00:04:31'),
	(44, 'Antuan Rengifo', 7, NULL, 4, NULL, NULL, 'Derecha', 'Derecha', '2024-12-16 00:04:51', '2024-12-16 00:08:45'),
	(45, 'Uriel Piñango', 47, NULL, 4, NULL, NULL, 'Derecha', 'Derecha', '2024-12-16 00:05:10', '2024-12-16 00:05:10'),
	(46, 'Grendels Urbina', 21, NULL, 4, NULL, NULL, 'Derecha', 'Derecha', '2024-12-16 00:05:58', '2024-12-16 00:05:58'),
	(47, 'Andryk Rojas', 0, NULL, 4, NULL, NULL, 'Derecha', 'Derecha', '2024-12-16 00:06:39', '2024-12-16 00:06:39'),
	(48, 'Adrian Useche', 19, NULL, 4, NULL, NULL, 'Derecha', 'Derecha', '2024-12-16 00:06:54', '2024-12-16 00:08:24'),
	(49, 'Oliver Correa', 13, NULL, 4, NULL, NULL, 'Derecha', 'Derecha', '2024-12-16 00:07:11', '2024-12-16 00:07:11'),
	(50, 'Dreysler Torres', 0, NULL, 4, NULL, NULL, 'Derecha', 'Derecha', '2024-12-16 00:07:43', '2024-12-16 00:07:43'),
	(51, 'Ibrahim Ayala', 11, NULL, 4, NULL, NULL, 'Derecha', 'Derecha', '2024-12-16 00:08:05', '2024-12-16 00:08:05'),
	(52, 'Aran Cucunuba', 0, NULL, 5, NULL, NULL, 'Derecha', 'Derecha', '2024-12-16 00:12:23', '2024-12-16 00:12:23'),
	(53, 'Mathias Prada', 0, NULL, 5, NULL, NULL, 'Derecha', 'Derecha', '2024-12-16 00:12:37', '2024-12-16 00:12:37'),
	(54, 'Kevin Ochoa', 0, NULL, 5, NULL, NULL, 'Derecha', 'Derecha', '2024-12-16 00:12:45', '2024-12-16 00:12:45'),
	(55, 'Diego Cueva', 0, NULL, 5, NULL, NULL, 'Derecha', 'Derecha', '2024-12-16 00:12:58', '2024-12-16 00:12:58'),
	(56, 'Jorge Cabrera', 0, NULL, 5, NULL, NULL, 'Derecha', 'Derecha', '2024-12-16 00:13:09', '2024-12-16 00:13:09'),
	(57, 'Saul Yanes', 0, NULL, 5, NULL, NULL, 'Derecha', 'Derecha', '2024-12-16 00:13:22', '2024-12-16 00:13:22'),
	(58, 'Enmanuel Rodriguez', 0, NULL, 5, NULL, NULL, 'Derecha', 'Derecha', '2024-12-16 00:13:34', '2024-12-16 00:13:34'),
	(59, 'Andres Laya', 0, NULL, 5, NULL, NULL, 'Derecha', 'Derecha', '2024-12-16 00:13:45', '2024-12-16 00:13:45'),
	(60, 'Angel Delgado', 0, NULL, 5, NULL, NULL, 'Derecha', 'Derecha', '2024-12-16 00:13:55', '2024-12-16 00:13:55'),
	(61, 'Santiago Forrero', 0, NULL, 5, NULL, NULL, 'Derecha', 'Derecha', '2024-12-16 00:14:17', '2024-12-16 00:14:17'),
	(62, 'Andrus Aleman', 0, NULL, 5, NULL, NULL, 'Derecha', 'Derecha', '2024-12-16 00:14:42', '2024-12-16 00:14:42'),
	(63, 'Santiago Abab', 0, NULL, 6, NULL, NULL, 'Derecha', 'Derecha', '2024-12-16 00:18:41', '2024-12-16 00:18:41'),
	(64, 'Gabriel Arrieche', 0, NULL, 6, NULL, NULL, 'Derecha', 'Derecha', '2024-12-16 00:19:43', '2024-12-16 00:19:43'),
	(65, 'Samuel Cardona', 0, NULL, 6, NULL, NULL, 'Derecha', 'Derecha', '2024-12-16 00:19:55', '2024-12-16 00:19:55'),
	(66, 'Santiago Castellanos', 0, NULL, 6, NULL, NULL, 'Derecha', 'Derecha', '2024-12-16 00:20:10', '2024-12-16 00:20:10'),
	(67, 'Samuel Castellanos', 0, NULL, 6, NULL, NULL, 'Derecha', 'Derecha', '2024-12-16 00:20:23', '2024-12-16 00:20:23'),
	(68, 'Luciano Chacon', 0, NULL, 6, NULL, NULL, 'Derecha', 'Derecha', '2024-12-16 00:20:37', '2024-12-16 00:20:37'),
	(69, 'Juan Escobar', 0, NULL, 6, NULL, NULL, 'Derecha', 'Derecha', '2024-12-16 00:20:52', '2024-12-16 00:20:52'),
	(70, 'Sebastian Gonzalez', 0, NULL, 6, NULL, NULL, 'Derecha', 'Derecha', '2024-12-16 00:21:05', '2024-12-16 00:21:05'),
	(71, 'Moises Hernandez', 0, NULL, 6, NULL, NULL, 'Derecha', 'Derecha', '2024-12-16 00:21:18', '2024-12-16 00:21:18'),
	(72, 'Mathias Moreno', 0, NULL, 6, NULL, NULL, 'Derecha', 'Derecha', '2024-12-16 00:21:33', '2024-12-16 00:21:33'),
	(73, 'Thiago Rodriguez', 0, NULL, 6, NULL, NULL, 'Derecha', 'Derecha', '2024-12-16 00:21:50', '2024-12-16 00:21:50'),
	(74, 'Wilmer Silva', 0, NULL, 6, NULL, NULL, 'Derecha', 'Derecha', '2024-12-16 00:22:06', '2024-12-16 00:22:06'),
	(75, 'Santiago Tamayo', 0, NULL, 6, NULL, NULL, 'Derecha', 'Derecha', '2024-12-16 00:22:24', '2024-12-16 00:22:24'),
	(76, 'Noriel Jimenez', 0, NULL, 7, NULL, NULL, 'Derecha', 'Derecha', '2024-12-16 00:25:07', '2024-12-16 00:25:07'),
	(77, 'Milan Salinas', 0, NULL, 7, NULL, NULL, 'Derecha', 'Derecha', '2024-12-16 00:26:08', '2024-12-16 00:26:08'),
	(78, 'Gabriel Graterol', 0, NULL, 7, NULL, NULL, 'Derecha', 'Derecha', '2024-12-16 00:26:18', '2024-12-16 00:26:18'),
	(79, 'Deylan Sanchez', 0, NULL, 7, NULL, NULL, 'Derecha', 'Derecha', '2024-12-16 00:26:33', '2024-12-16 00:26:33'),
	(80, 'Francisco Cueva', 0, NULL, 7, NULL, NULL, 'Derecha', 'Derecha', '2024-12-16 00:26:45', '2024-12-16 00:26:45'),
	(81, 'Miguel A. Campos', 0, NULL, 7, NULL, NULL, 'Derecha', 'Derecha', '2024-12-16 00:27:00', '2024-12-16 00:27:00'),
	(82, 'Andres Estrada', 0, NULL, 7, NULL, NULL, 'Derecha', 'Derecha', '2024-12-16 00:27:10', '2024-12-16 00:27:10'),
	(83, 'Santiago David', 0, NULL, 7, NULL, NULL, 'Derecha', 'Derecha', '2024-12-16 00:27:22', '2024-12-16 00:27:22'),
	(84, 'Kleiver Ruiz', 0, NULL, 7, NULL, NULL, 'Derecha', 'Derecha', '2024-12-16 00:27:33', '2024-12-16 00:27:33'),
	(85, 'Angel Guaramato', 0, NULL, 7, NULL, NULL, 'Derecha', 'Derecha', '2024-12-16 00:27:47', '2024-12-16 00:27:47'),
	(86, 'Elian Graterol', 0, NULL, 8, NULL, NULL, 'Derecha', 'Derecha', '2024-12-16 00:29:34', '2024-12-16 00:29:34'),
	(87, 'Roiman Petaquero', 0, NULL, 8, NULL, NULL, 'Derecha', 'Derecha', '2024-12-16 00:29:49', '2024-12-16 00:29:49'),
	(88, 'Mathias Henny H.', 0, NULL, 8, NULL, NULL, 'Derecha', 'Derecha', '2024-12-16 00:30:12', '2024-12-16 00:30:12'),
	(89, 'Orlando Arias', 0, NULL, 8, NULL, NULL, 'Derecha', 'Derecha', '2024-12-16 00:30:25', '2024-12-16 00:30:25'),
	(90, 'Vithores Puertas', 0, NULL, 8, NULL, NULL, 'Derecha', 'Derecha', '2024-12-16 00:30:45', '2024-12-16 00:30:45'),
	(91, 'Carlos Zanella', 0, NULL, 8, NULL, NULL, 'Derecha', 'Derecha', '2024-12-16 00:31:03', '2024-12-16 00:31:03'),
	(92, 'Miguel Ascanio', 0, NULL, 8, NULL, NULL, 'Derecha', 'Derecha', '2024-12-16 00:31:15', '2024-12-16 00:31:15'),
	(93, 'Juan Moreno', 0, NULL, 8, NULL, NULL, 'Derecha', 'Derecha', '2024-12-16 00:31:24', '2024-12-16 00:31:24'),
	(94, 'Jesus Gonzalez', 0, NULL, 8, NULL, NULL, 'Derecha', 'Derecha', '2024-12-16 00:31:37', '2024-12-16 00:31:37'),
	(95, 'Mathias Guzman', 0, NULL, 8, NULL, NULL, 'Derecha', 'Derecha', '2024-12-16 00:31:59', '2024-12-16 00:31:59'),
	(96, 'Roinert Moreno', 0, NULL, 8, NULL, NULL, 'Derecha', 'Derecha', '2024-12-16 00:32:16', '2024-12-16 00:32:16'),
	(97, 'Mathias Array', 0, NULL, 8, NULL, NULL, 'Derecha', 'Derecha', '2024-12-16 00:32:28', '2024-12-16 00:32:28'),
	(98, 'Diego Veliz', 0, NULL, 9, NULL, NULL, 'Derecha', 'Derecha', '2024-12-16 00:35:25', '2024-12-16 00:35:25'),
	(99, 'Yoandy Marrero', 0, NULL, 9, NULL, NULL, 'Derecha', 'Derecha', '2024-12-16 00:35:37', '2024-12-16 00:35:37'),
	(100, 'Yorbin Ceuta', 0, NULL, 9, NULL, NULL, 'Derecha', 'Derecha', '2024-12-16 00:35:55', '2024-12-16 00:35:55'),
	(101, 'Luis Chacon', 0, NULL, 9, NULL, NULL, 'Derecha', 'Derecha', '2024-12-16 00:36:05', '2024-12-16 00:36:05'),
	(102, 'Oswaldo Coronado', 0, NULL, 9, NULL, NULL, 'Derecha', 'Derecha', '2024-12-16 00:38:05', '2024-12-16 00:38:05'),
	(103, 'Luis Navas', 0, NULL, 9, NULL, NULL, 'Derecha', 'Derecha', '2024-12-16 00:38:15', '2024-12-16 00:38:15'),
	(104, 'Dayverson Palacio', 0, NULL, 9, NULL, NULL, 'Derecha', 'Derecha', '2024-12-16 00:38:33', '2024-12-16 00:38:33'),
	(105, 'Angel Granada', 0, NULL, 9, NULL, NULL, 'Derecha', 'Derecha', '2024-12-16 00:38:46', '2024-12-16 00:38:46'),
	(106, 'Alejandro Arena', 0, NULL, 9, NULL, NULL, 'Derecha', 'Derecha', '2024-12-16 00:39:00', '2024-12-16 00:39:00'),
	(107, 'Jhosep Palma', 24, NULL, 10, NULL, NULL, 'Derecha', 'Derecha', '2024-12-16 00:43:11', '2024-12-16 00:47:08'),
	(108, 'Jose Alvarez', 27, NULL, 10, NULL, NULL, 'Derecha', 'Derecha', '2024-12-16 00:43:21', '2024-12-16 00:47:22'),
	(109, 'Hank Hernandez', 13, NULL, 10, NULL, NULL, 'Derecha', 'Derecha', '2024-12-16 00:43:35', '2024-12-16 00:46:48'),
	(110, 'Roger Ovalles', 33, NULL, 10, NULL, NULL, 'Derecha', 'Derecha', '2024-12-16 00:43:47', '2024-12-16 00:47:35'),
	(111, 'Gabriel Villarroel', 0, NULL, 10, NULL, NULL, 'Derecha', 'Derecha', '2024-12-16 00:44:06', '2024-12-16 00:44:06'),
	(112, 'Santiago Sanchez', 25, NULL, 10, NULL, NULL, 'Derecha', 'Derecha', '2024-12-16 00:44:25', '2024-12-16 00:44:25'),
	(113, 'Williams Gallardo', 11, NULL, 10, NULL, NULL, 'Derecha', 'Derecha', '2024-12-16 00:44:45', '2024-12-16 00:44:45'),
	(114, 'Elian Goncalvez', 99, NULL, 10, NULL, NULL, 'Derecha', 'Derecha', '2024-12-16 00:45:09', '2024-12-16 00:45:09'),
	(115, 'Sebastian Mejias', 27, NULL, 10, NULL, NULL, 'Derecha', 'Derecha', '2024-12-16 00:45:24', '2024-12-16 00:45:24'),
	(116, 'Jhedemy Perez', 14, NULL, 10, NULL, NULL, 'Derecha', 'Derecha', '2024-12-16 00:45:55', '2024-12-16 00:45:55'),
	(117, 'Juan Cordoba', 73, NULL, 10, NULL, NULL, 'Derecha', 'Derecha', '2024-12-16 00:46:07', '2024-12-16 00:46:07'),
	(118, 'Luisangel Merchan', 0, NULL, 7, NULL, NULL, 'Derecha', 'Derecha', '2024-12-16 00:49:49', '2024-12-16 00:49:49'),
	(119, 'Matias Sequim', 0, NULL, 7, NULL, NULL, 'Derecha', 'Derecha', '2024-12-16 00:50:10', '2024-12-16 00:50:10'),
	(120, 'Jeremias Perez', 0, NULL, 7, NULL, NULL, 'Derecha', 'Derecha', '2024-12-16 00:50:24', '2024-12-16 00:50:24'),
	(121, 'Gael Parejo', 0, NULL, 7, NULL, NULL, 'Derecha', 'Derecha', '2024-12-16 00:50:36', '2024-12-16 00:50:36'),
	(122, 'Ranses Claro', 0, NULL, 7, NULL, NULL, 'Derecha', 'Derecha', '2024-12-16 00:51:15', '2024-12-16 00:51:15'),
	(123, 'Angel Cegarra', 0, NULL, 12, NULL, NULL, 'Derecha', 'Derecha', '2024-12-16 00:53:39', '2024-12-16 00:53:39'),
	(124, 'Francisco Michelena', 19, NULL, 12, NULL, NULL, 'Derecha', 'Derecha', '2024-12-16 00:53:56', '2024-12-16 00:53:56'),
	(125, 'Eduardo Lopez', 13, NULL, 12, NULL, NULL, 'Derecha', 'Derecha', '2024-12-16 00:54:42', '2024-12-16 00:54:42'),
	(126, 'Santiago Díaz', 53, NULL, 12, NULL, NULL, 'Derecha', 'Derecha', '2024-12-16 00:55:09', '2024-12-16 00:55:09'),
	(127, 'Eduards Acosta', 0, NULL, 12, NULL, NULL, 'Derecha', 'Derecha', '2024-12-16 00:55:33', '2024-12-16 00:55:33'),
	(128, 'Mathew Nuñez', 0, NULL, 12, NULL, NULL, 'Derecha', 'Derecha', '2024-12-16 00:55:51', '2024-12-16 00:55:51'),
	(129, 'Gabriel Martinez', 23, NULL, 12, NULL, NULL, 'Derecha', 'Derecha', '2024-12-16 00:56:07', '2024-12-16 00:56:07'),
	(130, 'Samuel Hernandez', 15, NULL, 12, NULL, NULL, 'Derecha', 'Derecha', '2024-12-16 00:56:20', '2024-12-16 00:56:20'),
	(131, 'Diego Lozada', 10, NULL, 12, NULL, NULL, 'Derecha', 'Derecha', '2024-12-16 00:56:33', '2024-12-16 00:56:33'),
	(132, 'Angelo Bravo', 0, NULL, 12, NULL, NULL, 'Derecha', 'Derecha', '2024-12-16 00:56:54', '2024-12-16 00:56:54'),
	(133, 'Abraham Guissa', 12, NULL, 12, NULL, NULL, 'Derecha', 'Derecha', '2024-12-16 00:57:16', '2024-12-16 00:57:16'),
	(134, 'Johander Rivero', 12, NULL, 12, NULL, NULL, 'Derecha', 'Derecha', '2024-12-16 00:57:35', '2024-12-16 00:57:35'),
	(135, 'Deyberson Acosta', 0, NULL, 12, NULL, NULL, 'Derecha', 'Derecha', '2024-12-16 00:57:54', '2024-12-16 00:57:54'),
	(136, 'Alan Tochon', 0, NULL, 12, NULL, NULL, 'Derecha', 'Derecha', '2024-12-16 00:58:17', '2024-12-16 00:58:17'),
	(137, 'Gustavo Blanco', 0, NULL, 12, NULL, NULL, 'Derecha', 'Derecha', '2024-12-16 01:08:46', '2024-12-16 01:08:46'),
	(138, 'Santiago Guzman', 0, NULL, 12, NULL, NULL, 'Derecha', 'Derecha', '2024-12-16 01:09:11', '2024-12-16 01:09:11'),
	(139, 'Steven Lara', 10, NULL, 11, NULL, NULL, 'Derecha', 'Derecha', '2024-12-16 01:09:52', '2024-12-16 01:10:26'),
	(140, 'Santiago Ruda', 7, NULL, 11, NULL, NULL, 'Derecha', 'Derecha', '2024-12-16 01:10:02', '2024-12-16 01:10:15'),
	(141, 'Adrian Ramos', 13, NULL, 11, NULL, NULL, 'Derecha', 'Derecha', '2024-12-16 01:10:39', '2024-12-16 01:10:39'),
	(142, 'Rayner Regalado 1', 30, NULL, 11, NULL, NULL, 'Derecha', 'Derecha', '2024-12-16 01:12:27', '2024-12-16 01:12:27'),
	(143, 'Yeifred Suarez', 30, NULL, 11, NULL, NULL, 'Derecha', 'Derecha', '2024-12-16 01:12:56', '2024-12-16 01:12:56'),
	(144, 'Kelvin Jaramillo', 23, NULL, 11, NULL, NULL, 'Derecha', 'Derecha', '2024-12-16 01:13:34', '2024-12-16 01:13:34'),
	(145, 'Andres Trejo', 15, NULL, 11, NULL, NULL, 'Derecha', 'Derecha', '2024-12-16 01:13:45', '2024-12-16 01:14:25'),
	(146, 'Neomar Castro', 17, NULL, 11, NULL, NULL, 'Derecha', 'Derecha', '2024-12-16 01:13:59', '2024-12-16 01:14:15'),
	(147, 'Samuel York', 53, NULL, 11, NULL, NULL, 'Derecha', 'Derecha', '2024-12-16 01:14:52', '2024-12-16 01:14:52'),
	(148, 'Christopher Jimenez', 9, NULL, 11, NULL, NULL, 'Derecha', 'Derecha', '2024-12-16 01:15:15', '2024-12-16 01:15:15'),
	(149, 'Antony Mier', 13, NULL, 11, NULL, NULL, 'Derecha', 'Derecha', '2024-12-16 01:15:39', '2024-12-16 01:15:39'),
	(150, 'Abraham Alvarez', 0, NULL, 11, NULL, NULL, 'Derecha', 'Derecha', '2024-12-16 01:15:53', '2024-12-16 01:15:53'),
	(151, 'Santiago Hidalgo', 0, NULL, 13, NULL, NULL, 'Derecha', 'Derecha', '2024-12-16 01:31:44', '2024-12-16 01:31:44'),
	(152, 'Jesus Espinoza', 0, NULL, 13, NULL, NULL, 'Derecha', 'Derecha', '2024-12-16 01:31:55', '2024-12-16 01:31:55'),
	(153, 'Raul Sanchez', 0, NULL, 13, NULL, NULL, 'Derecha', 'Derecha', '2024-12-16 01:32:05', '2024-12-16 01:32:05'),
	(154, 'Steven Somoza', 0, NULL, 13, NULL, NULL, 'Derecha', 'Derecha', '2024-12-16 01:33:09', '2024-12-16 01:33:09'),
	(155, 'Josue Alayon', 0, NULL, 13, NULL, NULL, 'Derecha', 'Derecha', '2024-12-16 01:33:23', '2024-12-16 01:33:23'),
	(156, 'Luciano Perez', 0, NULL, 13, NULL, NULL, 'Derecha', 'Derecha', '2024-12-16 01:33:38', '2024-12-16 01:33:38'),
	(157, 'Erick Ojeda', 0, NULL, 13, NULL, NULL, 'Derecha', 'Derecha', '2024-12-16 01:33:48', '2024-12-16 01:33:48'),
	(158, 'Manuel Agros', 0, NULL, 13, NULL, NULL, 'Derecha', 'Derecha', '2024-12-16 01:34:00', '2024-12-16 01:34:00'),
	(159, 'Alejandro Vergara', 0, NULL, 13, NULL, NULL, 'Derecha', 'Derecha', '2024-12-16 01:34:11', '2024-12-16 01:34:11'),
	(160, 'Leiker Hernandez', 0, NULL, 14, NULL, NULL, 'Derecha', 'Derecha', '2024-12-16 01:39:04', '2024-12-16 01:39:04'),
	(161, 'Edualbert Castro', 0, NULL, 14, NULL, NULL, 'Derecha', 'Derecha', '2024-12-16 01:39:33', '2024-12-16 01:39:33'),
	(162, 'William Silva', 0, NULL, 14, NULL, NULL, 'Derecha', 'Derecha', '2024-12-16 01:39:44', '2024-12-16 01:39:44'),
	(163, 'Marcos Pirona', 0, NULL, 14, NULL, NULL, 'Derecha', 'Derecha', '2024-12-16 01:39:56', '2024-12-16 01:39:56'),
	(164, 'Fraiber Sojo', 0, NULL, 14, NULL, NULL, 'Derecha', 'Derecha', '2024-12-16 01:40:09', '2024-12-16 01:40:09'),
	(165, 'Adrian Flores', 0, NULL, 14, NULL, NULL, 'Derecha', 'Derecha', '2024-12-16 01:40:21', '2024-12-16 01:40:21'),
	(166, 'Anthony Castillo', 0, NULL, 14, NULL, NULL, 'Derecha', 'Derecha', '2024-12-16 01:40:38', '2024-12-16 01:40:38'),
	(167, 'Obiangel Perez', 0, NULL, 14, NULL, NULL, 'Derecha', 'Derecha', '2024-12-16 01:40:58', '2024-12-16 01:40:58'),
	(168, 'Hector Ochoa', 0, NULL, 14, NULL, NULL, 'Derecha', 'Derecha', '2024-12-16 01:41:18', '2024-12-16 01:41:18'),
	(169, 'Leonardo Ojeda', 0, NULL, 14, NULL, NULL, 'Derecha', 'Derecha', '2024-12-16 01:41:30', '2024-12-16 01:41:30'),
	(170, 'Enmanuel Ruiz', 0, NULL, 14, NULL, NULL, 'Derecha', 'Derecha', '2024-12-16 01:41:51', '2024-12-16 01:41:51'),
	(171, 'Royker Betancour', 0, NULL, 14, NULL, NULL, 'Derecha', 'Derecha', '2024-12-16 01:42:22', '2024-12-16 01:42:22'),
	(172, 'Xavier Montiel', 0, NULL, 14, NULL, NULL, 'Derecha', 'Derecha', '2024-12-16 01:42:40', '2024-12-16 01:42:40'),
	(173, 'Jonathan Gonzalez', 0, NULL, 14, NULL, NULL, 'Derecha', 'Derecha', '2024-12-16 01:43:05', '2024-12-16 01:43:05'),
	(174, 'Wilfred Sequera', 0, NULL, 14, NULL, NULL, 'Derecha', 'Derecha', '2024-12-16 01:43:29', '2024-12-16 01:43:29'),
	(175, 'Roman Yanez', 0, NULL, 14, NULL, NULL, 'Derecha', 'Derecha', '2024-12-16 01:43:45', '2024-12-16 01:43:45'),
	(176, 'Jose Segovia', 0, NULL, 14, NULL, NULL, 'Derecha', 'Derecha', '2024-12-16 01:43:59', '2024-12-16 01:43:59'),
	(177, 'Jose Melendez', 0, NULL, 15, NULL, NULL, 'Derecha', 'Derecha', '2024-12-16 01:47:17', '2024-12-29 15:49:24'),
	(178, 'Johandry Rangel', 0, NULL, 15, NULL, NULL, 'Derecha', 'Derecha', '2024-12-16 01:48:37', '2024-12-16 01:48:37'),
	(179, 'Aaron Quilarte', 0, NULL, 15, NULL, NULL, 'Derecha', 'Derecha', '2024-12-16 01:48:50', '2024-12-16 01:48:50'),
	(180, 'Eduardo Ferrer', 0, NULL, 15, NULL, NULL, 'Derecha', 'Derecha', '2024-12-16 01:49:02', '2024-12-16 01:49:02'),
	(181, 'Deylan Lira', 0, NULL, 15, NULL, NULL, 'Derecha', 'Derecha', '2024-12-16 01:50:02', '2024-12-16 01:50:02'),
	(182, 'Anthony Fernandez', 0, NULL, 15, NULL, NULL, 'Derecha', 'Derecha', '2024-12-16 01:50:23', '2024-12-16 01:50:23'),
	(183, 'Ezequiel Rodriguez', 0, NULL, 15, NULL, NULL, 'Derecha', 'Derecha', '2024-12-16 01:50:48', '2024-12-16 01:50:48'),
	(184, 'Leonardo Ramirez', 0, NULL, 15, NULL, NULL, 'Derecha', 'Derecha', '2024-12-16 01:51:01', '2024-12-16 01:51:01'),
	(185, 'Aron Mujica', 0, NULL, 15, NULL, NULL, 'Derecha', 'Derecha', '2024-12-16 01:51:43', '2024-12-16 01:51:43'),
	(186, 'Franger Vargas', 0, NULL, 15, NULL, NULL, 'Derecha', 'Derecha', '2024-12-16 01:51:54', '2024-12-16 01:51:54'),
	(187, 'Samuel Campos', 0, NULL, 15, NULL, NULL, 'Derecha', 'Derecha', '2024-12-16 01:52:09', '2024-12-16 01:52:09'),
	(195, 'Cristopher Justin', 0, NULL, 9, NULL, NULL, 'Derecha', 'Derecha', '2024-12-16 02:21:56', '2024-12-16 02:21:56'),
	(196, 'Royner Perozo', 0, NULL, 17, NULL, NULL, 'Derecha', 'Derecha', '2024-12-16 02:39:28', '2024-12-16 02:39:28'),
	(197, 'Miguel Muñoz', 0, NULL, 17, NULL, NULL, 'Derecha', 'Derecha', '2024-12-16 02:39:45', '2024-12-16 02:39:45'),
	(198, 'Zaid Machado', 0, NULL, 17, NULL, NULL, 'Derecha', 'Derecha', '2024-12-16 02:39:56', '2024-12-16 02:39:56'),
	(199, 'Fabian Fajardo', 0, NULL, 17, NULL, NULL, 'Derecha', 'Derecha', '2024-12-16 02:40:11', '2024-12-16 02:40:11'),
	(200, 'Erick Lopez', 0, NULL, 17, NULL, NULL, 'Derecha', 'Derecha', '2024-12-16 02:40:25', '2024-12-16 02:40:25'),
	(201, 'Jose Lossada', 0, NULL, 17, NULL, NULL, 'Derecha', 'Derecha', '2024-12-16 02:40:37', '2024-12-16 02:40:37'),
	(202, 'Matias Solorzano', 0, NULL, 17, NULL, NULL, 'Derecha', 'Derecha', '2024-12-16 02:40:58', '2024-12-16 02:40:58'),
	(203, 'Sebastian Rodriguez', 0, NULL, 17, NULL, NULL, 'Derecha', 'Derecha', '2024-12-16 02:41:12', '2024-12-16 02:41:12'),
	(204, 'Fabian Machado', 0, NULL, 17, NULL, NULL, 'Derecha', 'Derecha', '2024-12-16 02:41:24', '2024-12-16 02:41:24'),
	(205, 'Abel Andrade', 0, NULL, 17, NULL, NULL, 'Derecha', 'Derecha', '2024-12-16 02:41:39', '2024-12-16 02:41:39'),
	(206, 'Elinyer Oringuen', 0, NULL, 18, NULL, NULL, 'Derecha', 'Derecha', '2024-12-16 02:43:49', '2024-12-16 02:43:49'),
	(207, 'Kevin Capote', 0, NULL, 18, NULL, NULL, 'Derecha', 'Derecha', '2024-12-16 02:45:12', '2024-12-16 02:45:12'),
	(208, 'Ckeysder Blanco', 0, NULL, 18, NULL, NULL, 'Derecha', 'Derecha', '2024-12-16 02:45:30', '2024-12-16 02:45:30'),
	(209, 'Daniel Carrasquel', 0, NULL, 18, NULL, NULL, 'Derecha', 'Derecha', '2024-12-16 02:45:41', '2024-12-16 02:45:41'),
	(210, 'Jean Franco Martinez', 0, NULL, 18, NULL, NULL, 'Derecha', 'Derecha', '2024-12-16 02:45:55', '2024-12-16 02:45:55'),
	(211, 'Francisco Suarez', 0, NULL, 18, NULL, NULL, 'Derecha', 'Derecha', '2024-12-16 02:46:12', '2024-12-16 02:46:12'),
	(212, 'Royker Monroy', 0, NULL, 18, NULL, NULL, 'Derecha', 'Derecha', '2024-12-16 02:46:36', '2024-12-16 02:46:36'),
	(213, 'Xavier Jaspe', 0, NULL, 18, NULL, NULL, 'Derecha', 'Derecha', '2024-12-16 02:46:50', '2024-12-16 02:46:50'),
	(214, 'Carlos Rodriguez', 0, NULL, 18, NULL, NULL, 'Derecha', 'Derecha', '2024-12-16 02:47:04', '2024-12-16 02:47:04'),
	(215, 'Jesus Guevara', 0, NULL, 18, NULL, NULL, 'Derecha', 'Derecha', '2024-12-16 02:47:16', '2024-12-16 02:47:16'),
	(216, 'Jesus Jaspe', 0, NULL, 18, NULL, NULL, 'Derecha', 'Derecha', '2024-12-16 02:47:26', '2024-12-16 02:47:26'),
	(217, 'Santiago Leal', 0, NULL, 18, NULL, NULL, 'Derecha', 'Derecha', '2024-12-16 02:47:36', '2024-12-16 02:47:36'),
	(218, 'Luis Carrasquel', 0, NULL, 18, NULL, NULL, 'Derecha', 'Derecha', '2024-12-16 02:47:51', '2024-12-16 02:47:51'),
	(219, 'Leonardo Lugo', 0, NULL, 18, NULL, NULL, 'Derecha', 'Derecha', '2024-12-16 02:48:03', '2024-12-16 02:48:03'),
	(220, 'Miguel Palacios', 0, NULL, 19, NULL, NULL, 'Derecha', 'Derecha', '2024-12-16 02:50:50', '2024-12-16 02:50:50'),
	(221, 'Aaron Rodriguez', 0, NULL, 19, NULL, NULL, 'Derecha', 'Derecha', '2024-12-16 02:51:03', '2024-12-16 02:51:03'),
	(222, 'Pablo Espinoza', 0, NULL, 19, NULL, NULL, 'Derecha', 'Derecha', '2024-12-16 02:51:12', '2024-12-16 02:51:12'),
	(223, 'Yangel Piñango', 0, NULL, 19, NULL, NULL, 'Derecha', 'Derecha', '2024-12-16 02:51:25', '2024-12-16 02:51:25'),
	(224, 'Sebastian Colmenares', 0, NULL, 19, NULL, NULL, 'Derecha', 'Derecha', '2024-12-16 02:51:43', '2024-12-16 02:51:43'),
	(225, 'Moises Gil', 0, NULL, 19, NULL, NULL, 'Derecha', 'Derecha', '2024-12-16 02:51:54', '2024-12-16 02:51:54'),
	(226, 'Angel Berroteran', 0, NULL, 19, NULL, NULL, 'Derecha', 'Derecha', '2024-12-16 02:52:05', '2024-12-16 02:52:05'),
	(227, 'Alex Rodriguez', 0, NULL, 19, NULL, NULL, 'Derecha', 'Derecha', '2024-12-16 02:52:23', '2024-12-16 02:52:23'),
	(228, 'Samuel Lovera', 0, NULL, 19, NULL, NULL, 'Derecha', 'Derecha', '2024-12-16 02:52:33', '2024-12-16 02:52:33'),
	(229, 'Efrain Flores', 10, NULL, 20, NULL, NULL, 'Derecha', 'Derecha', '2024-12-16 02:54:00', '2024-12-16 02:54:00'),
	(230, 'Jonas Prieto', 11, NULL, 20, NULL, NULL, 'Derecha', 'Derecha', '2024-12-16 02:54:24', '2024-12-16 02:54:24'),
	(231, 'Adan Flores', 27, NULL, 20, NULL, NULL, 'Derecha', 'Derecha', '2024-12-16 02:54:36', '2024-12-16 02:54:36'),
	(232, 'Roiner Echenique', 13, NULL, 20, NULL, NULL, 'Derecha', 'Derecha', '2024-12-16 02:54:58', '2024-12-16 02:54:58'),
	(233, 'Cristopher Mulato', 25, NULL, 20, NULL, NULL, 'Derecha', 'Derecha', '2024-12-16 02:55:27', '2024-12-16 02:55:27'),
	(234, 'Francisco Anaya', 23, NULL, 20, NULL, NULL, 'Derecha', 'Derecha', '2024-12-16 02:55:46', '2024-12-16 02:55:46'),
	(235, 'Joswar Flores', 24, NULL, 20, NULL, NULL, 'Derecha', 'Derecha', '2024-12-16 02:56:07', '2024-12-16 02:56:07'),
	(236, 'Johander Mejias', 15, NULL, 20, NULL, NULL, 'Derecha', 'Derecha', '2024-12-16 02:56:27', '2024-12-16 02:56:27'),
	(237, 'Rikly Perez', 12, NULL, 20, NULL, NULL, 'Derecha', 'Derecha', '2024-12-16 02:56:47', '2024-12-16 02:56:47'),
	(238, 'Cesar Marcano', 5, NULL, 20, NULL, NULL, 'Derecha', 'Derecha', '2024-12-16 02:57:04', '2024-12-16 02:57:04'),
	(239, 'Cristopher Ledezma', 18, NULL, 20, NULL, NULL, 'Derecha', 'Derecha', '2024-12-16 02:57:43', '2024-12-16 02:57:43'),
	(240, 'Luis Hernandez', 0, NULL, 21, NULL, NULL, 'Derecha', 'Derecha', '2024-12-16 02:59:51', '2024-12-16 02:59:51'),
	(241, 'Javier Hernandez', 0, NULL, 21, NULL, NULL, 'Derecha', 'Derecha', '2024-12-16 03:00:06', '2024-12-16 03:00:06'),
	(242, 'Fabian Vera', 0, NULL, 21, NULL, NULL, 'Derecha', 'Derecha', '2024-12-16 03:00:17', '2024-12-16 03:00:17'),
	(243, 'Ronaldo Cruz', 0, NULL, 21, NULL, NULL, 'Derecha', 'Derecha', '2024-12-16 03:00:38', '2024-12-16 03:00:38'),
	(244, 'Abel Colina', 0, NULL, 21, NULL, NULL, 'Derecha', 'Derecha', '2024-12-16 03:00:50', '2024-12-16 03:00:50'),
	(245, 'Keny Rodriguez', 0, NULL, 21, NULL, NULL, 'Derecha', 'Derecha', '2024-12-16 03:01:02', '2024-12-16 03:01:02'),
	(246, 'Adrian Ponce', 0, NULL, 21, NULL, NULL, 'Derecha', 'Derecha', '2024-12-16 03:01:17', '2024-12-16 03:01:17'),
	(247, 'Sebastian Goatache', 0, NULL, 21, NULL, NULL, 'Derecha', 'Derecha', '2024-12-16 03:02:02', '2024-12-16 03:02:02'),
	(248, 'Elvis Berroteran', 0, NULL, 21, NULL, NULL, 'Derecha', 'Derecha', '2024-12-16 03:02:30', '2024-12-16 03:02:30'),
	(249, 'Victor Perera', 0, NULL, 21, NULL, NULL, 'Derecha', 'Derecha', '2024-12-16 03:02:48', '2024-12-16 03:02:48'),
	(250, 'Greison Abache', 0, NULL, 21, NULL, NULL, 'Derecha', 'Derecha', '2024-12-16 03:03:09', '2024-12-16 03:03:09'),
	(251, 'Jose Pestana', 0, NULL, 21, NULL, NULL, 'Derecha', 'Derecha', '2024-12-16 03:03:18', '2024-12-16 03:03:18'),
	(252, 'Yoangel Flores', 98, NULL, 22, NULL, NULL, 'Derecha', 'Derecha', '2024-12-16 03:05:03', '2024-12-16 03:05:03'),
	(253, 'Antonio Ramirez', 10, NULL, 22, NULL, NULL, 'Derecha', 'Derecha', '2024-12-16 03:05:15', '2024-12-16 03:05:15'),
	(254, 'Carlos Origuen', 30, NULL, 22, NULL, NULL, 'Derecha', 'Derecha', '2024-12-16 03:05:35', '2024-12-16 03:05:35'),
	(255, 'Sebastian Pavone', 48, NULL, 22, NULL, NULL, 'Derecha', 'Derecha', '2024-12-16 03:05:54', '2024-12-16 03:05:54'),
	(256, 'José Leon', 9, NULL, 22, NULL, NULL, 'Derecha', 'Derecha', '2024-12-16 03:06:13', '2024-12-16 03:06:13'),
	(257, 'Leonardo Reyes', 17, NULL, 22, NULL, NULL, 'Derecha', 'Derecha', '2024-12-16 03:06:26', '2024-12-16 03:06:26'),
	(258, 'Neyker Rosas', 6, NULL, 22, NULL, NULL, 'Derecha', 'Derecha', '2024-12-16 03:06:50', '2024-12-16 03:06:50'),
	(259, 'Victor Gonzalez', 16, NULL, 22, NULL, NULL, 'Derecha', 'Derecha', '2024-12-16 03:07:03', '2024-12-16 03:07:03'),
	(260, 'Renny Hernandez', 21, NULL, 22, NULL, NULL, 'Derecha', 'Derecha', '2024-12-16 03:07:21', '2024-12-16 03:07:21'),
	(261, 'Ronald Hernandez', 15, NULL, 22, NULL, NULL, 'Derecha', 'Derecha', '2024-12-16 03:07:46', '2024-12-16 03:07:46'),
	(262, 'Joswar Castillo', 13, NULL, 22, NULL, NULL, 'Derecha', 'Derecha', '2024-12-16 03:08:09', '2024-12-16 03:08:09');

-- Volcando estructura para tabla zamora.jugadores_defensivas
CREATE TABLE IF NOT EXISTS `jugadores_defensivas` (
  `id` bigint unsigned NOT NULL AUTO_INCREMENT,
  `juego_id` bigint unsigned DEFAULT NULL,
  `fecha` varchar(20) COLLATE utf8mb4_unicode_ci DEFAULT NULL,
  `jugador_id` bigint unsigned DEFAULT NULL,
  `oponente_id` bigint unsigned DEFAULT NULL,
  `liga_id` bigint unsigned DEFAULT NULL,
  `campeonato_id` bigint unsigned DEFAULT NULL,
  `categoria_id` bigint unsigned DEFAULT NULL,
  `juegos` int DEFAULT '0',
  `posicion` int DEFAULT '0',
  `innings` double DEFAULT '0',
  `outs` int DEFAULT '0',
  `asistencias` int DEFAULT '0',
  `errores` int DEFAULT '0',
  `porcentaje_fildeo` double DEFAULT '0',
  `recopilador_id` bigint unsigned DEFAULT NULL,
  `created_at` timestamp NULL DEFAULT NULL,
  `updated_at` timestamp NULL DEFAULT NULL,
  PRIMARY KEY (`id`),
  KEY `jugadores_defensivas_juego_id_foreign` (`juego_id`),
  KEY `jugadores_defensivas_jugador_id_foreign` (`jugador_id`),
  KEY `jugadores_defensivas_oponente_id_foreign` (`oponente_id`),
  KEY `jugadores_defensivas_liga_id_foreign` (`liga_id`),
  KEY `jugadores_defensivas_campeonato_id_foreign` (`campeonato_id`),
  KEY `jugadores_defensivas_categoria_id_foreign` (`categoria_id`),
  KEY `jugadores_defensivas_recopilador_id_foreign` (`recopilador_id`),
  CONSTRAINT `jugadores_defensivas_campeonato_id_foreign` FOREIGN KEY (`campeonato_id`) REFERENCES `campeonatos` (`id`) ON DELETE CASCADE,
  CONSTRAINT `jugadores_defensivas_categoria_id_foreign` FOREIGN KEY (`categoria_id`) REFERENCES `categorias` (`id`) ON DELETE CASCADE,
  CONSTRAINT `jugadores_defensivas_juego_id_foreign` FOREIGN KEY (`juego_id`) REFERENCES `calendarios` (`id`) ON DELETE CASCADE,
  CONSTRAINT `jugadores_defensivas_jugador_id_foreign` FOREIGN KEY (`jugador_id`) REFERENCES `jugadores` (`id`) ON DELETE CASCADE,
  CONSTRAINT `jugadores_defensivas_liga_id_foreign` FOREIGN KEY (`liga_id`) REFERENCES `ligas` (`id`) ON DELETE CASCADE,
  CONSTRAINT `jugadores_defensivas_oponente_id_foreign` FOREIGN KEY (`oponente_id`) REFERENCES `equipos` (`id`) ON DELETE CASCADE,
  CONSTRAINT `jugadores_defensivas_recopilador_id_foreign` FOREIGN KEY (`recopilador_id`) REFERENCES `users` (`id`) ON DELETE CASCADE
) ENGINE=InnoDB AUTO_INCREMENT=371 DEFAULT CHARSET=utf8mb4 COLLATE=utf8mb4_unicode_ci;

-- Volcando datos para la tabla zamora.jugadores_defensivas: ~344 rows (aproximadamente)
REPLACE INTO `jugadores_defensivas` (`id`, `juego_id`, `fecha`, `jugador_id`, `oponente_id`, `liga_id`, `campeonato_id`, `categoria_id`, `juegos`, `posicion`, `innings`, `outs`, `asistencias`, `errores`, `porcentaje_fildeo`, `recopilador_id`, `created_at`, `updated_at`) VALUES
	(1, 1, '23/11/2024', 1, 2, 1, 1, 1, 1, 4, 2, 0, 1, 0, 1000, NULL, '2024-12-15 17:52:24', '2024-12-15 18:58:22'),
	(2, 1, '23/11/2024', 2, 2, 1, 1, 1, 1, 8, 5, 1, 0, 0, 1000, NULL, '2024-12-15 17:52:24', '2024-12-15 19:00:25'),
	(3, 1, '23/11/2024', 3, 2, 1, 1, 1, 1, 6, 4, 2, 2, 0, 1000, NULL, '2024-12-15 17:52:24', '2024-12-15 19:01:44'),
	(4, 1, '23/11/2024', 4, 2, 1, 1, 1, 1, 2, 5, 5, 0, 0, 1000, NULL, '2024-12-15 17:52:24', '2024-12-15 19:03:32'),
	(5, 1, '23/11/2024', 5, 2, 1, 1, 1, 0, 0, 0, 0, 0, 0, 0, NULL, '2024-12-15 17:52:24', '2024-12-15 17:52:24'),
	(6, 1, '23/11/2024', 6, 2, 1, 1, 1, 1, 3, 5, 6, 0, 0, 1000, NULL, '2024-12-15 17:52:24', '2024-12-15 19:05:44'),
	(7, 1, '23/11/2024', 7, 2, 1, 1, 1, 1, 7, 5, 1, 0, 0, 1000, NULL, '2024-12-15 17:52:24', '2024-12-15 19:06:51'),
	(8, 1, '23/11/2024', 8, 2, 1, 1, 1, 1, 5, 2, 0, 0, 0, 0, NULL, '2024-12-15 17:52:24', '2024-12-15 19:09:01'),
	(9, 1, '23/11/2024', 9, 2, 1, 1, 1, 1, 9, 5, 0, 0, 0, 0, NULL, '2024-12-15 17:52:24', '2024-12-15 19:12:05'),
	(10, 1, '23/11/2024', 10, 2, 1, 1, 1, 1, 4, 0, 0, 0, 0, 0, NULL, '2024-12-15 17:52:25', '2024-12-15 19:14:17'),
	(11, 1, '23/11/2024', 11, 2, 1, 1, 1, 1, 5, 3, 0, 1, 0, 1000, NULL, '2024-12-15 17:52:25', '2024-12-15 19:10:58'),
	(12, 1, '23/11/2024', 12, 2, 1, 1, 1, 0, 0, 0, 0, 0, 0, 0, NULL, '2024-12-15 17:52:25', '2024-12-15 17:52:25'),
	(13, 1, '23/11/2024', 13, 2, 1, 1, 1, 1, 5, 3, 0, 0, 0, 0, NULL, '2024-12-15 17:52:25', '2024-12-15 18:56:53'),
	(14, 1, '23/11/2024', 14, 1, 1, 1, 1, 1, 4, 4, 2, 0, 0, 1000, NULL, '2024-12-15 17:52:25', '2024-12-15 21:58:32'),
	(15, 1, '23/11/2024', 15, 1, 1, 1, 1, 1, 3, 5, 1, 1, 0, 1000, NULL, '2024-12-15 17:52:25', '2024-12-15 22:02:47'),
	(16, 1, '23/11/2024', 16, 1, 1, 1, 1, 1, 1, 4.33, 0, 0, 0, 0, NULL, '2024-12-15 17:52:25', '2024-12-15 22:05:25'),
	(17, 1, '23/11/2024', 17, 1, 1, 1, 1, 1, 6, 5, 2, 0, 0, 1000, NULL, '2024-12-15 17:52:25', '2024-12-15 22:08:37'),
	(18, 1, '23/11/2024', 18, 1, 1, 1, 1, 1, 2, 5, 9, 0, 0, 1000, NULL, '2024-12-15 17:52:25', '2024-12-15 22:12:45'),
	(19, 1, '23/11/2024', 19, 1, 1, 1, 1, 1, 9, 5, 0, 0, 0, 0, NULL, '2024-12-15 17:52:25', '2024-12-15 22:16:51'),
	(20, 1, '23/11/2024', 20, 1, 1, 1, 1, 1, 5, 4, 0, 0, 0, 0, NULL, '2024-12-15 17:52:25', '2024-12-15 22:19:14'),
	(21, 1, '23/11/2024', 21, 1, 1, 1, 1, 1, 8, 5, 1, 0, 0, 1000, NULL, '2024-12-15 17:52:26', '2024-12-15 22:25:53'),
	(22, 1, '23/11/2024', 22, 1, 1, 1, 1, 1, 7, 4.33, 0, 0, 0, 0, NULL, '2024-12-15 17:52:26', '2024-12-15 22:28:27'),
	(23, 1, '23/11/2024', 23, 1, 1, 1, 1, 0, 0, 0, 0, 0, 0, 0, NULL, '2024-12-15 17:52:26', '2024-12-15 17:52:26'),
	(24, 1, '23/11/2024', 24, 1, 1, 1, 1, 1, 5, 1, 0, 1, 0, 1000, NULL, '2024-12-15 17:52:26', '2024-12-15 22:17:28'),
	(25, 1, '23/11/2024', 25, 1, 1, 1, 1, 1, 4, 0.66, 0, 0, 0, 0, NULL, '2024-12-15 17:52:26', '2024-12-15 21:59:30'),
	(26, 1, '23/11/2024', 26, 1, 1, 1, 1, 1, 4, 0.33, 0, 0, 0, 0, NULL, '2024-12-15 17:52:26', '2024-12-15 21:59:06'),
	(27, 1, '23/11/2024', 3, 2, NULL, 1, 1, 1, 1, 1, 0, 0, 0, 0, NULL, '2024-12-15 19:02:14', '2024-12-15 19:02:14'),
	(28, 1, '23/11/2024', 16, 2, NULL, 1, 1, 1, 8, 0.66, 0, 0, 0, 0, NULL, '2024-12-15 22:05:56', '2024-12-15 22:05:56'),
	(29, 1, '23/11/2024', 22, 2, NULL, 1, 1, 1, 1, 0.66, 0, 0, 0, 0, NULL, '2024-12-15 22:28:53', '2024-12-15 22:28:53'),
	(30, 2, '23/11/2024', 240, 22, 1, 5, 4, 1, 5, 3, 0, 1, 0, 1000, NULL, '2024-12-16 03:29:44', '2024-12-16 03:33:29'),
	(31, 2, '23/11/2024', 241, 22, 1, 5, 4, 1, 2, 7, 15, 0, 0, 1000, NULL, '2024-12-16 03:29:44', '2024-12-16 03:39:52'),
	(32, 2, '23/11/2024', 242, 22, 1, 5, 4, 1, 6, 7, 0, 1, 0, 1000, NULL, '2024-12-16 03:29:44', '2024-12-16 03:41:35'),
	(33, 2, '23/11/2024', 243, 22, 1, 5, 4, 1, 3, 3, 4, 0, 1, 800, NULL, '2024-12-16 03:29:44', '2024-12-16 03:47:44'),
	(34, 2, '23/11/2024', 244, 22, 1, 5, 4, 1, 7, 3, 0, 0, 1, 0, NULL, '2024-12-16 03:29:45', '2024-12-16 03:49:45'),
	(35, 2, '23/11/2024', 245, 22, 1, 5, 4, 1, 8, 3, 0, 0, 0, 0, NULL, '2024-12-16 03:29:45', '2024-12-16 03:51:21'),
	(36, 2, '23/11/2024', 246, 22, 1, 5, 4, 1, 9, 7, 0, 0, 0, 0, NULL, '2024-12-16 03:29:45', '2024-12-16 03:54:48'),
	(37, 2, '23/11/2024', 247, 22, 1, 5, 4, 1, 1, 5, 0, 0, 0, 0, NULL, '2024-12-16 03:29:45', '2024-12-16 03:56:15'),
	(38, 2, '23/11/2024', 248, 22, 1, 5, 4, 1, 4, 5, 1, 0, 0, 1000, NULL, '2024-12-16 03:29:45', '2024-12-16 03:58:05'),
	(39, 2, '23/11/2024', 249, 22, 1, 5, 4, 1, 8, 4, 0, 0, 0, 0, NULL, '2024-12-16 03:29:45', '2024-12-16 03:36:50'),
	(40, 2, '23/11/2024', 250, 22, 1, 5, 4, 0, 0, 0, 0, 0, 0, 0, NULL, '2024-12-16 03:29:45', '2024-12-16 03:29:45'),
	(41, 2, '23/11/2024', 251, 22, 1, 5, 4, 0, 0, 0, 0, 0, 0, 0, NULL, '2024-12-16 03:29:45', '2024-12-16 03:29:45'),
	(42, 2, '23/11/2024', 252, 21, 1, 5, 4, 1, 5, 6, 0, 0, 1, 0, NULL, '2024-12-16 03:29:45', '2024-12-16 04:09:16'),
	(43, 2, '23/11/2024', 253, 21, 1, 5, 4, 1, 2, 7, 10, 2, 0, 1000, NULL, '2024-12-16 03:29:46', '2024-12-16 04:10:45'),
	(44, 2, '23/11/2024', 254, 21, 1, 5, 4, 1, 6, 5, 0, 2, 0, 1000, NULL, '2024-12-16 03:29:46', '2024-12-16 04:11:59'),
	(45, 2, '23/11/2024', 255, 21, 1, 5, 4, 1, 3, 7, 6, 0, 0, 1000, NULL, '2024-12-16 03:29:46', '2024-12-16 04:14:32'),
	(46, 2, '23/11/2024', 256, 21, 1, 5, 4, 1, 7, 5, 0, 1, 0, 1000, NULL, '2024-12-16 03:29:46', '2024-12-16 04:15:37'),
	(47, 2, '23/11/2024', 257, 21, 1, 5, 4, 1, 1, 5, 0, 0, 0, 0, NULL, '2024-12-16 03:29:46', '2024-12-16 04:17:14'),
	(48, 2, '23/11/2024', 258, 21, 1, 5, 4, 1, 9, 3, 0, 0, 0, 0, NULL, '2024-12-16 03:29:46', '2024-12-16 04:19:01'),
	(49, 2, '23/11/2024', 259, 21, 1, 5, 4, 1, 4, 3, 0, 1, 0, 1000, NULL, '2024-12-16 03:29:46', '2024-12-16 04:23:54'),
	(50, 2, '23/11/2024', 260, 21, 1, 5, 4, 1, 8, 7, 2, 0, 0, 1000, NULL, '2024-12-16 03:29:46', '2024-12-16 04:25:09'),
	(51, 2, '23/11/2024', 261, 21, 1, 5, 4, 1, 9, 4, 1, 1, 0, 1000, NULL, '2024-12-16 03:29:46', '2024-12-16 04:20:14'),
	(52, 2, '23/11/2024', 262, 21, 1, 5, 4, 1, 4, 4, 0, 0, 2, 0, NULL, '2024-12-16 03:29:46', '2024-12-16 04:21:38'),
	(53, 2, '23/11/2024', 243, 22, NULL, 5, 4, 1, 7, 4, 0, 0, 0, 0, NULL, '2024-12-16 03:48:20', '2024-12-16 03:48:20'),
	(54, 2, '23/11/2024', 244, 22, NULL, 5, 4, 1, 5, 4, 0, 1, 0, 1000, NULL, '2024-12-16 03:50:28', '2024-12-16 03:50:28'),
	(55, 2, '23/11/2024', 245, 22, NULL, 5, 4, 1, 3, 4, 1, 0, 0, 1000, NULL, '2024-12-16 03:51:56', '2024-12-16 03:51:56'),
	(56, 2, '23/11/2024', 247, 22, NULL, 5, 4, 1, 4, 2, 0, 0, 0, 0, NULL, '2024-12-16 03:56:43', '2024-12-16 03:56:43'),
	(57, 2, '23/11/2024', 248, 22, NULL, 5, 4, 1, 1, 2, 0, 0, 0, 0, NULL, '2024-12-16 03:58:34', '2024-12-16 03:58:34'),
	(58, 2, '23/11/2024', 252, 22, NULL, 5, 4, 1, 1, 1, 0, 1, 0, 1000, NULL, '2024-12-16 04:09:50', '2024-12-16 04:09:50'),
	(59, 2, '23/11/2024', 254, 22, NULL, 5, 4, 1, 1, 1, 0, 1, 0, 1000, NULL, '2024-12-16 04:12:27', '2024-12-16 04:12:27'),
	(60, 2, '23/11/2024', 254, 22, NULL, 5, 4, 1, 5, 1, 0, 0, 0, 0, NULL, '2024-12-16 04:13:03', '2024-12-16 04:13:03'),
	(61, 2, '23/11/2024', 256, 22, NULL, 5, 4, 1, 6, 2, 2, 0, 0, 1000, NULL, '2024-12-16 04:16:18', '2024-12-16 04:16:18'),
	(62, 2, '23/11/2024', 257, 22, NULL, 5, 4, 1, 7, 2, 0, 1, 0, 1000, NULL, '2024-12-16 04:17:45', '2024-12-16 04:17:45'),
	(63, 3, '23/11/2024', 229, 19, 1, 4, 5, 1, 9, 5, 0, 1, 0, 1000, NULL, '2024-12-16 17:17:30', '2024-12-16 17:19:21'),
	(64, 3, '23/11/2024', 230, 19, 1, 4, 5, 1, 6, 2.66, 0, 1, 0, 1000, NULL, '2024-12-16 17:17:30', '2024-12-16 17:22:44'),
	(65, 3, '23/11/2024', 231, 19, 1, 4, 5, 1, 5, 2.66, 0, 0, 0, 0, NULL, '2024-12-16 17:17:30', '2024-12-16 17:24:23'),
	(66, 3, '23/11/2024', 232, 19, 1, 4, 5, 1, 2, 5, 4, 0, 1, 800, NULL, '2024-12-16 17:17:30', '2024-12-16 17:26:59'),
	(67, 3, '23/11/2024', 233, 19, 1, 4, 5, 1, 4, 5, 2, 3, 0, 1000, NULL, '2024-12-16 17:17:30', '2024-12-16 17:28:00'),
	(68, 3, '23/11/2024', 234, 19, 1, 4, 5, 1, 3, 2.66, 2, 0, 0, 1000, NULL, '2024-12-16 17:17:31', '2024-12-16 17:29:28'),
	(69, 3, '23/11/2024', 235, 19, 1, 4, 5, 1, 1, 2.66, 0, 0, 0, 0, NULL, '2024-12-16 17:17:31', '2024-12-16 17:31:22'),
	(70, 3, '23/11/2024', 236, 19, 1, 4, 5, 1, 8, 5, 2, 0, 0, 1000, NULL, '2024-12-16 17:17:31', '2024-12-16 17:33:00'),
	(71, 3, '23/11/2024', 237, 19, 1, 4, 5, 1, 7, 2.66, 0, 0, 0, 0, NULL, '2024-12-16 17:17:31', '2024-12-16 17:34:11'),
	(72, 3, '23/11/2024', 238, 19, 1, 4, 5, 0, 0, 0, 0, 0, 0, 0, NULL, '2024-12-16 17:17:31', '2024-12-16 17:17:31'),
	(73, 3, '23/11/2024', 239, 19, 1, 4, 5, 0, 0, 0, 0, 0, 0, 0, NULL, '2024-12-16 17:17:32', '2024-12-16 17:17:32'),
	(74, 3, '23/11/2024', 220, 20, 1, 4, 5, 1, 5, 0.66, 0, 0, 0, 0, NULL, '2024-12-16 17:17:32', '2024-12-16 17:36:44'),
	(75, 3, '23/11/2024', 221, 20, 1, 4, 5, 1, 4, 5, 2, 0, 0, 1000, NULL, '2024-12-16 17:17:32', '2024-12-16 17:38:11'),
	(76, 3, '23/11/2024', 222, 20, 1, 4, 5, 1, 6, 5, 1, 1, 1, 666.66666666667, NULL, '2024-12-16 17:17:32', '2024-12-16 17:39:47'),
	(77, 3, '23/11/2024', 223, 20, 1, 4, 5, 1, 3, 0.66, 0, 0, 0, 0, NULL, '2024-12-16 17:17:33', '2024-12-16 17:41:07'),
	(78, 3, '23/11/2024', 224, 20, 1, 4, 5, 1, 2, 5, 6, 2, 0, 1000, NULL, '2024-12-16 17:17:33', '2024-12-16 17:42:38'),
	(79, 3, '23/11/2024', 225, 20, 1, 4, 5, 1, 8, 5, 0, 0, 0, 0, NULL, '2024-12-16 17:17:33', '2024-12-16 17:43:40'),
	(80, 3, '23/11/2024', 226, 20, 1, 4, 5, 1, 1, 0.66, 0, 0, 0, 0, NULL, '2024-12-16 17:17:33', '2024-12-16 17:44:35'),
	(81, 3, '23/11/2024', 227, 20, 1, 4, 5, 1, 7, 5, 0, 0, 0, 0, NULL, '2024-12-16 17:17:34', '2024-12-16 17:45:31'),
	(82, 3, '23/11/2024', 228, 20, 1, 4, 5, 1, 9, 5, 1, 2, 0, 1000, NULL, '2024-12-16 17:17:34', '2024-12-16 17:47:01'),
	(83, 3, '23/11/2024', 230, 19, NULL, 4, 5, 1, 1, 2.33, 0, 1, 0, 1000, NULL, '2024-12-16 17:23:10', '2024-12-16 17:23:10'),
	(84, 3, '23/11/2024', 231, 19, NULL, 4, 5, 1, 6, 2.33, 0, 1, 0, 1000, NULL, '2024-12-16 17:25:00', '2024-12-16 17:25:00'),
	(85, 3, '23/11/2024', 234, 19, NULL, 4, 5, 1, 5, 2.33, 0, 1, 1, 500, NULL, '2024-12-16 17:30:05', '2024-12-16 17:30:05'),
	(86, 3, '23/11/2024', 235, 19, NULL, 4, 5, 1, 7, 2.33, 0, 0, 0, 0, NULL, '2024-12-16 17:31:47', '2024-12-16 17:31:47'),
	(87, 3, '23/11/2024', 237, 19, NULL, 4, 5, 1, 3, 2.33, 5, 0, 0, 1000, NULL, '2024-12-16 17:34:59', '2024-12-16 17:34:59'),
	(88, 3, '23/11/2024', 220, 19, NULL, 4, 5, 1, 1, 4.33, 0, 4, 0, 1000, NULL, '2024-12-16 17:37:14', '2024-12-16 17:37:14'),
	(89, 3, '23/11/2024', 223, 19, NULL, 4, 5, 1, 5, 4.33, 3, 0, 0, 1000, NULL, '2024-12-16 17:41:40', '2024-12-16 17:41:40'),
	(90, 3, '23/11/2024', 226, 19, NULL, 4, 5, 1, 3, 4.33, 2, 0, 0, 1000, NULL, '2024-12-16 17:45:05', '2024-12-16 17:45:05'),
	(91, 4, '13/11/2024', 196, 18, 1, 4, 5, 1, 6, 3, 2, 1, 0, 1000, NULL, '2024-12-16 18:00:24', '2024-12-16 18:03:50'),
	(92, 4, '13/11/2024', 197, 18, 1, 4, 5, 1, 7, 3, 0, 0, 0, 0, NULL, '2024-12-16 18:00:24', '2024-12-16 18:41:17'),
	(93, 4, '13/11/2024', 198, 18, 1, 4, 5, 1, 3, 3, 2, 1, 0, 1000, NULL, '2024-12-16 18:00:24', '2024-12-16 18:43:05'),
	(94, 4, '13/11/2024', 199, 18, 1, 4, 5, 1, 2, 3, 5, 1, 0, 1000, NULL, '2024-12-16 18:00:24', '2024-12-16 18:44:50'),
	(95, 4, '13/11/2024', 200, 18, 1, 4, 5, 1, 8, 3, 0, 0, 0, 0, NULL, '2024-12-16 18:00:24', '2024-12-16 18:45:51'),
	(96, 4, '13/11/2024', 201, 18, 1, 4, 5, 1, 1, 3, 0, 0, 0, 0, NULL, '2024-12-16 18:00:24', '2024-12-16 18:46:51'),
	(97, 4, '13/11/2024', 202, 18, 1, 4, 5, 0, 0, 0, 0, 0, 0, 0, NULL, '2024-12-16 18:00:24', '2024-12-16 18:00:24'),
	(98, 4, '13/11/2024', 203, 18, 1, 4, 5, 1, 5, 3, 0, 1, 0, 1000, NULL, '2024-12-16 18:00:24', '2024-12-16 18:50:10'),
	(99, 4, '13/11/2024', 204, 18, 1, 4, 5, 1, 4, 3, 0, 1, 0, 1000, NULL, '2024-12-16 18:00:25', '2024-12-16 18:51:18'),
	(100, 4, '13/11/2024', 205, 18, 1, 4, 5, 1, 9, 3, 0, 0, 0, 0, NULL, '2024-12-16 18:00:25', '2024-12-16 18:52:40'),
	(101, 4, '13/11/2024', 206, 17, 1, 4, 5, 1, 6, 3.33, 0, 1, 1, 500, NULL, '2024-12-16 18:00:25', '2024-12-16 18:53:43'),
	(102, 4, '13/11/2024', 207, 17, 1, 4, 5, 1, 5, 4, 0, 2, 0, 1000, NULL, '2024-12-16 18:00:25', '2024-12-16 18:55:13'),
	(103, 4, '13/11/2024', 208, 17, 1, 4, 5, 1, 8, 1, 2, 0, 0, 1000, NULL, '2024-12-16 18:00:25', '2024-12-16 18:56:03'),
	(104, 4, '13/11/2024', 209, 17, 1, 4, 5, 0, 0, 0, 0, 0, 0, 0, NULL, '2024-12-16 18:00:25', '2024-12-16 18:00:25'),
	(105, 4, '13/11/2024', 210, 17, 1, 4, 5, 1, 2, 2, 1, 0, 0, 1000, NULL, '2024-12-16 18:00:25', '2024-12-16 18:58:12'),
	(106, 4, '13/11/2024', 211, 17, 1, 4, 5, 1, 3, 2, 1, 0, 0, 1000, NULL, '2024-12-16 18:00:25', '2024-12-16 18:59:46'),
	(107, 4, '13/11/2024', 212, 17, 1, 4, 5, 1, 4, 4, 2, 2, 0, 1000, NULL, '2024-12-16 18:00:25', '2024-12-16 19:00:22'),
	(108, 4, '13/11/2024', 213, 17, 1, 4, 5, 1, 7, 3, 1, 0, 0, 1000, NULL, '2024-12-16 18:00:25', '2024-12-16 19:01:36'),
	(109, 4, '13/11/2024', 214, 17, 1, 4, 5, 1, 9, 3, 0, 0, 0, 0, NULL, '2024-12-16 18:00:25', '2024-12-16 19:02:46'),
	(110, 4, '13/11/2024', 215, 17, 1, 4, 5, 1, 1, 1, 1, 1, 0, 1000, NULL, '2024-12-16 18:00:25', '2024-12-16 19:04:54'),
	(111, 4, '13/11/2024', 216, 17, 1, 4, 5, 1, 8, 1, 0, 0, 0, 0, NULL, '2024-12-16 18:00:25', '2024-12-16 19:06:33'),
	(112, 4, '13/11/2024', 217, 17, 1, 4, 5, 1, 7, 1, 0, 0, 0, 0, NULL, '2024-12-16 18:00:25', '2024-12-16 19:01:16'),
	(113, 4, '13/11/2024', 218, 17, 1, 4, 5, 1, 9, 1, 0, 0, 0, 0, NULL, '2024-12-16 18:00:25', '2024-12-16 19:02:30'),
	(114, 4, '13/11/2024', 219, 17, 1, 4, 5, 1, 3, 2, 4, 0, 0, 1000, NULL, '2024-12-16 18:00:25', '2024-12-16 18:59:23'),
	(115, 4, '13/11/2024', 196, 18, NULL, 4, 5, 1, 4, 1, 0, 1, 0, 1000, NULL, '2024-12-16 18:04:14', '2024-12-16 18:04:14'),
	(116, 4, '13/11/2024', 197, 18, NULL, 4, 5, 1, 3, 1, 1, 0, 0, 1000, NULL, '2024-12-16 18:41:36', '2024-12-16 18:41:36'),
	(117, 4, '13/11/2024', 198, 18, NULL, 4, 5, 1, 5, 1, 0, 0, 0, 0, NULL, '2024-12-16 18:43:18', '2024-12-16 18:43:18'),
	(118, 4, '13/11/2024', 199, 18, NULL, 4, 5, 1, 8, 1, 0, 0, 0, 0, NULL, '2024-12-16 18:45:05', '2024-12-16 18:45:05'),
	(119, 4, '13/11/2024', 200, 18, NULL, 4, 5, 1, 7, 1, 0, 0, 0, 0, NULL, '2024-12-16 18:46:08', '2024-12-16 18:46:08'),
	(120, 4, '13/11/2024', 201, 18, NULL, 4, 5, 1, 9, 1, 1, 0, 0, 1000, NULL, '2024-12-16 18:47:16', '2024-12-16 18:47:16'),
	(121, 4, '13/11/2024', 203, 18, NULL, 4, 5, 1, 2, 1, 0, 0, 0, 0, NULL, '2024-12-16 18:50:25', '2024-12-16 18:50:25'),
	(122, 4, '13/11/2024', 204, 18, NULL, 4, 5, 1, 6, 1, 1, 0, 0, 1000, NULL, '2024-12-16 18:51:37', '2024-12-16 18:51:37'),
	(123, 4, '13/11/2024', 205, 18, NULL, 4, 5, 1, 1, 1, 0, 0, 0, 0, NULL, '2024-12-16 18:52:54', '2024-12-16 18:52:54'),
	(124, 4, '13/11/2024', 206, 18, NULL, 4, 5, 1, 1, 0.66, 0, 0, 0, 0, NULL, '2024-12-16 18:54:16', '2024-12-16 18:54:16'),
	(125, 4, '13/11/2024', 208, 18, NULL, 4, 5, 1, 1, 2.33, 0, 1, 0, 1000, NULL, '2024-12-16 18:56:26', '2024-12-16 18:56:26'),
	(126, 4, '13/11/2024', 208, 18, NULL, 4, 5, 1, 6, 0.66, 0, 1, 0, 1000, NULL, '2024-12-16 18:56:49', '2024-12-16 18:56:49'),
	(127, 4, '13/11/2024', 210, 18, NULL, 4, 5, 1, 8, 2, 0, 0, 0, 0, NULL, '2024-12-16 18:58:26', '2024-12-16 18:58:26'),
	(128, 4, '13/11/2024', 216, 18, NULL, 4, 5, 1, 2, 2, 0, 0, 0, 0, NULL, '2024-12-16 19:06:54', '2024-12-16 19:06:54'),
	(129, 5, '30/11/2024', 98, 10, 1, 2, 3, 1, 7, 2, 0, 0, 0, 0, NULL, '2024-12-16 20:27:06', '2024-12-17 02:13:21'),
	(130, 5, '30/11/2024', 99, 10, 1, 2, 3, 1, 3, 4, 1, 0, 0, 1000, NULL, '2024-12-16 20:27:06', '2024-12-17 02:15:26'),
	(131, 5, '30/11/2024', 100, 10, 1, 2, 3, 1, 6, 4, 0, 1, 0, 1000, NULL, '2024-12-16 20:27:06', '2024-12-17 02:16:27'),
	(132, 5, '30/11/2024', 101, 10, 1, 2, 3, 1, 1, 3, 1, 0, 0, 1000, NULL, '2024-12-16 20:27:07', '2024-12-17 02:17:07'),
	(133, 5, '30/11/2024', 102, 10, 1, 2, 3, 1, 2, 4, 6, 0, 0, 1000, NULL, '2024-12-16 20:27:07', '2024-12-17 02:18:53'),
	(134, 5, '30/11/2024', 103, 10, 1, 2, 3, 1, 4, 4, 1, 1, 0, 1000, NULL, '2024-12-16 20:27:07', '2024-12-17 02:19:44'),
	(135, 5, '30/11/2024', 104, 10, 1, 2, 3, 1, 5, 3, 0, 0, 0, 0, NULL, '2024-12-16 20:27:07', '2024-12-17 02:20:32'),
	(136, 5, '30/11/2024', 105, 10, 1, 2, 3, 1, 9, 4, 0, 0, 0, 0, NULL, '2024-12-16 20:27:07', '2024-12-17 02:22:14'),
	(137, 5, '30/11/2024', 106, 10, 1, 2, 3, 1, 8, 4, 0, 0, 0, 0, NULL, '2024-12-16 20:27:07', '2024-12-17 02:23:00'),
	(138, 5, '30/11/2024', 195, 10, 1, 2, 3, 1, 7, 2, 0, 0, 0, 0, NULL, '2024-12-16 20:27:07', '2024-12-17 02:13:37'),
	(139, 5, '30/11/2024', 107, 9, 1, 2, 3, 1, 6, 0, 0, 0, 0, 0, NULL, '2024-12-16 20:27:07', '2024-12-17 02:31:08'),
	(140, 5, '30/11/2024', 108, 9, 1, 2, 3, 1, 1, 1, 0, 0, 0, 0, NULL, '2024-12-16 20:27:07', '2024-12-17 02:32:44'),
	(141, 5, '30/11/2024', 109, 9, 1, 2, 3, 1, 4, 1, 0, 0, 0, 0, NULL, '2024-12-16 20:27:07', '2024-12-17 02:34:41'),
	(142, 5, '30/11/2024', 110, 9, 1, 2, 3, 1, 2, 4, 7, 1, 1, 888.88888888889, NULL, '2024-12-16 20:27:07', '2024-12-17 02:37:16'),
	(143, 5, '30/11/2024', 111, 9, 1, 2, 3, 1, 5, 0, 0, 0, 0, 0, NULL, '2024-12-16 20:27:07', '2024-12-17 02:39:44'),
	(144, 5, '30/11/2024', 112, 9, 1, 2, 3, 1, 9, 4, 1, 0, 0, 1000, NULL, '2024-12-16 20:27:07', '2024-12-17 02:42:40'),
	(145, 5, '30/11/2024', 113, 9, 1, 2, 3, 1, 7, 3, 0, 0, 0, 0, NULL, '2024-12-16 20:27:07', '2024-12-17 02:43:25'),
	(146, 5, '30/11/2024', 114, 9, 1, 2, 3, 1, 8, 2, 0, 0, 0, 0, NULL, '2024-12-16 20:27:07', '2024-12-17 02:46:24'),
	(147, 5, '30/11/2024', 115, 9, 1, 2, 3, 1, 8, 1, 0, 0, 0, 0, NULL, '2024-12-16 20:27:08', '2024-12-17 02:45:23'),
	(148, 5, '30/11/2024', 116, 9, 1, 2, 3, 1, 3, 4, 0, 0, 0, 0, NULL, '2024-12-16 20:27:08', '2024-12-17 02:47:23'),
	(149, 5, '30/11/2024', 117, 9, 1, 2, 3, 0, 0, 0, 0, 0, 0, 0, NULL, '2024-12-16 20:27:08', '2024-12-16 20:27:08'),
	(150, 5, '30/11/2024', 101, 10, NULL, 2, 3, 1, 5, 1, 0, 0, 0, 0, NULL, '2024-12-17 02:17:35', '2024-12-17 02:17:35'),
	(151, 5, '30/11/2024', 104, 10, NULL, 2, 3, 1, 1, 1, 0, 0, 0, 0, NULL, '2024-12-17 02:21:14', '2024-12-17 02:21:14'),
	(152, 5, '30/11/2024', 107, 10, NULL, 2, 3, 1, 5, 4, 1, 1, 0, 1000, NULL, '2024-12-17 02:31:27', '2024-12-17 02:31:27'),
	(153, 5, '30/11/2024', 108, 10, NULL, 2, 3, 1, 6, 3, 0, 0, 0, 0, NULL, '2024-12-17 02:33:05', '2024-12-17 02:33:05'),
	(154, 5, '30/11/2024', 109, 10, NULL, 2, 3, 1, 8, 1, 0, 0, 0, 0, NULL, '2024-12-17 02:34:58', '2024-12-17 02:34:58'),
	(155, 5, '30/11/2024', 109, 10, NULL, 2, 3, 1, 4, 1, 0, 0, 0, 0, NULL, '2024-12-17 02:35:22', '2024-12-17 02:35:22'),
	(156, 5, '30/11/2024', 109, 10, NULL, 2, 3, 1, 1, 0, 0, 0, 0, 0, NULL, '2024-12-17 02:36:14', '2024-12-17 02:36:14'),
	(157, 5, '30/11/2024', 109, 10, NULL, 2, 3, 1, 7, 1, 0, 0, 0, 0, NULL, '2024-12-17 02:36:26', '2024-12-17 02:36:26'),
	(158, 5, '30/11/2024', 111, 10, NULL, 2, 3, 1, 6, 1, 0, 0, 0, 0, NULL, '2024-12-17 02:40:00', '2024-12-17 02:40:00'),
	(159, 5, '30/11/2024', 111, 10, NULL, 2, 3, 1, 4, 1, 0, 0, 0, 0, NULL, '2024-12-17 02:40:18', '2024-12-17 02:40:18'),
	(160, 5, '30/11/2024', 111, 10, NULL, 2, 3, 1, 1, 1, 0, 0, 0, 0, NULL, '2024-12-17 02:41:12', '2024-12-17 02:41:12'),
	(161, 5, '30/11/2024', 111, 10, NULL, 2, 3, 1, 4, 1, 0, 0, 0, 0, NULL, '2024-12-17 02:41:27', '2024-12-17 02:41:27'),
	(162, 5, '30/11/2024', 113, 10, NULL, 2, 3, 1, 1, 1, 0, 0, 0, 0, NULL, '2024-12-17 02:43:45', '2024-12-17 02:43:45'),
	(163, 5, '30/11/2024', 115, 10, NULL, 2, 3, 1, 1, 1, 0, 0, 0, 0, NULL, '2024-12-17 02:46:04', '2024-12-17 02:46:04'),
	(190, 7, '23/11/2024', 160, 13, 1, 3, 2, 1, 5, 0, 0, 0, 1, 0, NULL, '2024-12-17 03:23:21', '2024-12-17 03:35:00'),
	(191, 7, '23/11/2024', 161, 13, 1, 3, 2, 1, 4, 3, 2, 0, 0, 1000, NULL, '2024-12-17 03:23:21', '2024-12-17 03:37:33'),
	(192, 7, '23/11/2024', 162, 13, 1, 3, 2, 1, 6, 5, 4, 2, 2, 750, NULL, '2024-12-17 03:23:21', '2024-12-17 03:39:21'),
	(193, 7, '23/11/2024', 163, 13, 1, 3, 2, 1, 3, 0, 0, 0, 0, 0, NULL, '2024-12-17 03:23:21', '2024-12-17 03:41:55'),
	(194, 7, '23/11/2024', 164, 13, 1, 3, 2, 1, 2, 5, 4, 2, 1, 857.14285714286, NULL, '2024-12-17 03:23:21', '2024-12-17 03:44:07'),
	(195, 7, '23/11/2024', 165, 13, 1, 3, 2, 1, 7, 2, 0, 0, 0, 0, NULL, '2024-12-17 03:23:21', '2024-12-17 03:45:07'),
	(196, 7, '23/11/2024', 166, 13, 1, 3, 2, 1, 8, 2, 0, 0, 0, 0, NULL, '2024-12-17 03:23:21', '2024-12-17 03:46:34'),
	(197, 7, '23/11/2024', 167, 13, 1, 3, 2, 1, 1, 3, 0, 1, 0, 1000, NULL, '2024-12-17 03:23:21', '2024-12-17 03:49:20'),
	(198, 7, '23/11/2024', 168, 13, 1, 3, 2, 1, 9, 2, 0, 0, 0, 0, NULL, '2024-12-17 03:23:21', '2024-12-17 03:51:15'),
	(199, 7, '23/11/2024', 169, 13, 1, 3, 2, 0, 0, 0, 0, 0, 0, 0, NULL, '2024-12-17 03:23:21', '2024-12-17 03:23:21'),
	(200, 7, '23/11/2024', 170, 13, 1, 3, 2, 1, 9, 1, 0, 0, 0, 0, NULL, '2024-12-17 03:23:21', '2024-12-17 03:51:30'),
	(201, 7, '23/11/2024', 171, 13, 1, 3, 2, 1, 1, 2, 0, 0, 0, 0, NULL, '2024-12-17 03:23:21', '2024-12-17 03:49:48'),
	(202, 7, '23/11/2024', 172, 13, 1, 3, 2, 1, 8, 2, 0, 0, 0, 0, NULL, '2024-12-17 03:23:21', '2024-12-17 03:43:09'),
	(203, 7, '23/11/2024', 173, 13, 1, 3, 2, 1, 7, 3, 0, 0, 0, 0, NULL, '2024-12-17 03:23:22', '2024-12-17 03:45:18'),
	(204, 7, '23/11/2024', 174, 13, 1, 3, 2, 1, 8, 1, 0, 0, 0, 0, NULL, '2024-12-17 03:23:22', '2024-12-17 03:47:09'),
	(205, 7, '23/11/2024', 175, 13, 1, 3, 2, 1, 9, 2, 0, 0, 0, 0, NULL, '2024-12-17 03:23:22', '2024-12-17 03:38:30'),
	(206, 7, '23/11/2024', 176, 13, 1, 3, 2, 0, 0, 0, 0, 0, 0, 0, NULL, '2024-12-17 03:23:22', '2024-12-17 03:23:22'),
	(207, 7, '23/11/2024', 151, 14, 1, 3, 2, 1, 6, 5, 0, 0, 0, 0, NULL, '2024-12-17 03:23:22', '2024-12-17 03:55:41'),
	(208, 7, '23/11/2024', 152, 14, 1, 3, 2, 1, 4, 5, 0, 1, 0, 1000, NULL, '2024-12-17 03:23:22', '2024-12-17 03:55:57'),
	(209, 7, '23/11/2024', 153, 14, 1, 3, 2, 1, 3, 5, 1, 0, 0, 1000, NULL, '2024-12-17 03:23:22', '2024-12-17 03:56:17'),
	(210, 7, '23/11/2024', 154, 14, 1, 3, 2, 1, 1, 5, 0, 1, 0, 1000, NULL, '2024-12-17 03:23:22', '2024-12-17 03:56:35'),
	(211, 7, '23/11/2024', 155, 14, 1, 3, 2, 1, 2, 5, 13, 0, 0, 1000, NULL, '2024-12-17 03:23:22', '2024-12-17 03:56:58'),
	(212, 7, '23/11/2024', 156, 14, 1, 3, 2, 1, 7, 5, 1, 0, 0, 1000, NULL, '2024-12-17 03:23:22', '2024-12-17 03:57:21'),
	(213, 7, '23/11/2024', 157, 14, 1, 3, 2, 1, 5, 5, 0, 0, 0, 0, NULL, '2024-12-17 03:23:22', '2024-12-17 03:57:40'),
	(214, 7, '23/11/2024', 158, 14, 1, 3, 2, 1, 8, 5, 0, 0, 0, 0, NULL, '2024-12-17 03:23:22', '2024-12-17 03:57:59'),
	(215, 7, '23/11/2024', 159, 14, 1, 3, 2, 1, 9, 5, 0, 0, 0, 0, NULL, '2024-12-17 03:23:22', '2024-12-17 03:58:19'),
	(216, 7, '23/11/2024', 160, 13, NULL, 3, 2, 1, 3, 5, 2, 0, 0, 1000, NULL, '2024-12-17 03:36:11', '2024-12-17 03:36:11'),
	(217, 7, '23/11/2024', 163, 13, NULL, 3, 2, 1, 5, 3, 1, 0, 0, 1000, NULL, '2024-12-17 03:42:33', '2024-12-17 03:42:33'),
	(218, 7, '23/11/2024', 174, 13, NULL, 3, 2, 1, 5, 2, 1, 0, 0, 1000, NULL, '2024-12-17 03:47:34', '2024-12-17 03:47:34'),
	(219, 7, '23/11/2024', 170, 13, NULL, 3, 2, 1, 4, 2, 1, 0, 0, 1000, NULL, '2024-12-17 03:51:49', '2024-12-17 03:51:49'),
	(220, 8, '23/11/2024', 123, 11, 1, 3, 2, 1, 9, 0, 0, 0, 0, 0, NULL, '2024-12-17 04:09:04', '2024-12-17 04:17:09'),
	(221, 8, '23/11/2024', 124, 11, 1, 3, 2, 1, 9, 3, 0, 0, 0, 0, NULL, '2024-12-17 04:09:04', '2024-12-17 04:16:13'),
	(222, 8, '23/11/2024', 125, 11, 1, 3, 2, 1, 7, 1, 0, 0, 0, 0, NULL, '2024-12-17 04:09:04', '2024-12-17 04:18:17'),
	(223, 8, '23/11/2024', 126, 11, 1, 3, 2, 1, 5, 4, 0, 0, 1, 0, NULL, '2024-12-17 04:09:04', '2024-12-17 04:18:59'),
	(224, 8, '23/11/2024', 127, 11, 1, 3, 2, 1, 2, 3.66, 5, 0, 0, 1000, NULL, '2024-12-17 04:09:04', '2024-12-17 04:20:00'),
	(225, 8, '23/11/2024', 128, 11, 1, 3, 2, 1, 3, 1, 0, 0, 0, 0, NULL, '2024-12-17 04:09:05', '2024-12-17 04:21:35'),
	(226, 8, '23/11/2024', 129, 11, 1, 3, 2, 1, 3, 3, 1, 0, 1, 500, NULL, '2024-12-17 04:09:05', '2024-12-17 04:20:31'),
	(227, 8, '23/11/2024', 130, 11, 1, 3, 2, 0, 0, 0, 0, 0, 0, 0, NULL, '2024-12-17 04:09:05', '2024-12-17 04:09:05'),
	(228, 8, '23/11/2024', 131, 11, 1, 3, 2, 1, 6, 3.66, 2, 2, 1, 800, NULL, '2024-12-17 04:09:05', '2024-12-17 04:22:59'),
	(229, 8, '23/11/2024', 132, 11, 1, 3, 2, 1, 4, 0.66, 0, 0, 0, 0, NULL, '2024-12-17 04:09:05', '2024-12-17 04:23:49'),
	(230, 8, '23/11/2024', 133, 11, 1, 3, 2, 1, 4, 3, 1, 0, 0, 1000, NULL, '2024-12-17 04:09:05', '2024-12-17 04:23:28'),
	(231, 8, '23/11/2024', 134, 11, 1, 3, 2, 1, 8, 1, 0, 0, 0, 0, NULL, '2024-12-17 04:09:05', '2024-12-17 04:26:10'),
	(232, 8, '23/11/2024', 135, 11, 1, 3, 2, 1, 9, 0.33, 0, 0, 0, 0, NULL, '2024-12-17 04:09:06', '2024-12-17 04:27:49'),
	(233, 8, '23/11/2024', 136, 11, 1, 3, 2, 1, 1, 1.66, 1, 1, 1, 666.66666666667, NULL, '2024-12-17 04:09:06', '2024-12-17 04:26:41'),
	(234, 8, '23/11/2024', 137, 11, 1, 3, 2, 0, 0, 0, 0, 0, 0, 0, NULL, '2024-12-17 04:09:06', '2024-12-17 04:09:06'),
	(235, 8, '23/11/2024', 138, 11, 1, 3, 2, 0, 0, 0, 0, 0, 0, 0, NULL, '2024-12-17 04:09:06', '2024-12-17 04:09:06'),
	(236, 8, '23/11/2024', 139, 12, 1, 3, 2, 1, 5, 4, 0, 0, 0, 0, NULL, '2024-12-17 04:09:06', '2024-12-17 04:41:12'),
	(237, 8, '23/11/2024', 140, 12, 1, 3, 2, 1, 6, 4, 1, 0, 0, 1000, NULL, '2024-12-17 04:09:06', '2024-12-17 04:41:27'),
	(238, 8, '23/11/2024', 141, 12, 1, 3, 2, 1, 1, 4, 0, 0, 0, 0, NULL, '2024-12-17 04:09:06', '2024-12-17 04:41:41'),
	(239, 8, '23/11/2024', 142, 12, 1, 3, 2, 1, 2, 4, 6, 1, 0, 1000, NULL, '2024-12-17 04:09:06', '2024-12-17 04:41:59'),
	(240, 8, '23/11/2024', 143, 12, 1, 3, 2, 1, 7, 1, 0, 0, 0, 0, NULL, '2024-12-17 04:09:06', '2024-12-17 04:43:03'),
	(241, 8, '23/11/2024', 144, 12, 1, 3, 2, 1, 7, 3, 0, 0, 0, 0, NULL, '2024-12-17 04:09:06', '2024-12-17 04:42:50'),
	(242, 8, '23/11/2024', 145, 12, 1, 3, 2, 1, 8, 1, 0, 0, 0, 0, NULL, '2024-12-17 04:09:07', '2024-12-17 04:43:30'),
	(243, 8, '23/11/2024', 146, 12, 1, 3, 2, 1, 8, 3, 0, 0, 0, 0, NULL, '2024-12-17 04:09:07', '2024-12-17 04:43:18'),
	(244, 8, '23/11/2024', 147, 12, 1, 3, 2, 1, 9, 4, 0, 0, 0, 0, NULL, '2024-12-17 04:09:07', '2024-12-17 04:43:46'),
	(245, 8, '23/11/2024', 148, 12, 1, 3, 2, 1, 4, 4, 2, 1, 0, 1000, NULL, '2024-12-17 04:09:07', '2024-12-17 04:44:00'),
	(246, 8, '23/11/2024', 149, 12, 1, 3, 2, 1, 3, 4, 3, 0, 0, 1000, NULL, '2024-12-17 04:09:07', '2024-12-17 04:44:20'),
	(247, 8, '23/11/2024', 150, 12, 1, 3, 2, 0, 0, 0, 0, 0, 0, 0, NULL, '2024-12-17 04:09:07', '2024-12-17 04:09:07'),
	(248, 8, '23/11/2024', 124, 11, NULL, 3, 2, 1, 7, 0, 1, 0, 0, 1000, NULL, '2024-12-17 04:16:47', '2024-12-17 04:16:47'),
	(249, 8, '23/11/2024', 125, 11, NULL, 3, 2, 1, 8, 3, 0, 0, 0, 0, NULL, '2024-12-17 04:18:31', '2024-12-17 04:18:31'),
	(250, 8, '23/11/2024', 134, 11, NULL, 3, 2, 1, 7, 0, 0, 0, 0, 0, NULL, '2024-12-17 04:25:03', '2024-12-17 04:25:03'),
	(251, 8, '23/11/2024', 134, 11, NULL, 3, 2, 1, 1, 2, 0, 0, 0, 0, NULL, '2024-12-17 04:25:32', '2024-12-17 04:25:32'),
	(252, 8, '23/11/2024', 136, 11, NULL, 3, 2, 1, 7, 0, 0, 0, 0, 0, NULL, '2024-12-17 04:27:04', '2024-12-17 04:27:04'),
	(253, 8, '23/11/2024', 135, 11, NULL, 3, 2, 1, 7, 0.66, 0, 0, 0, 0, NULL, '2024-12-17 04:28:09', '2024-12-17 04:28:09'),
	(254, 9, '23/11/2024', 27, 4, 1, 1, 1, 1, 6, 4, 0, 0, 1, 0, NULL, '2024-12-17 04:58:03', '2024-12-17 05:03:55'),
	(255, 9, '23/11/2024', 28, 4, 1, 1, 1, 1, 1, 2, 1, 0, 1, 500, NULL, '2024-12-17 04:58:03', '2024-12-17 05:04:21'),
	(256, 9, '23/11/2024', 29, 4, 1, 1, 1, 1, 5, 4, 2, 0, 0, 1000, NULL, '2024-12-17 04:58:04', '2024-12-17 05:05:00'),
	(257, 9, '23/11/2024', 30, 4, 1, 1, 1, 1, 2, 4, 3, 1, 0, 1000, NULL, '2024-12-17 04:58:04', '2024-12-17 05:05:29'),
	(258, 9, '23/11/2024', 31, 4, 1, 1, 1, 1, 3, 4, 3, 0, 0, 1000, NULL, '2024-12-17 04:58:04', '2024-12-17 05:06:30'),
	(259, 9, '23/11/2024', 32, 4, 1, 1, 1, 1, 7, 0, 0, 0, 0, 0, NULL, '2024-12-17 04:58:04', '2024-12-17 05:06:52'),
	(260, 9, '23/11/2024', 33, 4, 1, 1, 1, 1, 4, 2, 0, 1, 0, 1000, NULL, '2024-12-17 04:58:04', '2024-12-17 05:08:13'),
	(261, 9, '23/11/2024', 34, 4, 1, 1, 1, 1, 8, 4, 0, 0, 0, 0, NULL, '2024-12-17 04:58:04', '2024-12-17 05:08:58'),
	(262, 9, '23/11/2024', 35, 4, 1, 1, 1, 0, 0, 0, 0, 0, 0, 0, NULL, '2024-12-17 04:58:04', '2024-12-17 04:58:04'),
	(263, 9, '23/11/2024', 36, 4, 1, 1, 1, 0, 0, 0, 0, 0, 0, 0, NULL, '2024-12-17 04:58:04', '2024-12-17 04:58:04'),
	(264, 9, '23/11/2024', 37, 4, 1, 1, 1, 0, 0, 0, 0, 0, 0, 0, NULL, '2024-12-17 04:58:04', '2024-12-17 04:58:04'),
	(265, 9, '23/11/2024', 38, 4, 1, 1, 1, 1, 9, 0, 0, 0, 0, 0, NULL, '2024-12-17 04:58:04', '2024-12-17 05:09:16'),
	(266, 9, '23/11/2024', 39, 3, 1, 1, 1, 1, 8, 4, 0, 0, 0, 0, NULL, '2024-12-17 04:58:04', '2024-12-17 05:17:19'),
	(267, 9, '23/11/2024', 40, 3, 1, 1, 1, 1, 6, 4, 2, 1, 0, 1000, NULL, '2024-12-17 04:58:04', '2024-12-17 05:17:37'),
	(268, 9, '23/11/2024', 41, 3, 1, 1, 1, 1, 2, 4, 7, 0, 1, 875, NULL, '2024-12-17 04:58:04', '2024-12-17 05:17:51'),
	(269, 9, '23/11/2024', 42, 3, 1, 1, 1, 1, 3, 4, 0, 1, 0, 1000, NULL, '2024-12-17 04:58:04', '2024-12-17 05:18:15'),
	(270, 9, '23/11/2024', 43, 3, 1, 1, 1, 1, 7, 4, 0, 0, 0, 0, NULL, '2024-12-17 04:58:04', '2024-12-17 05:18:36'),
	(271, 9, '23/11/2024', 44, 3, 1, 1, 1, 1, 9, 1, 0, 0, 0, 0, NULL, '2024-12-17 04:58:05', '2024-12-17 05:19:15'),
	(272, 9, '23/11/2024', 45, 3, 1, 1, 1, 1, 9, 3, 0, 0, 0, 0, NULL, '2024-12-17 04:58:05', '2024-12-17 05:18:54'),
	(273, 9, '23/11/2024', 46, 3, 1, 1, 1, 1, 4, 2, 1, 0, 0, 1000, NULL, '2024-12-17 04:58:05', '2024-12-17 05:19:38'),
	(274, 9, '23/11/2024', 47, 3, 1, 1, 1, 1, 5, 1, 1, 0, 0, 1000, NULL, '2024-12-17 04:58:05', '2024-12-17 05:20:37'),
	(275, 9, '23/11/2024', 48, 3, 1, 1, 1, 1, 5, 3, 1, 0, 2, 333.33333333333, NULL, '2024-12-17 04:58:05', '2024-12-17 05:20:20'),
	(276, 9, '23/11/2024', 49, 3, 1, 1, 1, 0, 0, 0, 0, 0, 0, 0, NULL, '2024-12-17 04:58:05', '2024-12-17 04:58:05'),
	(277, 9, '23/11/2024', 50, 3, 1, 1, 1, 0, 0, 0, 0, 0, 0, 0, NULL, '2024-12-17 04:58:05', '2024-12-17 04:58:05'),
	(278, 9, '23/11/2024', 51, 3, 1, 1, 1, 1, 1, 3, 0, 0, 1, 0, NULL, '2024-12-17 04:58:05', '2024-12-17 05:21:18'),
	(279, 9, '23/11/2024', 28, 4, NULL, 1, 1, 1, 4, 2, 0, 0, 0, 0, NULL, '2024-12-17 05:04:37', '2024-12-17 05:04:37'),
	(280, 9, '23/11/2024', 32, 4, NULL, 1, 1, 1, 9, 4, 0, 0, 0, 0, NULL, '2024-12-17 05:07:19', '2024-12-17 05:07:19'),
	(281, 9, '23/11/2024', 33, 4, NULL, 1, 1, 1, 1, 2, 0, 0, 0, 0, NULL, '2024-12-17 05:08:32', '2024-12-17 05:08:32'),
	(282, 9, '23/11/2024', 38, 4, NULL, 1, 1, 1, 7, 4, 0, 0, 0, 0, NULL, '2024-12-17 05:09:40', '2024-12-17 05:09:40'),
	(283, 9, '23/11/2024', 46, 4, NULL, 1, 1, 1, 1, 2, 0, 1, 0, 1000, NULL, '2024-12-17 05:19:55', '2024-12-17 05:19:55'),
	(284, 9, '23/11/2024', 51, 4, NULL, 1, 1, 1, 4, 1, 0, 0, 0, 0, NULL, '2024-12-17 05:21:33', '2024-12-17 05:21:33'),
	(285, 10, '23/11/2024', 76, 8, 1, 2, 3, 1, 1, 3, 0, 0, 0, 0, NULL, '2024-12-17 05:37:24', '2024-12-17 05:54:18'),
	(286, 10, '23/11/2024', 77, 8, 1, 2, 3, 1, 5, 5, 1, 1, 0, 1000, NULL, '2024-12-17 05:37:24', '2024-12-17 05:56:00'),
	(287, 10, '23/11/2024', 78, 8, 1, 2, 3, 1, 2, 5, 11, 2, 0, 1000, NULL, '2024-12-17 05:37:24', '2024-12-17 05:56:34'),
	(288, 10, '23/11/2024', 79, 8, 1, 2, 3, 1, 6, 4.33, 0, 0, 0, 0, NULL, '2024-12-17 05:37:24', '2024-12-17 05:56:56'),
	(289, 10, '23/11/2024', 80, 8, 1, 2, 3, 1, 3, 3, 2, 0, 0, 1000, NULL, '2024-12-17 05:37:24', '2024-12-17 05:57:40'),
	(290, 10, '23/11/2024', 81, 8, 1, 2, 3, 1, 4, 5, 1, 0, 0, 1000, NULL, '2024-12-17 05:37:25', '2024-12-17 05:58:28'),
	(291, 10, '23/11/2024', 82, 8, 1, 2, 3, 1, 7, 4.33, 0, 0, 0, 0, NULL, '2024-12-17 05:37:25', '2024-12-17 05:58:45'),
	(292, 10, '23/11/2024', 83, 8, 1, 2, 3, 1, 8, 5, 0, 0, 0, 0, NULL, '2024-12-17 05:37:25', '2024-12-17 05:59:36'),
	(293, 10, '23/11/2024', 84, 8, 1, 2, 3, 0, 0, 0, 0, 0, 0, 0, NULL, '2024-12-17 05:37:25', '2024-12-17 05:37:25'),
	(294, 10, '23/11/2024', 85, 8, 1, 2, 3, 1, 9, 2, 0, 0, 0, 0, NULL, '2024-12-17 05:37:25', '2024-12-17 06:00:10'),
	(295, 10, '23/11/2024', 118, 8, 1, 2, 3, 1, 1, 1, 0, 0, 0, 0, NULL, '2024-12-17 05:37:25', '2024-12-17 05:55:09'),
	(296, 10, '23/11/2024', 119, 8, 1, 2, 3, 0, 0, 0, 0, 0, 0, 0, NULL, '2024-12-17 05:37:25', '2024-12-17 05:37:25'),
	(297, 10, '23/11/2024', 120, 8, 1, 2, 3, 0, 0, 0, 0, 0, 0, 0, NULL, '2024-12-17 05:37:26', '2024-12-17 05:37:26'),
	(298, 10, '23/11/2024', 121, 8, 1, 2, 3, 1, 3, 2, 0, 0, 0, 0, NULL, '2024-12-17 05:37:26', '2024-12-17 05:58:08'),
	(299, 10, '23/11/2024', 122, 8, 1, 2, 3, 1, 9, 3, 0, 0, 0, 0, NULL, '2024-12-17 05:37:26', '2024-12-17 06:00:21'),
	(300, 10, '23/11/2024', 86, 7, 1, 2, 3, 1, 6, 5, 0, 0, 1, 0, NULL, '2024-12-17 05:37:26', '2024-12-17 06:12:05'),
	(301, 10, '23/11/2024', 87, 7, 1, 2, 3, 1, 3, 3.33, 0, 0, 0, 0, NULL, '2024-12-17 05:37:26', '2024-12-17 06:13:39'),
	(302, 10, '23/11/2024', 88, 7, 1, 2, 3, 1, 1, 3.33, 0, 0, 0, 0, NULL, '2024-12-17 05:37:26', '2024-12-17 06:14:30'),
	(303, 10, '23/11/2024', 89, 7, 1, 2, 3, 1, 2, 5, 15, 0, 0, 1000, NULL, '2024-12-17 05:37:26', '2024-12-17 06:15:28'),
	(304, 10, '23/11/2024', 90, 7, 1, 2, 3, 1, 4, 5, 0, 0, 0, 0, NULL, '2024-12-17 05:37:26', '2024-12-17 06:15:44'),
	(305, 10, '23/11/2024', 91, 7, 1, 2, 3, 1, 5, 2, 0, 0, 0, 0, NULL, '2024-12-17 05:37:26', '2024-12-17 06:16:06'),
	(306, 10, '23/11/2024', 92, 7, 1, 2, 3, 1, 8, 3.33, 0, 0, 0, 0, NULL, '2024-12-17 05:37:26', '2024-12-17 06:17:28'),
	(307, 10, '23/11/2024', 93, 7, 1, 2, 3, 1, 9, 5, 0, 0, 0, 0, NULL, '2024-12-17 05:37:27', '2024-12-17 06:18:46'),
	(308, 10, '23/11/2024', 94, 7, 1, 2, 3, 1, 7, 2, 0, 0, 0, 0, NULL, '2024-12-17 05:37:27', '2024-12-17 06:19:04'),
	(309, 10, '23/11/2024', 95, 7, 1, 2, 3, 0, 0, 0, 0, 0, 0, 0, NULL, '2024-12-17 05:37:27', '2024-12-17 05:37:27'),
	(310, 10, '23/11/2024', 96, 7, 1, 2, 3, 1, 7, 3, 0, 0, 0, 0, NULL, '2024-12-17 05:37:27', '2024-12-17 06:19:18'),
	(311, 10, '23/11/2024', 97, 7, 1, 2, 3, 0, 0, 0, 0, 0, 0, 0, NULL, '2024-12-17 05:37:27', '2024-12-17 05:37:27'),
	(312, 10, '23/11/2024', 118, 8, NULL, 2, 3, 1, 7, 1, 0, 0, 0, 0, NULL, '2024-12-17 05:55:26', '2024-12-17 05:55:26'),
	(313, 10, '23/11/2024', 79, 8, NULL, 2, 3, 1, 1, 0.66, 0, 0, 0, 0, NULL, '2024-12-17 05:57:10', '2024-12-17 05:57:10'),
	(314, 10, '23/11/2024', 82, 8, NULL, 2, 3, 1, 5, 0.66, 0, 0, 0, 0, NULL, '2024-12-17 05:59:02', '2024-12-17 05:59:02'),
	(315, 10, '23/11/2024', 87, 8, NULL, 2, 3, 1, 1, 1.66, 0, 0, 0, 0, NULL, '2024-12-17 06:13:58', '2024-12-17 06:13:58'),
	(316, 10, '23/11/2024', 88, 8, NULL, 2, 3, 1, 6, 1.66, 0, 0, 0, 0, NULL, '2024-12-17 06:14:51', '2024-12-17 06:14:51'),
	(317, 10, '23/11/2024', 91, 8, NULL, 2, 3, 1, 8, 3, 0, 0, 0, 0, NULL, '2024-12-17 06:16:47', '2024-12-17 06:16:47'),
	(318, 10, '23/11/2024', 92, 8, NULL, 2, 3, 1, 5, 1.66, 0, 0, 0, 0, NULL, '2024-12-17 06:18:22', '2024-12-17 06:18:22'),
	(319, 11, '30/11/2024', 63, 5, 1, 1, 1, 1, 4, 3, 0, 0, 0, 0, NULL, '2024-12-29 16:04:41', '2024-12-29 17:04:39'),
	(320, 11, '30/11/2024', 64, 5, 1, 1, 1, 1, 9, 1, 2, 0, 0, 1000, NULL, '2024-12-29 16:04:41', '2024-12-29 17:05:55'),
	(321, 11, '30/11/2024', 65, 5, 1, 1, 1, 1, 8, 0, 0, 0, 0, 0, NULL, '2024-12-29 16:04:41', '2024-12-29 17:00:54'),
	(322, 11, '30/11/2024', 66, 5, 1, 1, 1, 1, 2, 0, 3, 0, 0, 1000, NULL, '2024-12-29 16:04:41', '2024-12-29 17:03:31'),
	(323, 11, '30/11/2024', 67, 5, 1, 1, 1, 1, 7, 2, 0, 0, 0, 0, NULL, '2024-12-29 16:04:41', '2024-12-29 17:04:59'),
	(324, 11, '30/11/2024', 68, 5, 1, 1, 1, 1, 3, 2, 3, 0, 0, 1000, NULL, '2024-12-29 16:04:41', '2024-12-29 17:04:04'),
	(325, 11, '30/11/2024', 69, 5, 1, 1, 1, 1, 1, 2, 0, 0, 0, 0, NULL, '2024-12-29 16:04:41', '2024-12-29 17:01:41'),
	(326, 11, '30/11/2024', 70, 5, 1, 1, 1, 0, 0, 0, 0, 0, 0, 0, NULL, '2024-12-29 16:04:41', '2024-12-29 16:04:41'),
	(327, 11, '30/11/2024', 71, 5, 1, 1, 1, 1, 6, 2, 0, 1, 0, 1000, NULL, '2024-12-29 16:04:41', '2024-12-29 17:00:25'),
	(328, 11, '30/11/2024', 72, 5, 1, 1, 1, 1, 7, 1, 0, 0, 0, 0, NULL, '2024-12-29 16:04:42', '2024-12-29 17:05:15'),
	(329, 11, '30/11/2024', 73, 5, 1, 1, 1, 0, 0, 0, 0, 0, 0, 0, NULL, '2024-12-29 16:04:42', '2024-12-29 16:04:42'),
	(330, 11, '30/11/2024', 74, 5, 1, 1, 1, 0, 0, 0, 0, 0, 0, 0, NULL, '2024-12-29 16:04:42', '2024-12-29 16:04:42'),
	(331, 11, '30/11/2024', 75, 5, 1, 1, 1, 1, 5, 2, 0, 0, 0, 0, NULL, '2024-12-29 16:04:42', '2024-12-29 17:02:41'),
	(332, 11, '30/11/2024', 52, 6, 1, 1, 1, 1, 5, 3, 0, 0, 0, 0, NULL, '2024-12-29 16:04:42', '2024-12-29 16:55:40'),
	(333, 11, '30/11/2024', 53, 6, 1, 1, 1, 1, 6, 3, 1, 1, 0, 1000, NULL, '2024-12-29 16:04:42', '2024-12-29 16:55:28'),
	(334, 11, '30/11/2024', 54, 6, 1, 1, 1, 1, 8, 3, 1, 0, 0, 1000, NULL, '2024-12-29 16:04:42', '2024-12-29 16:56:04'),
	(335, 11, '30/11/2024', 55, 6, 1, 1, 1, 1, 2, 3, 7, 1, 0, 1000, NULL, '2024-12-29 16:04:42', '2024-12-29 16:56:25'),
	(336, 11, '30/11/2024', 56, 6, 1, 1, 1, 1, 3, 3, 2, 0, 0, 1000, NULL, '2024-12-29 16:04:42', '2024-12-29 16:56:47'),
	(337, 11, '30/11/2024', 57, 6, 1, 1, 1, 1, 1, 3, 0, 0, 0, 0, NULL, '2024-12-29 16:04:42', '2024-12-29 16:57:22'),
	(338, 11, '30/11/2024', 58, 6, 1, 1, 1, 0, 0, 0, 0, 0, 0, 0, NULL, '2024-12-29 16:04:42', '2024-12-29 16:04:42'),
	(339, 11, '30/11/2024', 59, 6, 1, 1, 1, 1, 4, 3, 1, 2, 0, 1000, NULL, '2024-12-29 16:04:42', '2024-12-29 16:58:14'),
	(340, 11, '30/11/2024', 60, 6, 1, 1, 1, 1, 7, 3, 0, 0, 0, 0, NULL, '2024-12-29 16:04:42', '2024-12-29 16:58:49'),
	(341, 11, '30/11/2024', 61, 6, 1, 1, 1, 1, 9, 3, 0, 0, 0, 0, NULL, '2024-12-29 16:04:42', '2024-12-29 16:59:05'),
	(342, 11, '30/11/2024', 62, 6, 1, 1, 1, 1, 1, 1, 0, 0, 0, 0, NULL, '2024-12-29 16:04:42', '2024-12-29 16:57:39'),
	(343, 11, '30/11/2024', 69, 5, NULL, 1, 1, 1, 3, 1, 0, 1, 1, 500, NULL, '2024-12-29 17:02:08', '2024-12-29 17:02:08'),
	(344, 11, '30/11/2024', 75, 5, NULL, 1, 1, 1, 9, 1, 0, 0, 0, 0, NULL, '2024-12-29 17:02:54', '2024-12-29 17:02:54'),
	(345, 11, '30/11/2024', 68, 5, NULL, 1, 1, 1, 5, 1, 0, 0, 0, 0, NULL, '2024-12-29 17:04:23', '2024-12-29 17:04:23'),
	(346, 11, '30/11/2024', 64, 5, NULL, 1, 1, 1, 3, 0, 0, 0, 0, 0, NULL, '2024-12-29 17:06:35', '2024-12-29 17:06:35'),
	(347, 11, '30/11/2024', 64, 5, NULL, 1, 1, 1, 1, 1, 0, 0, 0, 0, NULL, '2024-12-29 17:06:57', '2024-12-29 17:06:57'),
	(348, 12, '23/11/2024', 177, 5, 1, 1, 1, 1, 4, 2, 0, 0, 0, 0, NULL, '2024-12-29 20:20:15', '2024-12-29 22:03:48'),
	(349, 12, '23/11/2024', 178, 5, 1, 1, 1, 1, 5, 2.33, 2, 0, 0, 1000, NULL, '2024-12-29 20:20:15', '2024-12-29 21:58:03'),
	(350, 12, '23/11/2024', 179, 5, 1, 1, 1, 1, 6, 2.33, 2, 1, 0, 1000, NULL, '2024-12-29 20:20:15', '2024-12-29 21:58:21'),
	(351, 12, '23/11/2024', 180, 5, 1, 1, 1, 1, 2, 2.33, 3, 0, 2, 600, NULL, '2024-12-29 20:20:15', '2024-12-29 22:00:09'),
	(352, 12, '23/11/2024', 181, 5, 1, 1, 1, 1, 3, 2.33, 0, 0, 0, 0, NULL, '2024-12-29 20:20:15', '2024-12-29 21:59:11'),
	(353, 12, '23/11/2024', 182, 5, 1, 1, 1, 1, 8, 2.33, 0, 0, 1, 0, NULL, '2024-12-29 20:20:15', '2024-12-29 21:59:55'),
	(354, 12, '23/11/2024', 183, 5, 1, 1, 1, 1, 7, 2.33, 0, 0, 0, 0, NULL, '2024-12-29 20:20:15', '2024-12-29 22:00:27'),
	(355, 12, '23/11/2024', 184, 5, 1, 1, 1, 0, 0, 0, 0, 0, 0, 0, NULL, '2024-12-29 20:20:15', '2024-12-29 20:20:15'),
	(356, 12, '23/11/2024', 185, 5, 1, 1, 1, 1, 1, 2, 0, 0, 1, 0, NULL, '2024-12-29 20:20:15', '2024-12-29 22:01:27'),
	(357, 12, '23/11/2024', 186, 5, 1, 1, 1, 1, 9, 2.33, 0, 0, 0, 0, NULL, '2024-12-29 20:20:15', '2024-12-29 22:02:17'),
	(358, 12, '23/11/2024', 187, 5, 1, 1, 1, 1, 1, 0.33, 0, 0, 0, 0, NULL, '2024-12-29 20:20:15', '2024-12-29 22:01:58'),
	(359, 12, '23/11/2024', 52, 15, 1, 1, 1, 1, 1, 3, 1, 0, 0, 1000, NULL, '2024-12-29 20:20:15', '2024-12-29 21:53:52'),
	(360, 12, '23/11/2024', 53, 15, 1, 1, 1, 1, 6, 3, 1, 0, 0, 1000, NULL, '2024-12-29 20:20:15', '2024-12-29 21:54:11'),
	(361, 12, '23/11/2024', 54, 15, 1, 1, 1, 1, 8, 3, 2, 0, 0, 1000, NULL, '2024-12-29 20:20:15', '2024-12-29 21:54:31'),
	(362, 12, '23/11/2024', 55, 15, 1, 1, 1, 1, 2, 3, 5, 0, 0, 1000, NULL, '2024-12-29 20:20:15', '2024-12-29 21:54:57'),
	(363, 12, '23/11/2024', 56, 15, 1, 1, 1, 1, 5, 3, 0, 0, 0, 0, NULL, '2024-12-29 20:20:15', '2024-12-29 21:55:19'),
	(364, 12, '23/11/2024', 57, 15, 1, 1, 1, 1, 3, 3, 0, 0, 0, 0, NULL, '2024-12-29 20:20:15', '2024-12-29 21:55:33'),
	(365, 12, '23/11/2024', 58, 15, 1, 1, 1, 1, 7, 3, 0, 0, 0, 0, NULL, '2024-12-29 20:20:15', '2024-12-29 21:55:47'),
	(366, 12, '23/11/2024', 59, 15, 1, 1, 1, 1, 4, 3, 0, 0, 0, 0, NULL, '2024-12-29 20:20:15', '2024-12-29 21:56:06'),
	(367, 12, '23/11/2024', 60, 15, 1, 1, 1, 0, 0, 0, 0, 0, 0, 0, NULL, '2024-12-29 20:20:15', '2024-12-29 20:20:15'),
	(368, 12, '23/11/2024', 61, 15, 1, 1, 1, 1, 9, 1, 0, 0, 0, 0, NULL, '2024-12-29 20:20:15', '2024-12-29 21:57:05'),
	(369, 12, '23/11/2024', 62, 15, 1, 1, 1, 1, 9, 2, 0, 0, 0, 0, NULL, '2024-12-29 20:20:15', '2024-12-29 21:56:45'),
	(370, 12, '23/11/2024', 177, 5, NULL, 1, 1, 1, 1, 0.33, 0, 0, 0, 0, NULL, '2024-12-29 22:04:05', '2024-12-29 22:04:05');

-- Volcando estructura para tabla zamora.jugadores_numeros
CREATE TABLE IF NOT EXISTS `jugadores_numeros` (
  `id` bigint unsigned NOT NULL AUTO_INCREMENT,
  `juego_id` bigint unsigned DEFAULT NULL,
  `fecha` varchar(20) COLLATE utf8mb4_unicode_ci DEFAULT NULL,
  `jugador_id` bigint unsigned DEFAULT NULL,
  `oponente_id` bigint unsigned DEFAULT NULL,
  `liga_id` bigint unsigned DEFAULT NULL,
  `campeonato_id` bigint unsigned DEFAULT NULL,
  `categoria_id` bigint unsigned DEFAULT NULL,
  `juegos` int DEFAULT '0',
  `vb` int DEFAULT '0',
  `anotadas` int DEFAULT '0',
  `hit` int DEFAULT '0',
  `dobles` int DEFAULT '0',
  `triples` int DEFAULT '0',
  `hr` int DEFAULT '0',
  `rbi` int DEFAULT '0',
  `boletos_recibidos` int DEFAULT '0',
  `ponches` int DEFAULT '0',
  `robadas` int DEFAULT '0',
  `out_robando` int DEFAULT '0',
  `alcanzadas` int DEFAULT '0',
  `average` int DEFAULT '0',
  `slugging` int DEFAULT '0',
  `j` int DEFAULT '0',
  `ganados` int DEFAULT '0',
  `perdidos` int DEFAULT '0',
  `efectividad` double DEFAULT '0',
  `blanqueos` int DEFAULT '0',
  `salvados` int DEFAULT '0',
  `ip` double DEFAULT '0',
  `carreras_permitidas` int DEFAULT '0',
  `carreras_limpias` int DEFAULT '0',
  `ponches_propinados` int DEFAULT '0',
  `boletos_otorgados` int DEFAULT '0',
  `hp` int DEFAULT '0',
  `pitcheos` int DEFAULT '0',
  `recopilador_id` bigint unsigned DEFAULT NULL,
  `created_at` timestamp NULL DEFAULT NULL,
  `updated_at` timestamp NULL DEFAULT NULL,
  PRIMARY KEY (`id`),
  KEY `jugadores_numeros_juego_id_foreign` (`juego_id`),
  KEY `jugadores_numeros_jugador_id_foreign` (`jugador_id`),
  KEY `jugadores_numeros_oponente_id_foreign` (`oponente_id`),
  KEY `jugadores_numeros_liga_id_foreign` (`liga_id`),
  KEY `jugadores_numeros_campeonato_id_foreign` (`campeonato_id`),
  KEY `jugadores_numeros_categoria_id_foreign` (`categoria_id`),
  KEY `jugadores_numeros_recopilador_id_foreign` (`recopilador_id`),
  CONSTRAINT `jugadores_numeros_campeonato_id_foreign` FOREIGN KEY (`campeonato_id`) REFERENCES `campeonatos` (`id`) ON DELETE CASCADE,
  CONSTRAINT `jugadores_numeros_categoria_id_foreign` FOREIGN KEY (`categoria_id`) REFERENCES `categorias` (`id`) ON DELETE CASCADE,
  CONSTRAINT `jugadores_numeros_juego_id_foreign` FOREIGN KEY (`juego_id`) REFERENCES `calendarios` (`id`) ON DELETE CASCADE,
  CONSTRAINT `jugadores_numeros_jugador_id_foreign` FOREIGN KEY (`jugador_id`) REFERENCES `jugadores` (`id`) ON DELETE CASCADE,
  CONSTRAINT `jugadores_numeros_liga_id_foreign` FOREIGN KEY (`liga_id`) REFERENCES `ligas` (`id`) ON DELETE CASCADE,
  CONSTRAINT `jugadores_numeros_oponente_id_foreign` FOREIGN KEY (`oponente_id`) REFERENCES `equipos` (`id`) ON DELETE CASCADE,
  CONSTRAINT `jugadores_numeros_recopilador_id_foreign` FOREIGN KEY (`recopilador_id`) REFERENCES `users` (`id`) ON DELETE CASCADE
) ENGINE=InnoDB AUTO_INCREMENT=293 DEFAULT CHARSET=utf8mb4 COLLATE=utf8mb4_unicode_ci;

-- Volcando datos para la tabla zamora.jugadores_numeros: ~266 rows (aproximadamente)
REPLACE INTO `jugadores_numeros` (`id`, `juego_id`, `fecha`, `jugador_id`, `oponente_id`, `liga_id`, `campeonato_id`, `categoria_id`, `juegos`, `vb`, `anotadas`, `hit`, `dobles`, `triples`, `hr`, `rbi`, `boletos_recibidos`, `ponches`, `robadas`, `out_robando`, `alcanzadas`, `average`, `slugging`, `j`, `ganados`, `perdidos`, `efectividad`, `blanqueos`, `salvados`, `ip`, `carreras_permitidas`, `carreras_limpias`, `ponches_propinados`, `boletos_otorgados`, `hp`, `pitcheos`, `recopilador_id`, `created_at`, `updated_at`) VALUES
	(1, 1, '23/11/2024', 1, 2, 1, 1, 1, 1, 2, 0, 1, 0, 0, 0, 0, 0, 1, 0, 0, 1, 500, 500, 0, 0, 0, 0, 0, 0, 0, 0, 0, 0, 0, 0, 0, NULL, '2024-12-15 17:52:24', '2024-12-15 18:57:52'),
	(2, 1, '23/11/2024', 2, 2, 1, 1, 1, 1, 1, 0, 0, 0, 0, 0, 0, 2, 1, 0, 0, 0, 0, 0, 0, 0, 0, 0, 0, 0, 0, 0, 0, 0, 0, 0, 0, NULL, '2024-12-15 17:52:24', '2024-12-15 18:59:52'),
	(3, 1, '23/11/2024', 3, 2, 1, 1, 1, 1, 2, 0, 0, 0, 0, 0, 0, 0, 0, 2, 0, 0, 0, 0, 1, 0, 0, 0, 0, 0, 1, 0, 0, 3, 0, 1, 0, NULL, '2024-12-15 17:52:24', '2024-12-15 21:56:48'),
	(4, 1, '23/11/2024', 4, 2, 1, 1, 1, 1, 0, 0, 0, 0, 0, 0, 0, 2, 0, 1, 0, 0, 0, 0, 0, 0, 0, 0, 0, 0, 0, 0, 0, 0, 0, 0, 0, NULL, '2024-12-15 17:52:24', '2024-12-15 19:03:07'),
	(5, 1, '23/11/2024', 5, 2, 1, 1, 1, 1, 1, 0, 0, 0, 0, 0, 0, 0, 1, 0, 0, 0, 0, 0, 0, 0, 0, 0, 0, 0, 0, 0, 0, 0, 0, 0, 0, NULL, '2024-12-15 17:52:24', '2024-12-15 19:04:10'),
	(6, 1, '23/11/2024', 6, 2, 1, 1, 1, 1, 2, 0, 0, 0, 0, 0, 0, 0, 1, 0, 0, 0, 0, 0, 0, 0, 0, 0, 0, 0, 0, 0, 0, 0, 0, 0, 0, NULL, '2024-12-15 17:52:24', '2024-12-15 19:05:19'),
	(7, 1, '23/11/2024', 7, 2, 1, 1, 1, 1, 2, 0, 0, 0, 0, 0, 0, 0, 2, 0, 0, 0, 0, 0, 0, 0, 0, 0, 0, 0, 0, 0, 0, 0, 0, 0, 0, NULL, '2024-12-15 17:52:24', '2024-12-15 19:06:27'),
	(8, 1, '23/11/2024', 8, 2, 1, 1, 1, 1, 1, 0, 0, 0, 0, 0, 0, 0, 1, 0, 0, 0, 0, 0, 0, 0, 0, 0, 0, 0, 0, 0, 0, 0, 0, 0, 0, NULL, '2024-12-15 17:52:24', '2024-12-15 19:08:33'),
	(9, 1, '23/11/2024', 9, 2, 1, 1, 1, 1, 0, 1, 0, 0, 0, 0, 0, 2, 0, 0, 0, 0, 0, 0, 0, 0, 0, 0, 0, 0, 0, 0, 0, 0, 0, 0, 0, NULL, '2024-12-15 17:52:24', '2024-12-15 19:11:37'),
	(10, 1, '23/11/2024', 10, 2, 1, 1, 1, 1, 2, 1, 1, 1, 0, 0, 2, 0, 1, 0, 0, 2, 500, 1500, 1, 0, 1, 13.5, 0, 0, 4, 6, 6, 2, 3, 7, 0, NULL, '2024-12-15 17:52:25', '2024-12-15 21:56:10'),
	(11, 1, '23/11/2024', 11, 2, 1, 1, 1, 1, 0, 1, 0, 0, 0, 0, 0, 1, 0, 0, 0, 0, 0, 0, 0, 0, 0, 0, 0, 0, 0, 0, 0, 0, 0, 0, 0, NULL, '2024-12-15 17:52:25', '2024-12-15 19:09:43'),
	(12, 1, '23/11/2024', 12, 2, 1, 1, 1, 1, 1, 0, 0, 0, 0, 0, 0, 0, 1, 0, 0, 0, 0, 0, 0, 0, 0, 0, 0, 0, 0, 0, 0, 0, 0, 0, 0, NULL, '2024-12-15 17:52:25', '2024-12-15 19:04:46'),
	(13, 1, '23/11/2024', 13, 2, 1, 1, 1, 1, 1, 0, 0, 0, 0, 0, 0, 0, 0, 0, 0, 0, 0, 0, 0, 0, 0, 0, 0, 0, 0, 0, 0, 0, 0, 0, 0, NULL, '2024-12-15 17:52:25', '2024-12-15 18:56:28'),
	(14, 1, '23/11/2024', 14, 1, 1, 1, 1, 1, 2, 0, 0, 0, 0, 0, 0, 0, 0, 0, 0, 0, 0, 0, 0, 0, 0, 0, 0, 0, 0, 0, 0, 0, 0, 0, 0, NULL, '2024-12-15 17:52:25', '2024-12-15 21:57:56'),
	(15, 1, '23/11/2024', 15, 1, 1, 1, 1, 1, 2, 1, 1, 0, 0, 0, 0, 1, 0, 2, 0, 1, 500, 500, 0, 0, 0, 0, 0, 0, 0, 0, 0, 0, 0, 0, 0, NULL, '2024-12-15 17:52:25', '2024-12-15 22:14:55'),
	(16, 1, '23/11/2024', 16, 1, 1, 1, 1, 1, 3, 0, 0, 0, 0, 0, 0, 0, 1, 1, 0, 0, 0, 0, 1, 1, 0, 0, 0, 0, 4.33, 0, 0, 9, 3, 1, 0, NULL, '2024-12-15 17:52:25', '2024-12-15 22:04:42'),
	(17, 1, '23/11/2024', 17, 1, 1, 1, 1, 1, 3, 1, 2, 0, 0, 0, 1, 0, 0, 2, 0, 2, 667, 667, 0, 0, 0, 0, 0, 0, 0, 0, 0, 0, 0, 0, 0, NULL, '2024-12-15 17:52:25', '2024-12-15 22:07:58'),
	(18, 1, '23/11/2024', 18, 1, 1, 1, 1, 1, 3, 1, 2, 0, 0, 0, 1, 0, 1, 1, 0, 2, 667, 667, 0, 0, 0, 0, 0, 0, 0, 0, 0, 0, 0, 0, 0, NULL, '2024-12-15 17:52:25', '2024-12-15 22:09:45'),
	(19, 1, '23/11/2024', 19, 1, 1, 1, 1, 1, 3, 0, 0, 0, 0, 0, 0, 0, 1, 0, 0, 0, 0, 0, 1, 0, 0, 9999, 0, 0, 0, 3, 3, 0, 2, 1, 0, NULL, '2024-12-15 17:52:25', '2025-01-06 13:15:24'),
	(20, 1, '23/11/2024', 20, 1, 1, 1, 1, 1, 1, 0, 0, 0, 0, 0, 0, 0, 1, 0, 0, 0, 0, 0, 0, 0, 0, 0, 0, 0, 0, 0, 0, 0, 0, 0, 0, NULL, '2024-12-15 17:52:25', '2024-12-15 22:18:51'),
	(21, 1, '23/11/2024', 21, 1, 1, 1, 1, 1, 1, 2, 1, 0, 0, 0, 0, 0, 0, 1, 0, 1, 1000, 1000, 0, 0, 0, 0, 0, 0, 0, 0, 0, 0, 0, 0, 0, NULL, '2024-12-15 17:52:26', '2024-12-15 22:22:09'),
	(22, 1, '23/11/2024', 22, 1, 1, 1, 1, 1, 2, 1, 2, 0, 1, 0, 3, 0, 0, 0, 0, 4, 1000, 2500, 1, 0, 0, 0, 0, 0, 0.66, 0, 0, 0, 0, 0, 0, NULL, '2024-12-15 17:52:26', '2024-12-15 22:27:46'),
	(23, 1, '23/11/2024', 23, 1, 1, 1, 1, 1, 0, 0, 0, 0, 0, 0, 0, 0, 0, 0, 0, 0, 0, 0, 0, 0, 0, 0, 0, 0, 0, 0, 0, 0, 0, 0, 0, NULL, '2024-12-15 17:52:26', '2024-12-15 22:29:16'),
	(24, 1, '23/11/2024', 24, 1, 1, 1, 1, 1, 1, 0, 0, 0, 0, 0, 0, 0, 0, 0, 0, 0, 0, 0, 0, 0, 0, 0, 0, 0, 0, 0, 0, 0, 0, 0, 0, NULL, '2024-12-15 17:52:26', '2024-12-15 22:18:08'),
	(25, 1, '23/11/2024', 25, 1, 1, 1, 1, 1, 0, 0, 0, 0, 0, 0, 0, 0, 0, 0, 0, 0, 0, 0, 0, 0, 0, 0, 0, 0, 0, 0, 0, 0, 0, 0, 0, NULL, '2024-12-15 17:52:26', '2024-12-15 22:00:06'),
	(26, 1, '23/11/2024', 26, 1, 1, 1, 1, 1, 1, 0, 0, 0, 0, 0, 0, 0, 0, 0, 0, 0, 0, 0, 0, 0, 0, 0, 0, 0, 0, 0, 0, 0, 0, 0, 0, NULL, '2024-12-15 17:52:26', '2024-12-15 22:00:24'),
	(27, 2, '23/11/2024', 240, 22, 1, 5, 4, 1, 2, 1, 1, 1, 0, 0, 0, 1, 1, 2, 0, 2, 500, 1500, 0, 0, 0, 0, 0, 0, 0, 0, 0, 0, 0, 0, 0, NULL, '2024-12-16 03:29:44', '2024-12-22 14:26:40'),
	(28, 2, '23/11/2024', 241, 22, 1, 5, 4, 1, 3, 1, 1, 0, 0, 0, 2, 1, 2, 0, 0, 1, 333, 333, 0, 0, 0, 0, 0, 0, 0, 0, 0, 0, 0, 0, 0, NULL, '2024-12-16 03:29:44', '2024-12-22 14:27:58'),
	(29, 2, '23/11/2024', 242, 22, 1, 5, 4, 1, 4, 1, 2, 1, 0, 0, 2, 1, 0, 0, 0, 3, 500, 1000, 0, 0, 0, 0, 0, 0, 0, 0, 0, 0, 0, 0, 0, NULL, '2024-12-16 03:29:44', '2024-12-22 14:28:36'),
	(30, 2, '23/11/2024', 243, 22, 1, 5, 4, 1, 4, 1, 0, 0, 0, 0, 0, 0, 2, 0, 0, 0, 0, 0, 0, 0, 0, 0, 0, 0, 0, 0, 0, 0, 0, 0, 0, NULL, '2024-12-16 03:29:44', '2024-12-16 03:47:03'),
	(31, 2, '23/11/2024', 244, 22, 1, 5, 4, 1, 5, 1, 3, 0, 0, 0, 0, 0, 0, 0, 0, 3, 600, 600, 0, 0, 0, 0, 0, 0, 0, 0, 0, 0, 0, 0, 0, NULL, '2024-12-16 03:29:45', '2024-12-22 14:29:23'),
	(32, 2, '23/11/2024', 245, 22, 1, 5, 4, 1, 4, 1, 0, 0, 0, 0, 0, 0, 2, 0, 0, 0, 0, 0, 0, 0, 0, 0, 0, 0, 0, 0, 0, 0, 0, 0, 0, NULL, '2024-12-16 03:29:45', '2024-12-16 03:51:00'),
	(33, 2, '23/11/2024', 246, 22, 1, 5, 4, 1, 3, 1, 0, 0, 0, 0, 0, 1, 1, 0, 0, 0, 0, 0, 0, 0, 0, 0, 0, 0, 0, 0, 0, 0, 0, 0, 0, NULL, '2024-12-16 03:29:45', '2024-12-22 14:30:47'),
	(34, 2, '23/11/2024', 247, 22, 1, 5, 4, 1, 4, 1, 2, 1, 0, 0, 1, 0, 0, 0, 0, 3, 500, 1000, 1, 1, 0, 5.4, 0, 0, 5, 3, 3, 10, 4, 3, 0, NULL, '2024-12-16 03:29:45', '2024-12-22 14:31:27'),
	(35, 2, '23/11/2024', 248, 22, 1, 5, 4, 1, 1, 2, 1, 0, 0, 0, 1, 2, 0, 0, 0, 1, 1000, 1000, 1, 0, 0, 0, 0, 0, 2, 0, 0, 5, 0, 0, 0, NULL, '2024-12-16 03:29:45', '2024-12-22 14:31:59'),
	(36, 2, '23/11/2024', 249, 22, 1, 5, 4, 1, 1, 1, 1, 0, 0, 0, 1, 1, 0, 0, 0, 1, 1000, 1000, 0, 0, 0, 0, 0, 0, 0, 0, 0, 0, 0, 0, 0, NULL, '2024-12-16 03:29:45', '2024-12-22 14:27:27'),
	(37, 2, '23/11/2024', 250, 22, 1, 5, 4, 0, 0, 0, 0, 0, 0, 0, 0, 0, 0, 0, 0, 0, 0, 0, 0, 0, 0, 0, 0, 0, 0, 0, 0, 0, 0, 0, 0, NULL, '2024-12-16 03:29:45', '2024-12-16 03:29:45'),
	(38, 2, '23/11/2024', 251, 22, 1, 5, 4, 0, 0, 0, 0, 0, 0, 0, 0, 0, 0, 0, 0, 0, 0, 0, 0, 0, 0, 0, 0, 0, 0, 0, 0, 0, 0, 0, 0, NULL, '2024-12-16 03:29:45', '2024-12-16 03:29:45'),
	(39, 2, '23/11/2024', 252, 21, 1, 5, 4, 1, 2, 1, 0, 0, 0, 0, 0, 2, 2, 0, 0, 0, 0, 0, 1, 0, 0, 0, 0, 0, 1, 1, 0, 0, 4, 2, 0, NULL, '2024-12-16 03:29:45', '2024-12-22 14:32:48'),
	(40, 2, '23/11/2024', 253, 21, 1, 5, 4, 1, 3, 1, 0, 0, 0, 0, 0, 1, 2, 0, 0, 0, 0, 0, 0, 0, 0, 0, 0, 0, 0, 0, 0, 0, 0, 0, 0, NULL, '2024-12-16 03:29:46', '2024-12-22 14:32:57'),
	(41, 2, '23/11/2024', 254, 21, 1, 5, 4, 1, 3, 1, 1, 0, 0, 0, 0, 0, 1, 0, 0, 1, 333, 333, 1, 0, 0, 27, 0, 0, 1, 5, 3, 1, 2, 3, 0, NULL, '2024-12-16 03:29:46', '2024-12-22 14:33:11'),
	(42, 2, '23/11/2024', 255, 21, 1, 5, 4, 1, 3, 0, 1, 0, 1, 0, 1, 0, 1, 0, 0, 3, 333, 1333, 0, 0, 0, 0, 0, 0, 0, 0, 0, 0, 0, 0, 0, NULL, '2024-12-16 03:29:46', '2024-12-22 14:34:42'),
	(43, 2, '23/11/2024', 256, 21, 1, 5, 4, 1, 2, 0, 1, 0, 0, 0, 0, 0, 1, 0, 0, 1, 500, 500, 0, 0, 0, 0, 0, 0, 0, 0, 0, 0, 0, 0, 0, NULL, '2024-12-16 03:29:46', '2024-12-22 14:35:18'),
	(44, 2, '23/11/2024', 257, 21, 1, 5, 4, 1, 2, 0, 0, 0, 0, 0, 0, 1, 0, 0, 0, 0, 0, 0, 1, 0, 1, 9, 0, 0, 5, 5, 5, 8, 4, 6, 0, NULL, '2024-12-16 03:29:46', '2024-12-22 14:35:32'),
	(45, 2, '23/11/2024', 258, 21, 1, 5, 4, 1, 2, 0, 0, 0, 0, 0, 0, 0, 2, 0, 0, 0, 0, 0, 0, 0, 0, 0, 0, 0, 0, 0, 0, 0, 0, 0, 0, NULL, '2024-12-16 03:29:46', '2024-12-16 04:18:36'),
	(46, 2, '23/11/2024', 259, 21, 1, 5, 4, 1, 1, 0, 0, 0, 0, 0, 0, 0, 1, 0, 0, 0, 0, 0, 0, 0, 0, 0, 0, 0, 0, 0, 0, 0, 0, 0, 0, NULL, '2024-12-16 03:29:46', '2024-12-16 04:20:58'),
	(47, 2, '23/11/2024', 260, 21, 1, 5, 4, 1, 3, 0, 0, 0, 0, 0, 0, 0, 2, 0, 0, 0, 0, 0, 0, 0, 0, 0, 0, 0, 0, 0, 0, 0, 0, 0, 0, NULL, '2024-12-16 03:29:46', '2024-12-16 04:24:39'),
	(48, 2, '23/11/2024', 261, 21, 1, 5, 4, 1, 1, 0, 0, 0, 0, 0, 0, 0, 1, 0, 0, 0, 0, 0, 0, 0, 0, 0, 0, 0, 0, 0, 0, 0, 0, 0, 0, NULL, '2024-12-16 03:29:46', '2024-12-16 04:19:31'),
	(49, 2, '23/11/2024', 262, 21, 1, 5, 4, 1, 2, 0, 0, 0, 0, 0, 0, 0, 2, 0, 0, 0, 0, 0, 0, 0, 0, 0, 0, 0, 0, 0, 0, 0, 0, 0, 0, NULL, '2024-12-16 03:29:46', '2024-12-16 04:20:45'),
	(50, 3, '23/11/2024', 229, 19, 1, 4, 5, 1, 2, 2, 0, 0, 0, 0, 0, 1, 1, 3, 0, 0, 0, 0, 0, 0, 0, 0, 0, 0, 0, 0, 0, 0, 0, 0, 0, NULL, '2024-12-16 17:17:30', '2024-12-22 15:00:16'),
	(51, 3, '23/11/2024', 230, 19, 1, 4, 5, 1, 2, 2, 1, 1, 0, 0, 1, 1, 0, 0, 0, 2, 500, 1500, 1, 0, 0, 3.862660944206, 0, 0, 2.33, 2, 1, 1, 0, 0, 0, NULL, '2024-12-16 17:17:30', '2024-12-22 15:00:35'),
	(52, 3, '23/11/2024', 231, 19, 1, 4, 5, 1, 2, 0, 1, 0, 0, 0, 2, 0, 1, 1, 0, 1, 500, 500, 0, 0, 0, 0, 0, 0, 0, 0, 0, 0, 0, 0, 0, NULL, '2024-12-16 17:17:30', '2024-12-22 15:00:51'),
	(53, 3, '23/11/2024', 232, 19, 1, 4, 5, 1, 3, 1, 1, 1, 0, 0, 1, 0, 1, 2, 0, 2, 333, 1000, 0, 0, 0, 0, 0, 0, 0, 0, 0, 0, 0, 0, 0, NULL, '2024-12-16 17:17:30', '2024-12-22 15:01:19'),
	(54, 3, '23/11/2024', 233, 19, 1, 4, 5, 1, 3, 0, 0, 0, 0, 0, 0, 0, 1, 0, 0, 0, 0, 0, 0, 0, 0, 0, 0, 0, 0, 0, 0, 0, 0, 0, 0, NULL, '2024-12-16 17:17:30', '2024-12-16 17:27:26'),
	(55, 3, '23/11/2024', 234, 19, 1, 4, 5, 1, 0, 1, 0, 0, 0, 0, 0, 2, 0, 1, 0, 0, 0, 0, 0, 0, 0, 0, 0, 0, 0, 0, 0, 0, 0, 0, 0, NULL, '2024-12-16 17:17:30', '2024-12-22 15:01:37'),
	(56, 3, '23/11/2024', 235, 19, 1, 4, 5, 1, 3, 0, 1, 0, 0, 0, 1, 0, 0, 2, 0, 1, 333, 333, 1, 0, 0, 16.917293233083, 0, 0, 2.66, 6, 5, 3, 3, 0, 0, NULL, '2024-12-16 17:17:31', '2024-12-22 15:02:04'),
	(57, 3, '23/11/2024', 236, 19, 1, 4, 5, 1, 1, 0, 0, 0, 0, 0, 0, 1, 1, 1, 0, 0, 0, 0, 0, 0, 0, 0, 0, 0, 0, 0, 0, 0, 0, 0, 0, NULL, '2024-12-16 17:17:31', '2024-12-22 15:02:16'),
	(58, 3, '23/11/2024', 237, 19, 1, 4, 5, 1, 1, 0, 1, 0, 0, 0, 0, 1, 0, 1, 0, 1, 1000, 1000, 1, 0, 0, 0, 0, 0, 0, 0, 0, 0, 2, 0, 0, NULL, '2024-12-16 17:17:31', '2024-12-22 15:02:34'),
	(59, 3, '23/11/2024', 238, 19, 1, 4, 5, 1, 1, 2, 1, 0, 0, 0, 0, 1, 0, 0, 0, 1, 1000, 1000, 0, 0, 0, 0, 0, 0, 0, 0, 0, 0, 0, 0, 0, NULL, '2024-12-16 17:17:31', '2024-12-22 15:02:55'),
	(60, 3, '23/11/2024', 239, 19, 1, 4, 5, 0, 0, 0, 0, 0, 0, 0, 0, 0, 0, 0, 0, 0, 0, 0, 0, 0, 0, 0, 0, 0, 0, 0, 0, 0, 0, 0, 0, NULL, '2024-12-16 17:17:32', '2024-12-16 17:17:32'),
	(61, 3, '23/11/2024', 220, 20, 1, 4, 5, 1, 3, 1, 2, 1, 0, 0, 1, 1, 0, 2, 0, 3, 667, 1333, 1, 0, 0, 4.1570438799076, 0, 0, 4.33, 4, 2, 3, 2, 0, 0, NULL, '2024-12-16 17:17:32', '2024-12-22 15:06:12'),
	(62, 3, '23/11/2024', 221, 20, 1, 4, 5, 1, 2, 0, 0, 0, 0, 0, 0, 2, 1, 0, 0, 0, 0, 0, 0, 0, 0, 0, 0, 0, 0, 0, 0, 0, 0, 0, 0, NULL, '2024-12-16 17:17:32', '2024-12-22 15:06:43'),
	(63, 3, '23/11/2024', 222, 20, 1, 4, 5, 1, 4, 2, 2, 0, 1, 0, 1, 0, 0, 2, 0, 4, 500, 1250, 0, 0, 0, 0, 0, 0, 0, 0, 0, 0, 0, 0, 0, NULL, '2024-12-16 17:17:32', '2024-12-22 15:07:21'),
	(64, 3, '23/11/2024', 223, 20, 1, 4, 5, 1, 4, 1, 2, 2, 0, 0, 1, 0, 1, 1, 0, 4, 500, 1500, 0, 0, 0, 0, 0, 0, 0, 0, 0, 0, 0, 0, 0, NULL, '2024-12-16 17:17:32', '2024-12-22 15:08:06'),
	(65, 3, '23/11/2024', 224, 20, 1, 4, 5, 1, 3, 0, 1, 0, 0, 0, 0, 0, 1, 0, 0, 1, 333, 333, 0, 0, 0, 0, 0, 0, 0, 0, 0, 0, 0, 0, 0, NULL, '2024-12-16 17:17:33', '2024-12-22 15:08:32'),
	(66, 3, '23/11/2024', 225, 20, 1, 4, 5, 1, 3, 1, 1, 1, 0, 0, 1, 0, 0, 1, 0, 2, 333, 1000, 0, 0, 0, 0, 0, 0, 0, 0, 0, 0, 0, 0, 0, NULL, '2024-12-16 17:17:33', '2024-12-22 15:08:57'),
	(67, 3, '23/11/2024', 226, 20, 1, 4, 5, 1, 3, 1, 1, 0, 0, 0, 0, 0, 0, 2, 0, 1, 333, 333, 1, 0, 0, 54.545454545455, 0, 0, 0.66, 4, 4, 2, 4, 0, 0, NULL, '2024-12-16 17:17:33', '2024-12-22 15:09:16'),
	(68, 3, '23/11/2024', 227, 20, 1, 4, 5, 1, 1, 1, 0, 0, 0, 0, 0, 2, 0, 1, 0, 0, 0, 0, 0, 0, 0, 0, 0, 0, 0, 0, 0, 0, 0, 0, 0, NULL, '2024-12-16 17:17:34', '2024-12-22 15:09:32'),
	(69, 3, '23/11/2024', 228, 20, 1, 4, 5, 1, 3, 1, 1, 1, 0, 0, 2, 0, 1, 0, 0, 2, 333, 1000, 0, 0, 0, 0, 0, 0, 0, 0, 0, 0, 0, 0, 0, NULL, '2024-12-16 17:17:34', '2024-12-22 15:10:05'),
	(70, 4, '13/11/2024', 196, 18, 1, 4, 5, 1, 3, 1, 2, 1, 0, 0, 2, 0, 0, 0, 0, 3, 667, 1333, 0, 0, 0, 0, 0, 0, 0, 0, 0, 0, 0, 0, 0, NULL, '2024-12-16 18:00:24', '2024-12-22 15:11:33'),
	(71, 4, '13/11/2024', 197, 18, 1, 4, 5, 1, 2, 1, 1, 0, 0, 0, 1, 1, 0, 0, 0, 1, 500, 500, 0, 0, 0, 0, 0, 0, 0, 0, 0, 0, 0, 0, 0, NULL, '2024-12-16 18:00:24', '2024-12-22 15:11:49'),
	(72, 4, '13/11/2024', 198, 18, 1, 4, 5, 1, 3, 2, 2, 1, 0, 0, 2, 0, 0, 0, 0, 3, 667, 1333, 0, 0, 0, 0, 0, 0, 0, 0, 0, 0, 0, 0, 0, NULL, '2024-12-16 18:00:24', '2024-12-22 15:12:32'),
	(73, 4, '13/11/2024', 199, 18, 1, 4, 5, 1, 1, 2, 1, 1, 0, 0, 0, 1, 0, 0, 0, 2, 1000, 3000, 0, 0, 0, 0, 0, 0, 0, 0, 0, 0, 0, 0, 0, NULL, '2024-12-16 18:00:24', '2024-12-22 15:13:06'),
	(74, 4, '13/11/2024', 200, 18, 1, 4, 5, 1, 1, 1, 0, 0, 0, 0, 1, 1, 0, 0, 0, 0, 0, 0, 0, 0, 0, 0, 0, 0, 0, 0, 0, 0, 0, 0, 0, NULL, '2024-12-16 18:00:24', '2024-12-22 15:13:29'),
	(75, 4, '13/11/2024', 201, 18, 1, 4, 5, 1, 2, 1, 0, 0, 0, 0, 0, 1, 0, 0, 0, 0, 0, 0, 1, 1, 0, 6, 0, 0, 3, 2, 2, 5, 3, 0, 0, NULL, '2024-12-16 18:00:24', '2024-12-22 15:13:39'),
	(76, 4, '13/11/2024', 202, 18, 1, 4, 5, 1, 2, 2, 2, 0, 0, 1, 4, 1, 0, 0, 0, 5, 1000, 3000, 0, 0, 0, 0, 0, 0, 0, 0, 0, 0, 0, 0, 0, NULL, '2024-12-16 18:00:24', '2024-12-22 15:15:03'),
	(77, 4, '13/11/2024', 203, 18, 1, 4, 5, 1, 2, 2, 1, 0, 0, 1, 1, 1, 1, 0, 0, 4, 500, 2500, 0, 0, 0, 0, 0, 0, 0, 0, 0, 0, 0, 0, 0, NULL, '2024-12-16 18:00:24', '2024-12-22 15:15:27'),
	(78, 4, '13/11/2024', 204, 18, 1, 4, 5, 1, 2, 1, 1, 0, 0, 0, 1, 1, 0, 0, 0, 1, 500, 500, 0, 0, 0, 0, 0, 0, 0, 0, 0, 0, 0, 0, 0, NULL, '2024-12-16 18:00:25', '2024-12-22 15:15:49'),
	(79, 4, '13/11/2024', 205, 18, 1, 4, 5, 1, 3, 1, 2, 0, 0, 0, 0, 0, 0, 0, 0, 2, 667, 667, 1, 0, 0, 0, 0, 0, 1, 0, 0, 0, 0, 0, 0, NULL, '2024-12-16 18:00:25', '2024-12-22 15:16:54'),
	(80, 4, '13/11/2024', 206, 17, 1, 4, 5, 1, 1, 1, 0, 0, 0, 0, 0, 1, 0, 0, 0, 0, 0, 0, 1, 0, 0, 13.636363636364, 0, 0, 0.66, 1, 1, 0, 1, 0, 0, NULL, '2024-12-16 18:00:25', '2024-12-22 15:17:23'),
	(81, 4, '13/11/2024', 207, 17, 1, 4, 5, 1, 1, 1, 1, 0, 0, 0, 0, 1, 0, 0, 0, 1, 1000, 1000, 0, 0, 0, 0, 0, 0, 0, 0, 0, 0, 0, 0, 0, NULL, '2024-12-16 18:00:25', '2024-12-22 15:17:39'),
	(82, 4, '13/11/2024', 208, 17, 1, 4, 5, 1, 2, 0, 1, 0, 0, 0, 1, 0, 1, 0, 0, 1, 500, 500, 1, 0, 0, 34.763948497854, 0, 0, 2.33, 10, 9, 1, 2, 0, 0, NULL, '2024-12-16 18:00:25', '2024-12-22 15:17:52'),
	(83, 4, '13/11/2024', 209, 17, 1, 4, 5, 1, 2, 0, 1, 0, 0, 0, 1, 0, 0, 1, 0, 1, 500, 500, 0, 0, 0, 0, 0, 0, 0, 0, 0, 0, 0, 0, 0, NULL, '2024-12-16 18:00:25', '2024-12-22 15:18:04'),
	(84, 4, '13/11/2024', 210, 17, 1, 4, 5, 1, 1, 0, 0, 0, 0, 0, 0, 1, 1, 0, 0, 0, 0, 0, 0, 0, 0, 0, 0, 0, 0, 0, 0, 0, 0, 0, 0, NULL, '2024-12-16 18:00:25', '2024-12-22 15:18:23'),
	(85, 4, '13/11/2024', 211, 17, 1, 4, 5, 1, 1, 0, 0, 0, 0, 0, 0, 0, 1, 0, 0, 0, 0, 0, 0, 0, 0, 0, 0, 0, 0, 0, 0, 0, 0, 0, 0, NULL, '2024-12-16 18:00:25', '2024-12-16 18:58:52'),
	(86, 4, '13/11/2024', 212, 17, 1, 4, 5, 1, 2, 0, 2, 2, 0, 0, 0, 0, 0, 0, 0, 4, 1000, 3000, 0, 0, 0, 0, 0, 0, 0, 0, 0, 0, 0, 0, 0, NULL, '2024-12-16 18:00:25', '2024-12-22 15:18:44'),
	(87, 4, '13/11/2024', 213, 17, 1, 4, 5, 1, 1, 0, 0, 0, 0, 0, 0, 0, 0, 0, 0, 0, 0, 0, 0, 0, 0, 0, 0, 0, 0, 0, 0, 0, 0, 0, 0, NULL, '2024-12-16 18:00:25', '2024-12-16 19:00:49'),
	(88, 4, '13/11/2024', 214, 17, 1, 4, 5, 1, 1, 0, 0, 0, 0, 0, 0, 0, 1, 0, 0, 0, 0, 0, 0, 0, 0, 0, 0, 0, 0, 0, 0, 0, 0, 0, 0, NULL, '2024-12-16 18:00:25', '2024-12-16 19:02:14'),
	(89, 4, '13/11/2024', 215, 17, 1, 4, 5, 1, 0, 0, 0, 0, 0, 0, 0, 0, 0, 0, 0, 0, 0, 0, 1, 0, 1, 27, 0, 0, 1, 3, 3, 0, 4, 0, 0, NULL, '2024-12-16 18:00:25', '2024-12-16 19:08:48'),
	(90, 4, '13/11/2024', 216, 17, 1, 4, 5, 1, 2, 0, 1, 1, 0, 0, 0, 0, 0, 0, 0, 2, 500, 1500, 0, 0, 0, 0, 0, 0, 0, 0, 0, 0, 0, 0, 0, NULL, '2024-12-16 18:00:25', '2024-12-22 15:19:28'),
	(91, 4, '13/11/2024', 217, 17, 1, 4, 5, 1, 1, 0, 0, 0, 0, 0, 0, 0, 0, 0, 0, 0, 0, 0, 0, 0, 0, 0, 0, 0, 0, 0, 0, 0, 0, 0, 0, NULL, '2024-12-16 18:00:25', '2024-12-16 19:00:39'),
	(92, 4, '13/11/2024', 218, 17, 1, 4, 5, 1, 1, 0, 0, 0, 0, 0, 0, 0, 0, 0, 0, 0, 0, 0, 0, 0, 0, 0, 0, 0, 0, 0, 0, 0, 0, 0, 0, NULL, '2024-12-16 18:00:25', '2024-12-16 19:02:02'),
	(93, 4, '13/11/2024', 219, 17, 1, 4, 5, 1, 1, 0, 0, 0, 0, 0, 0, 0, 1, 0, 0, 0, 0, 0, 0, 0, 0, 0, 0, 0, 0, 0, 0, 0, 0, 0, 0, NULL, '2024-12-16 18:00:25', '2024-12-16 18:59:05'),
	(94, 5, '30/11/2024', 98, 10, 1, 2, 3, 1, 2, 0, 0, 0, 0, 0, 0, 0, 2, 0, 0, 0, 0, 0, 0, 0, 0, 0, 0, 0, 0, 0, 0, 0, 0, 0, 0, NULL, '2024-12-16 20:27:06', '2024-12-16 20:27:50'),
	(95, 5, '30/11/2024', 99, 10, 1, 2, 3, 1, 2, 0, 0, 0, 0, 0, 1, 1, 2, 0, 0, 0, 0, 0, 0, 0, 0, 0, 0, 0, 0, 0, 0, 0, 0, 0, 0, NULL, '2024-12-16 20:27:06', '2024-12-22 13:36:04'),
	(96, 5, '30/11/2024', 100, 10, 1, 2, 3, 1, 2, 2, 1, 0, 0, 0, 1, 2, 0, 2, 0, 1, 500, 500, 0, 0, 0, 0, 0, 0, 0, 0, 0, 0, 0, 0, 0, NULL, '2024-12-16 20:27:06', '2024-12-22 13:38:34'),
	(97, 5, '30/11/2024', 101, 10, 1, 2, 3, 1, 3, 1, 1, 0, 0, 0, 1, 1, 1, 1, 0, 1, 333, 333, 1, 1, 0, 6, 0, 0, 3, 2, 2, 7, 4, 0, 0, NULL, '2024-12-16 20:27:07', '2024-12-22 13:41:28'),
	(98, 5, '30/11/2024', 102, 10, 1, 2, 3, 1, 1, 3, 1, 0, 0, 0, 0, 2, 0, 1, 0, 1, 1000, 1000, 0, 0, 0, 0, 0, 0, 0, 0, 0, 0, 0, 0, 0, NULL, '2024-12-16 20:27:07', '2024-12-22 13:43:26'),
	(99, 5, '30/11/2024', 103, 10, 1, 2, 3, 1, 2, 3, 2, 0, 0, 0, 2, 0, 0, 1, 0, 2, 1000, 1000, 0, 0, 0, 0, 0, 0, 0, 0, 0, 0, 0, 0, 0, NULL, '2024-12-16 20:27:07', '2024-12-22 13:44:39'),
	(100, 5, '30/11/2024', 104, 10, 1, 2, 3, 1, 1, 2, 0, 0, 0, 0, 0, 2, 1, 0, 0, 0, 0, 0, 1, 0, 0, 0, 0, 0, 1, 0, 0, 2, 0, 0, 0, NULL, '2024-12-16 20:27:07', '2025-01-06 12:23:52'),
	(101, 5, '30/11/2024', 105, 10, 1, 2, 3, 1, 1, 1, 1, 1, 0, 0, 4, 1, 0, 1, 0, 2, 1000, 3000, 1, 0, 0, 0, 0, 0, 0, 0, 0, 0, 0, 0, 0, NULL, '2024-12-16 20:27:07', '2025-01-06 12:22:15'),
	(102, 5, '30/11/2024', 106, 10, 1, 2, 3, 1, 1, 0, 0, 0, 0, 0, 1, 2, 1, 0, 1, 0, 0, 0, 1, 0, 0, 0, 0, 0, 0, 0, 0, 0, 0, 0, 0, NULL, '2024-12-16 20:27:07', '2025-01-06 12:19:08'),
	(103, 5, '30/11/2024', 195, 10, 1, 2, 3, 1, 1, 0, 0, 0, 0, 0, 1, 0, 1, 0, 0, 0, 0, 0, 0, 0, 0, 0, 0, 0, 0, 0, 0, 0, 0, 0, 0, NULL, '2024-12-16 20:27:07', '2024-12-16 20:28:32'),
	(104, 5, '30/11/2024', 107, 9, 1, 2, 3, 1, 2, 1, 2, 1, 0, 0, 1, 0, 0, 1, 0, 3, 1000, 2000, 1, 0, 0, 0, 0, 0, 0.33, 0, 0, 1, 0, 0, 0, NULL, '2024-12-16 20:27:07', '2024-12-22 13:54:55'),
	(105, 5, '30/11/2024', 108, 9, 1, 2, 3, 1, 1, 0, 0, 0, 0, 0, 0, 1, 0, 0, 0, 0, 0, 0, 1, 0, 1, 36, 0, 0, 1, 4, 4, 2, 3, 0, 0, NULL, '2024-12-16 20:27:07', '2024-12-22 13:55:14'),
	(106, 5, '30/11/2024', 109, 9, 1, 2, 3, 1, 2, 0, 1, 0, 0, 0, 0, 0, 0, 3, 0, 1, 500, 500, 1, 0, 0, 9999, 0, 0, 0, 3, 3, 0, 1, 0, 0, NULL, '2024-12-16 20:27:07', '2024-12-22 13:55:37'),
	(107, 5, '30/11/2024', 110, 9, 1, 2, 3, 1, 1, 0, 0, 0, 0, 0, 0, 1, 1, 0, 0, 0, 0, 0, 0, 0, 0, 0, 0, 0, 0, 0, 0, 0, 0, 0, 0, NULL, '2024-12-16 20:27:07', '2024-12-22 13:55:56'),
	(108, 5, '30/11/2024', 111, 9, 1, 2, 3, 1, 1, 0, 0, 0, 0, 0, 1, 1, 1, 0, 0, 0, 0, 0, 1, 0, 0, 40.909090909091, 0, 0, 0.66, 3, 3, 2, 3, 0, 0, NULL, '2024-12-16 20:27:07', '2024-12-22 13:56:26'),
	(109, 5, '30/11/2024', 112, 9, 1, 2, 3, 1, 2, 0, 0, 0, 0, 0, 0, 0, 2, 0, 0, 0, 0, 0, 0, 0, 0, 0, 0, 0, 0, 0, 0, 0, 0, 0, 0, NULL, '2024-12-16 20:27:07', '2024-12-17 02:42:09'),
	(110, 5, '30/11/2024', 113, 9, 1, 2, 3, 1, 2, 0, 0, 0, 0, 0, 0, 0, 2, 0, 0, 0, 0, 0, 1, 0, 0, 0, 0, 0, 0.33, 0, 0, 0, 1, 0, 0, NULL, '2024-12-16 20:27:07', '2024-12-17 02:52:13'),
	(111, 5, '30/11/2024', 114, 9, 1, 2, 3, 1, 0, 0, 0, 0, 0, 0, 0, 0, 0, 2, 0, 0, 0, 0, 0, 0, 0, 0, 0, 0, 0, 0, 0, 0, 0, 0, 0, NULL, '2024-12-16 20:27:07', '2024-12-17 02:45:01'),
	(112, 5, '30/11/2024', 115, 9, 1, 2, 3, 1, 0, 1, 0, 0, 0, 0, 0, 1, 0, 1, 0, 0, 0, 0, 1, 0, 0, 10.843373493976, 0, 0, 1.66, 2, 2, 3, 3, 0, 0, NULL, '2024-12-16 20:27:08', '2024-12-22 13:57:04'),
	(113, 5, '30/11/2024', 116, 9, 1, 2, 3, 1, 2, 0, 0, 0, 0, 0, 0, 0, 2, 0, 0, 0, 0, 0, 0, 0, 0, 0, 0, 0, 0, 0, 0, 0, 0, 0, 0, NULL, '2024-12-16 20:27:08', '2024-12-17 02:46:59'),
	(114, 5, '30/11/2024', 117, 9, 1, 2, 3, 1, 2, 0, 0, 0, 0, 0, 0, 0, 1, 0, 0, 0, 0, 0, 0, 0, 0, 0, 0, 0, 0, 0, 0, 0, 0, 0, 0, NULL, '2024-12-16 20:27:08', '2024-12-17 02:47:55'),
	(141, 7, '23/11/2024', 160, 13, 1, 3, 2, 1, 1, 0, 0, 0, 0, 0, 0, 0, 0, 0, 0, 0, 0, 0, 0, 0, 0, 0, 0, 0, 0, 0, 0, 0, 0, 0, 0, NULL, '2024-12-17 03:23:20', '2024-12-17 03:34:19'),
	(142, 7, '23/11/2024', 161, 13, 1, 3, 2, 1, 1, 0, 0, 0, 0, 0, 0, 1, 1, 1, 0, 0, 0, 0, 0, 0, 0, 0, 0, 0, 0, 0, 0, 0, 0, 0, 0, NULL, '2024-12-17 03:23:21', '2024-12-22 14:21:04'),
	(143, 7, '23/11/2024', 162, 13, 1, 3, 2, 1, 2, 0, 0, 0, 0, 0, 0, 0, 2, 0, 0, 0, 0, 0, 0, 0, 0, 0, 0, 0, 0, 0, 0, 0, 0, 0, 0, NULL, '2024-12-17 03:23:21', '2024-12-17 03:38:52'),
	(144, 7, '23/11/2024', 163, 13, 1, 3, 2, 1, 2, 0, 0, 0, 0, 0, 0, 0, 2, 0, 0, 0, 0, 0, 0, 0, 0, 0, 0, 0, 0, 0, 0, 0, 0, 0, 0, NULL, '2024-12-17 03:23:21', '2024-12-17 03:39:46'),
	(145, 7, '23/11/2024', 164, 13, 1, 3, 2, 1, 2, 0, 0, 0, 0, 0, 0, 0, 1, 0, 0, 0, 0, 0, 0, 0, 0, 0, 0, 0, 0, 0, 0, 0, 0, 0, 0, NULL, '2024-12-17 03:23:21', '2024-12-17 03:43:36'),
	(146, 7, '23/11/2024', 165, 13, 1, 3, 2, 1, 1, 0, 0, 0, 0, 0, 0, 0, 1, 0, 0, 0, 0, 0, 0, 0, 0, 0, 0, 0, 0, 0, 0, 0, 0, 0, 0, NULL, '2024-12-17 03:23:21', '2024-12-17 03:44:29'),
	(147, 7, '23/11/2024', 166, 13, 1, 3, 2, 1, 1, 0, 0, 0, 0, 0, 0, 0, 1, 0, 0, 0, 0, 0, 0, 0, 0, 0, 0, 0, 0, 0, 0, 0, 0, 0, 0, NULL, '2024-12-17 03:23:21', '2024-12-17 03:45:48'),
	(148, 7, '23/11/2024', 167, 13, 1, 3, 2, 1, 1, 0, 0, 0, 0, 0, 0, 0, 1, 0, 0, 0, 0, 0, 1, 0, 1, 9, 0, 0, 3, 5, 3, 2, 1, 0, 0, NULL, '2024-12-17 03:23:21', '2024-12-17 03:59:08'),
	(149, 7, '23/11/2024', 168, 13, 1, 3, 2, 1, 1, 0, 0, 0, 0, 0, 0, 0, 1, 0, 0, 0, 0, 0, 0, 0, 0, 0, 0, 0, 0, 0, 0, 0, 0, 0, 0, NULL, '2024-12-17 03:23:21', '2024-12-17 03:50:30'),
	(150, 7, '23/11/2024', 169, 13, 1, 3, 2, 1, 1, 0, 0, 0, 0, 0, 0, 0, 1, 0, 0, 0, 0, 0, 0, 0, 0, 0, 0, 0, 0, 0, 0, 0, 0, 0, 0, NULL, '2024-12-17 03:23:21', '2024-12-17 03:52:26'),
	(151, 7, '23/11/2024', 170, 13, 1, 3, 2, 1, 0, 0, 0, 0, 0, 0, 0, 0, 0, 0, 0, 0, 0, 0, 0, 0, 0, 0, 0, 0, 0, 0, 0, 0, 0, 0, 0, NULL, '2024-12-17 03:23:21', '2024-12-17 03:50:45'),
	(152, 7, '23/11/2024', 171, 13, 1, 3, 2, 1, 1, 0, 0, 0, 0, 0, 0, 0, 1, 0, 0, 0, 0, 0, 1, 0, 0, 13.5, 0, 0, 2, 5, 3, 2, 2, 0, 0, NULL, '2024-12-17 03:23:21', '2024-12-17 03:59:42'),
	(153, 7, '23/11/2024', 172, 13, 1, 3, 2, 1, 0, 0, 0, 0, 0, 0, 0, 0, 0, 0, 0, 0, 0, 0, 0, 0, 0, 0, 0, 0, 0, 0, 0, 0, 0, 0, 0, NULL, '2024-12-17 03:23:21', '2024-12-17 03:39:57'),
	(154, 7, '23/11/2024', 173, 13, 1, 3, 2, 1, 1, 0, 0, 0, 0, 0, 0, 0, 1, 0, 0, 0, 0, 0, 0, 0, 0, 0, 0, 0, 0, 0, 0, 0, 0, 0, 0, NULL, '2024-12-17 03:23:22', '2024-12-17 03:44:42'),
	(155, 7, '23/11/2024', 174, 13, 1, 3, 2, 1, 0, 0, 0, 0, 0, 0, 0, 1, 0, 1, 0, 0, 0, 0, 0, 0, 0, 0, 0, 0, 0, 0, 0, 0, 0, 0, 0, NULL, '2024-12-17 03:23:22', '2024-12-22 14:21:28'),
	(156, 7, '23/11/2024', 175, 13, 1, 3, 2, 1, 0, 0, 0, 0, 0, 0, 0, 0, 0, 0, 0, 0, 0, 0, 0, 0, 0, 0, 0, 0, 0, 0, 0, 0, 0, 0, 0, NULL, '2024-12-17 03:23:22', '2024-12-17 03:37:57'),
	(157, 7, '23/11/2024', 176, 13, 1, 3, 2, 0, 0, 0, 0, 0, 0, 0, 0, 0, 0, 0, 0, 0, 0, 0, 0, 0, 0, 0, 0, 0, 0, 0, 0, 0, 0, 0, 0, NULL, '2024-12-17 03:23:22', '2024-12-17 03:23:22'),
	(158, 7, '23/11/2024', 151, 14, 1, 3, 2, 1, 2, 1, 1, 0, 0, 0, 0, 1, 0, 0, 0, 1, 500, 500, 0, 0, 0, 0, 0, 0, 0, 0, 0, 0, 0, 0, 0, NULL, '2024-12-17 03:23:22', '2024-12-22 14:22:01'),
	(159, 7, '23/11/2024', 152, 14, 1, 3, 2, 1, 3, 2, 2, 1, 0, 0, 0, 0, 0, 0, 0, 3, 667, 1333, 0, 0, 0, 0, 0, 0, 0, 0, 0, 0, 0, 0, 0, NULL, '2024-12-17 03:23:22', '2024-12-22 14:22:18'),
	(160, 7, '23/11/2024', 153, 14, 1, 3, 2, 1, 3, 3, 2, 1, 0, 0, 1, 0, 0, 3, 0, 3, 667, 1333, 0, 0, 0, 0, 0, 0, 0, 0, 0, 0, 0, 0, 0, NULL, '2024-12-17 03:23:22', '2024-12-22 14:22:58'),
	(161, 7, '23/11/2024', 154, 14, 1, 3, 2, 1, 3, 2, 2, 1, 0, 0, 1, 0, 0, 0, 0, 3, 667, 1333, 1, 1, 0, 0, 0, 0, 5, 0, 0, 13, 2, 0, 0, NULL, '2024-12-17 03:23:22', '2024-12-22 14:23:20'),
	(162, 7, '23/11/2024', 155, 14, 1, 3, 2, 1, 3, 1, 3, 1, 0, 0, 2, 0, 0, 1, 0, 4, 1000, 1667, 0, 0, 0, 0, 0, 0, 0, 0, 0, 0, 0, 0, 0, NULL, '2024-12-17 03:23:22', '2024-12-22 14:24:25'),
	(163, 7, '23/11/2024', 156, 14, 1, 3, 2, 1, 3, 0, 0, 0, 0, 0, 0, 0, 2, 0, 0, 0, 0, 0, 0, 0, 0, 0, 0, 0, 0, 0, 0, 0, 0, 0, 0, NULL, '2024-12-17 03:23:22', '2024-12-17 03:54:25'),
	(164, 7, '23/11/2024', 157, 14, 1, 3, 2, 1, 3, 0, 0, 0, 0, 0, 0, 0, 0, 0, 0, 0, 0, 0, 0, 0, 0, 0, 0, 0, 0, 0, 0, 0, 0, 0, 0, NULL, '2024-12-17 03:23:22', '2024-12-17 03:54:38'),
	(165, 7, '23/11/2024', 158, 14, 1, 3, 2, 1, 2, 0, 0, 0, 0, 0, 1, 1, 1, 1, 0, 0, 0, 0, 0, 0, 0, 0, 0, 0, 0, 0, 0, 0, 0, 0, 0, NULL, '2024-12-17 03:23:22', '2024-12-22 14:24:50'),
	(166, 7, '23/11/2024', 159, 14, 1, 3, 2, 1, 1, 1, 0, 0, 0, 0, 0, 1, 1, 1, 0, 0, 0, 0, 0, 0, 0, 0, 0, 0, 0, 0, 0, 0, 0, 0, 0, NULL, '2024-12-17 03:23:22', '2024-12-22 14:25:06'),
	(167, 8, '23/11/2024', 123, 11, 1, 3, 2, 1, 0, 0, 0, 0, 0, 0, 0, 0, 0, 0, 0, 0, 0, 0, 0, 0, 0, 0, 0, 0, 0, 0, 0, 0, 0, 0, 0, NULL, '2024-12-17 04:09:04', '2024-12-17 04:11:31'),
	(168, 8, '23/11/2024', 124, 11, 1, 3, 2, 1, 2, 0, 0, 0, 0, 0, 0, 0, 1, 0, 0, 0, 0, 0, 0, 0, 0, 0, 0, 0, 0, 0, 0, 0, 0, 0, 0, NULL, '2024-12-17 04:09:04', '2024-12-17 04:11:17'),
	(169, 8, '23/11/2024', 125, 11, 1, 3, 2, 1, 2, 0, 2, 0, 0, 0, 0, 0, 0, 0, 0, 2, 1000, 1000, 0, 0, 0, 0, 0, 0, 0, 0, 0, 0, 0, 0, 0, NULL, '2024-12-17 04:09:04', '2024-12-22 14:12:50'),
	(170, 8, '23/11/2024', 126, 11, 1, 3, 2, 1, 1, 0, 0, 0, 0, 0, 0, 1, 0, 0, 0, 0, 0, 0, 0, 0, 0, 0, 0, 0, 0, 0, 0, 0, 0, 0, 0, NULL, '2024-12-17 04:09:04', '2024-12-22 14:13:23'),
	(171, 8, '23/11/2024', 127, 11, 1, 3, 2, 1, 2, 0, 0, 0, 0, 0, 0, 0, 2, 0, 0, 0, 0, 0, 0, 0, 0, 0, 0, 0, 0, 0, 0, 0, 0, 0, 0, NULL, '2024-12-17 04:09:04', '2024-12-17 04:12:26'),
	(172, 8, '23/11/2024', 128, 11, 1, 3, 2, 1, 0, 0, 0, 0, 0, 0, 0, 0, 0, 0, 0, 0, 0, 0, 0, 0, 0, 0, 0, 0, 0, 0, 0, 0, 0, 0, 0, NULL, '2024-12-17 04:09:05', '2024-12-17 04:12:57'),
	(173, 8, '23/11/2024', 129, 11, 1, 3, 2, 1, 1, 0, 0, 0, 0, 0, 0, 0, 0, 0, 0, 0, 0, 0, 0, 0, 0, 0, 0, 0, 0, 0, 0, 0, 0, 0, 0, NULL, '2024-12-17 04:09:05', '2024-12-17 04:13:15'),
	(174, 8, '23/11/2024', 130, 11, 1, 3, 2, 1, 1, 0, 0, 0, 0, 0, 0, 0, 1, 0, 0, 0, 0, 0, 0, 0, 0, 0, 0, 0, 0, 0, 0, 0, 0, 0, 0, NULL, '2024-12-17 04:09:05', '2024-12-17 04:13:29'),
	(175, 8, '23/11/2024', 131, 11, 1, 3, 2, 1, 1, 0, 0, 0, 0, 0, 0, 0, 0, 0, 0, 0, 0, 0, 0, 0, 0, 0, 0, 0, 0, 0, 0, 0, 0, 0, 0, NULL, '2024-12-17 04:09:05', '2024-12-17 04:13:46'),
	(176, 8, '23/11/2024', 132, 11, 1, 3, 2, 1, 0, 0, 0, 0, 0, 0, 0, 0, 0, 0, 0, 0, 0, 0, 0, 0, 0, 0, 0, 0, 0, 0, 0, 0, 0, 0, 0, NULL, '2024-12-17 04:09:05', '2024-12-17 04:14:16'),
	(177, 8, '23/11/2024', 133, 11, 1, 3, 2, 1, 1, 0, 0, 0, 0, 0, 0, 0, 0, 0, 0, 0, 0, 0, 0, 0, 0, 0, 0, 0, 0, 0, 0, 0, 0, 0, 0, NULL, '2024-12-17 04:09:05', '2024-12-17 04:14:04'),
	(178, 8, '23/11/2024', 134, 11, 1, 3, 2, 1, 1, 0, 0, 0, 0, 0, 0, 0, 1, 0, 0, 0, 0, 0, 1, 0, 0, 9, 0, 0, 2, 2, 2, 2, 1, 0, 0, NULL, '2024-12-17 04:09:05', '2024-12-17 04:48:37'),
	(179, 8, '23/11/2024', 135, 11, 1, 3, 2, 1, 0, 0, 0, 0, 0, 0, 0, 0, 0, 0, 0, 0, 0, 0, 0, 0, 0, 0, 0, 0, 0, 0, 0, 0, 0, 0, 0, NULL, '2024-12-17 04:09:06', '2024-12-17 04:15:03'),
	(180, 8, '23/11/2024', 136, 11, 1, 3, 2, 1, 1, 0, 0, 0, 0, 0, 0, 0, 1, 0, 0, 0, 0, 0, 1, 0, 1, 5.421686746988, 0, 0, 1.66, 8, 1, 3, 0, 0, 0, NULL, '2024-12-17 04:09:06', '2024-12-17 04:50:21'),
	(181, 8, '23/11/2024', 137, 11, 1, 3, 2, 0, 0, 0, 0, 0, 0, 0, 0, 0, 0, 0, 0, 0, 0, 0, 0, 0, 0, 0, 0, 0, 0, 0, 0, 0, 0, 0, 0, NULL, '2024-12-17 04:09:06', '2024-12-17 04:09:06'),
	(182, 8, '23/11/2024', 138, 11, 1, 3, 2, 0, 0, 0, 0, 0, 0, 0, 0, 0, 0, 0, 0, 0, 0, 0, 0, 0, 0, 0, 0, 0, 0, 0, 0, 0, 0, 0, 0, NULL, '2024-12-17 04:09:06', '2024-12-17 04:09:06'),
	(183, 8, '23/11/2024', 139, 12, 1, 3, 2, 1, 3, 1, 2, 1, 0, 0, 0, 0, 1, 0, 0, 3, 667, 1333, 0, 0, 0, 0, 0, 0, 0, 0, 0, 0, 0, 0, 0, NULL, '2024-12-17 04:09:06', '2024-12-22 14:14:05'),
	(184, 8, '23/11/2024', 140, 12, 1, 3, 2, 1, 3, 2, 3, 3, 0, 0, 2, 0, 0, 0, 0, 6, 1000, 3000, 0, 0, 0, 0, 0, 0, 0, 0, 0, 0, 0, 0, 0, NULL, '2024-12-17 04:09:06', '2024-12-22 14:14:51'),
	(185, 8, '23/11/2024', 141, 12, 1, 3, 2, 1, 3, 2, 1, 0, 0, 0, 0, 0, 1, 0, 0, 1, 333, 333, 1, 1, 0, 0, 0, 0, 4, 0, 0, 6, 1, 0, 0, NULL, '2024-12-17 04:09:06', '2024-12-22 14:15:14'),
	(186, 8, '23/11/2024', 142, 12, 1, 3, 2, 1, 3, 2, 2, 1, 0, 0, 1, 0, 0, 0, 0, 3, 667, 1333, 0, 0, 0, 0, 0, 0, 0, 0, 0, 0, 0, 0, 0, NULL, '2024-12-17 04:09:06', '2024-12-22 14:15:46'),
	(187, 8, '23/11/2024', 143, 12, 1, 3, 2, 1, 1, 0, 0, 0, 0, 0, 0, 0, 0, 0, 0, 0, 0, 0, 0, 0, 0, 0, 0, 0, 0, 0, 0, 0, 0, 0, 0, NULL, '2024-12-17 04:09:06', '2024-12-17 04:38:53'),
	(188, 8, '23/11/2024', 144, 12, 1, 3, 2, 1, 2, 2, 1, 0, 0, 0, 0, 0, 0, 2, 0, 1, 500, 500, 0, 0, 0, 0, 0, 0, 0, 0, 0, 0, 0, 0, 0, NULL, '2024-12-17 04:09:06', '2024-12-22 14:16:08'),
	(189, 8, '23/11/2024', 145, 12, 1, 3, 2, 1, 0, 0, 0, 0, 0, 0, 0, 0, 0, 0, 0, 0, 0, 0, 0, 0, 0, 0, 0, 0, 0, 0, 0, 0, 0, 0, 0, NULL, '2024-12-17 04:09:06', '2024-12-17 04:39:13'),
	(190, 8, '23/11/2024', 146, 12, 1, 3, 2, 1, 1, 0, 0, 0, 0, 0, 0, 0, 0, 0, 0, 0, 0, 0, 0, 0, 0, 0, 0, 0, 0, 0, 0, 0, 0, 0, 0, NULL, '2024-12-17 04:09:07', '2024-12-17 04:39:04'),
	(191, 8, '23/11/2024', 147, 12, 1, 3, 2, 1, 3, 0, 2, 0, 0, 0, 3, 0, 0, 0, 0, 2, 667, 667, 0, 0, 0, 0, 0, 0, 0, 0, 0, 0, 0, 0, 0, NULL, '2024-12-17 04:09:07', '2024-12-22 14:16:51'),
	(192, 8, '23/11/2024', 148, 12, 1, 3, 2, 1, 2, 0, 0, 0, 0, 0, 0, 0, 0, 0, 0, 0, 0, 0, 0, 0, 0, 0, 0, 0, 0, 0, 0, 0, 0, 0, 0, NULL, '2024-12-17 04:09:07', '2024-12-17 04:39:51'),
	(193, 8, '23/11/2024', 149, 12, 1, 3, 2, 1, 1, 0, 0, 0, 0, 0, 0, 1, 1, 0, 0, 0, 0, 0, 0, 0, 0, 0, 0, 0, 0, 0, 0, 0, 0, 0, 0, NULL, '2024-12-17 04:09:07', '2024-12-22 14:17:29'),
	(194, 8, '23/11/2024', 150, 12, 1, 3, 2, 1, 1, 1, 0, 0, 0, 0, 0, 0, 1, 0, 0, 0, 0, 0, 0, 0, 0, 0, 0, 0, 0, 0, 0, 0, 0, 0, 0, NULL, '2024-12-17 04:09:07', '2024-12-17 04:40:38'),
	(195, 9, '23/11/2024', 27, 4, 1, 1, 1, 1, 2, 1, 0, 0, 0, 0, 0, 1, 1, 0, 0, 0, 0, 0, 0, 0, 0, 0, 0, 0, 0, 0, 0, 0, 0, 0, 0, NULL, '2024-12-17 04:58:03', '2024-12-22 14:01:09'),
	(196, 9, '23/11/2024', 28, 4, 1, 1, 1, 1, 3, 2, 3, 0, 0, 0, 1, 0, 0, 1, 0, 3, 1000, 1000, 1, 0, 1, 38.62660944206, 0, 0, 2.33, 10, 10, 2, 5, 0, 0, NULL, '2024-12-17 04:58:03', '2024-12-22 14:01:36'),
	(197, 9, '23/11/2024', 29, 4, 1, 1, 1, 1, 3, 0, 0, 0, 0, 0, 0, 0, 1, 0, 0, 0, 0, 0, 0, 0, 0, 0, 0, 0, 0, 0, 0, 0, 0, 0, 0, NULL, '2024-12-17 04:58:04', '2024-12-17 05:00:24'),
	(198, 9, '23/11/2024', 30, 4, 1, 1, 1, 1, 2, 1, 0, 0, 0, 0, 0, 1, 1, 0, 0, 0, 0, 0, 0, 0, 0, 0, 0, 0, 0, 0, 0, 0, 0, 0, 0, NULL, '2024-12-17 04:58:04', '2024-12-22 14:02:14'),
	(199, 9, '23/11/2024', 31, 4, 1, 1, 1, 1, 2, 1, 2, 0, 0, 0, 1, 1, 0, 1, 0, 2, 1000, 1000, 0, 0, 0, 0, 0, 0, 0, 0, 0, 0, 0, 0, 0, NULL, '2024-12-17 04:58:04', '2024-12-22 14:02:40'),
	(200, 9, '23/11/2024', 32, 4, 1, 1, 1, 1, 2, 2, 1, 0, 0, 0, 0, 0, 0, 0, 0, 1, 500, 500, 0, 0, 0, 0, 0, 0, 0, 0, 0, 0, 0, 0, 0, NULL, '2024-12-17 04:58:04', '2024-12-22 14:03:03'),
	(201, 9, '23/11/2024', 33, 4, 1, 1, 1, 1, 2, 0, 0, 0, 0, 0, 0, 1, 0, 0, 0, 0, 0, 0, 1, 0, 0, 27.272727272727, 0, 0, 0.66, 2, 2, 1, 1, 0, 0, NULL, '2024-12-17 04:58:04', '2024-12-22 14:03:34'),
	(202, 9, '23/11/2024', 34, 4, 1, 1, 1, 1, 1, 1, 0, 0, 0, 0, 1, 1, 0, 0, 0, 0, 0, 0, 0, 0, 0, 0, 0, 0, 0, 0, 0, 0, 0, 0, 0, NULL, '2024-12-17 04:58:04', '2024-12-22 14:04:03'),
	(203, 9, '23/11/2024', 35, 4, 1, 1, 1, 1, 1, 0, 0, 0, 0, 0, 0, 0, 1, 0, 0, 0, 0, 0, 0, 0, 0, 0, 0, 0, 0, 0, 0, 0, 0, 0, 0, NULL, '2024-12-17 04:58:04', '2024-12-17 05:02:45'),
	(204, 9, '23/11/2024', 36, 4, 1, 1, 1, 1, 1, 1, 1, 0, 0, 0, 1, 0, 0, 0, 0, 1, 1000, 1000, 0, 0, 0, 0, 0, 0, 0, 0, 0, 0, 0, 0, 0, NULL, '2024-12-17 04:58:04', '2024-12-22 14:04:23'),
	(205, 9, '23/11/2024', 37, 4, 1, 1, 1, 1, 1, 0, 0, 0, 0, 0, 0, 0, 1, 0, 0, 0, 0, 0, 0, 0, 0, 0, 0, 0, 0, 0, 0, 0, 0, 0, 0, NULL, '2024-12-17 04:58:04', '2024-12-17 05:02:59'),
	(206, 9, '23/11/2024', 38, 4, 1, 1, 1, 1, 1, 0, 0, 0, 0, 0, 0, 0, 1, 0, 0, 0, 0, 0, 0, 0, 0, 0, 0, 0, 0, 0, 0, 0, 0, 0, 0, NULL, '2024-12-17 04:58:04', '2024-12-17 05:02:27'),
	(207, 9, '23/11/2024', 39, 3, 1, 1, 1, 1, 2, 2, 1, 0, 0, 0, 0, 1, 0, 0, 0, 1, 500, 500, 0, 0, 0, 0, 0, 0, 0, 0, 0, 0, 0, 0, 0, NULL, '2024-12-17 04:58:04', '2024-12-22 14:05:54'),
	(208, 9, '23/11/2024', 40, 3, 1, 1, 1, 1, 1, 3, 1, 0, 0, 0, 1, 1, 0, 1, 0, 1, 1000, 1000, 0, 0, 0, 0, 0, 0, 0, 0, 0, 0, 0, 0, 0, NULL, '2024-12-17 04:58:04', '2024-12-22 14:06:23'),
	(209, 9, '23/11/2024', 41, 3, 1, 1, 1, 1, 2, 1, 1, 1, 0, 0, 2, 1, 1, 0, 0, 2, 500, 1500, 0, 0, 0, 0, 0, 0, 0, 0, 0, 0, 0, 0, 0, NULL, '2024-12-17 04:58:04', '2024-12-22 14:06:54'),
	(210, 9, '23/11/2024', 42, 3, 1, 1, 1, 1, 3, 1, 1, 0, 0, 0, 0, 0, 1, 0, 0, 1, 333, 333, 0, 0, 0, 0, 0, 0, 0, 0, 0, 0, 0, 0, 0, NULL, '2024-12-17 04:58:04', '2024-12-22 14:07:08'),
	(211, 9, '23/11/2024', 43, 3, 1, 1, 1, 1, 2, 1, 2, 0, 1, 0, 2, 0, 0, 0, 0, 4, 1000, 2500, 0, 0, 0, 0, 0, 0, 0, 0, 0, 0, 0, 0, 0, NULL, '2024-12-17 04:58:04', '2024-12-24 15:38:00'),
	(212, 9, '23/11/2024', 44, 3, 1, 1, 1, 1, 0, 0, 0, 0, 0, 0, 0, 0, 0, 0, 0, 0, 0, 0, 0, 0, 0, 0, 0, 0, 0, 0, 0, 0, 0, 0, 0, NULL, '2024-12-17 04:58:04', '2024-12-17 05:16:45'),
	(213, 9, '23/11/2024', 45, 3, 1, 1, 1, 1, 2, 1, 1, 1, 0, 0, 0, 0, 1, 0, 0, 2, 500, 1500, 0, 0, 0, 0, 0, 0, 0, 0, 0, 0, 0, 0, 0, NULL, '2024-12-17 04:58:05', '2024-12-22 14:09:19'),
	(214, 9, '23/11/2024', 46, 3, 1, 1, 1, 1, 1, 2, 0, 0, 0, 0, 0, 1, 0, 3, 0, 0, 0, 0, 1, 0, 0, 0, 0, 0, 2, 2, 0, 1, 1, 0, 0, NULL, '2024-12-17 04:58:05', '2024-12-22 14:09:51'),
	(215, 9, '23/11/2024', 47, 3, 1, 1, 1, 1, 0, 0, 0, 0, 0, 0, 0, 0, 0, 0, 0, 0, 0, 0, 0, 0, 0, 0, 0, 0, 0, 0, 0, 0, 0, 0, 0, NULL, '2024-12-17 04:58:05', '2024-12-17 05:16:36'),
	(216, 9, '23/11/2024', 48, 3, 1, 1, 1, 1, 2, 0, 1, 0, 0, 0, 1, 0, 0, 1, 0, 1, 500, 500, 0, 0, 0, 0, 0, 0, 0, 0, 0, 0, 0, 0, 0, NULL, '2024-12-17 04:58:05', '2024-12-22 14:10:12'),
	(217, 9, '23/11/2024', 49, 3, 1, 1, 1, 1, 0, 1, 0, 0, 0, 0, 0, 2, 0, 2, 0, 0, 0, 0, 0, 0, 0, 0, 0, 0, 0, 0, 0, 0, 0, 0, 0, NULL, '2024-12-17 04:58:05', '2024-12-22 14:10:31'),
	(218, 9, '23/11/2024', 50, 3, 1, 1, 1, 1, 1, 0, 0, 0, 0, 0, 0, 0, 0, 0, 0, 0, 0, 0, 0, 0, 0, 0, 0, 0, 0, 0, 0, 0, 0, 0, 0, NULL, '2024-12-17 04:58:05', '2024-12-17 05:15:59'),
	(219, 9, '23/11/2024', 51, 3, 1, 1, 1, 1, 1, 0, 0, 0, 0, 0, 0, 0, 0, 0, 0, 0, 0, 0, 1, 1, 0, 18, 0, 0, 2, 7, 4, 5, 4, 0, 0, NULL, '2024-12-17 04:58:05', '2024-12-17 05:28:35'),
	(220, 10, '23/11/2024', 76, 8, 1, 2, 3, 1, 2, 0, 0, 0, 0, 0, 0, 0, 2, 0, 0, 0, 0, 0, 1, 0, 0, 3, 0, 0, 3, 1, 1, 5, 0, 4, 1, NULL, '2024-12-17 05:37:24', '2024-12-17 06:26:00'),
	(221, 10, '23/11/2024', 77, 8, 1, 2, 3, 1, 3, 1, 0, 0, 0, 0, 0, 0, 2, 0, 0, 0, 0, 0, 0, 0, 0, 0, 0, 0, 0, 0, 0, 0, 0, 0, 0, NULL, '2024-12-17 05:37:24', '2024-12-17 05:47:27'),
	(222, 10, '23/11/2024', 78, 8, 1, 2, 3, 1, 3, 1, 1, 1, 0, 0, 1, 0, 2, 0, 0, 2, 333, 1000, 0, 0, 0, 0, 0, 0, 0, 0, 0, 0, 0, 0, 0, NULL, '2024-12-17 05:37:24', '2024-12-17 05:48:19'),
	(223, 10, '23/11/2024', 79, 8, 1, 2, 3, 1, 2, 0, 0, 0, 0, 0, 0, 0, 2, 0, 0, 0, 0, 0, 1, 0, 0, 0, 0, 0, 0.66, 0, 0, 2, 1, 0, 0, NULL, '2024-12-17 05:37:24', '2024-12-17 06:27:41'),
	(224, 10, '23/11/2024', 80, 8, 1, 2, 3, 1, 1, 1, 0, 0, 0, 0, 0, 1, 1, 1, 0, 0, 0, 0, 0, 0, 0, 0, 0, 0, 0, 0, 0, 0, 0, 0, 0, NULL, '2024-12-17 05:37:24', '2024-12-17 05:49:31'),
	(225, 10, '23/11/2024', 81, 8, 1, 2, 3, 1, 1, 0, 1, 0, 0, 0, 0, 0, 0, 0, 0, 1, 1000, 1000, 0, 0, 0, 0, 0, 0, 0, 0, 0, 0, 0, 0, 0, NULL, '2024-12-17 05:37:24', '2024-12-17 05:50:16'),
	(226, 10, '23/11/2024', 82, 8, 1, 2, 3, 1, 2, 0, 2, 0, 0, 0, 2, 0, 0, 1, 0, 2, 1000, 1000, 0, 0, 0, 0, 0, 0, 0, 0, 0, 0, 0, 0, 0, NULL, '2024-12-17 05:37:25', '2024-12-17 05:50:45'),
	(227, 10, '23/11/2024', 83, 8, 1, 2, 3, 1, 2, 0, 0, 0, 0, 0, 0, 0, 2, 0, 0, 0, 0, 0, 0, 0, 0, 0, 0, 0, 0, 0, 0, 0, 0, 0, 0, NULL, '2024-12-17 05:37:25', '2024-12-17 05:51:04'),
	(228, 10, '23/11/2024', 84, 8, 1, 2, 3, 1, 1, 0, 0, 0, 0, 0, 0, 0, 1, 0, 0, 0, 0, 0, 0, 0, 0, 0, 0, 0, 0, 0, 0, 0, 0, 0, 0, NULL, '2024-12-17 05:37:25', '2024-12-17 05:51:26'),
	(229, 10, '23/11/2024', 85, 8, 1, 2, 3, 1, 1, 0, 0, 0, 0, 0, 0, 0, 1, 0, 0, 0, 0, 0, 0, 0, 0, 0, 0, 0, 0, 0, 0, 0, 0, 0, 0, NULL, '2024-12-17 05:37:25', '2024-12-17 05:52:16'),
	(230, 10, '23/11/2024', 118, 8, 1, 2, 3, 1, 1, 0, 0, 0, 0, 0, 0, 0, 1, 0, 0, 0, 0, 0, 1, 1, 0, 6.7669172932331, 0, 0, 1.33, 1, 1, 3, 3, 0, 0, NULL, '2024-12-17 05:37:25', '2024-12-17 06:26:57'),
	(231, 10, '23/11/2024', 119, 8, 1, 2, 3, 0, 0, 0, 0, 0, 0, 0, 0, 0, 0, 0, 0, 0, 0, 0, 0, 0, 0, 0, 0, 0, 0, 0, 0, 0, 0, 0, 0, NULL, '2024-12-17 05:37:25', '2024-12-17 05:37:25'),
	(232, 10, '23/11/2024', 120, 8, 1, 2, 3, 1, 0, 0, 0, 0, 0, 0, 0, 1, 0, 0, 0, 0, 0, 0, 0, 0, 0, 0, 0, 0, 0, 0, 0, 0, 0, 0, 0, NULL, '2024-12-17 05:37:25', '2024-12-17 05:51:49'),
	(233, 10, '23/11/2024', 121, 8, 1, 2, 3, 1, 0, 0, 0, 0, 0, 0, 0, 0, 0, 0, 0, 0, 0, 0, 0, 0, 0, 0, 0, 0, 0, 0, 0, 0, 0, 0, 0, NULL, '2024-12-17 05:37:26', '2024-12-17 05:49:52'),
	(234, 10, '23/11/2024', 122, 8, 1, 2, 3, 1, 1, 0, 0, 0, 0, 0, 0, 0, 1, 0, 0, 0, 0, 0, 0, 0, 0, 0, 0, 0, 0, 0, 0, 0, 0, 0, 0, NULL, '2024-12-17 05:37:26', '2024-12-17 05:52:33'),
	(235, 10, '23/11/2024', 86, 7, 1, 2, 3, 1, 2, 2, 1, 0, 0, 0, 0, 1, 0, 1, 0, 1, 500, 500, 0, 0, 0, 0, 0, 0, 0, 0, 0, 0, 0, 0, 0, NULL, '2024-12-17 05:37:26', '2024-12-17 06:02:25'),
	(236, 10, '23/11/2024', 87, 7, 1, 2, 3, 1, 2, 0, 2, 1, 0, 0, 1, 1, 0, 1, 0, 3, 1000, 2000, 1, 0, 0, 0, 0, 0, 1.66, 0, 0, 5, 0, 2, 0, NULL, '2024-12-17 05:37:26', '2024-12-17 06:24:08'),
	(237, 10, '23/11/2024', 88, 7, 1, 2, 3, 1, 2, 0, 0, 0, 0, 0, 0, 1, 2, 0, 0, 0, 0, 0, 1, 0, 1, 5.4054054054054, 0, 0, 3.33, 3, 2, 10, 0, 1, 1, NULL, '2024-12-17 05:37:26', '2024-12-17 06:24:36'),
	(238, 10, '23/11/2024', 89, 7, 1, 2, 3, 1, 1, 0, 0, 0, 0, 0, 1, 0, 1, 0, 0, 0, 0, 0, 0, 0, 0, 0, 0, 0, 0, 0, 0, 0, 0, 0, 0, NULL, '2024-12-17 05:37:26', '2024-12-17 06:05:36'),
	(239, 10, '23/11/2024', 90, 7, 1, 2, 3, 1, 2, 0, 0, 0, 0, 0, 0, 0, 1, 0, 0, 0, 0, 0, 0, 0, 0, 0, 0, 0, 0, 0, 0, 0, 0, 0, 0, NULL, '2024-12-17 05:37:26', '2024-12-17 06:06:08'),
	(240, 10, '23/11/2024', 91, 7, 1, 2, 3, 1, 1, 0, 0, 0, 0, 0, 0, 0, 1, 0, 0, 0, 0, 0, 0, 0, 0, 0, 0, 0, 0, 0, 0, 0, 0, 0, 0, NULL, '2024-12-17 05:37:26', '2024-12-17 06:06:29'),
	(241, 10, '23/11/2024', 92, 7, 1, 2, 3, 1, 2, 0, 0, 0, 0, 0, 0, 0, 1, 0, 0, 0, 0, 0, 0, 0, 0, 0, 0, 0, 0, 0, 0, 0, 0, 0, 0, NULL, '2024-12-17 05:37:26', '2024-12-17 06:07:03'),
	(242, 10, '23/11/2024', 93, 7, 1, 2, 3, 1, 2, 0, 1, 0, 0, 0, 0, 0, 1, 0, 0, 0, 500, 500, 0, 0, 0, 0, 0, 0, 0, 0, 0, 0, 0, 0, 0, NULL, '2024-12-17 05:37:27', '2024-12-17 06:10:30'),
	(243, 10, '23/11/2024', 94, 7, 1, 2, 3, 1, 1, 0, 0, 0, 0, 0, 0, 0, 1, 0, 0, 0, 0, 0, 0, 0, 0, 0, 0, 0, 0, 0, 0, 0, 0, 0, 0, NULL, '2024-12-17 05:37:27', '2024-12-17 06:09:58'),
	(244, 10, '23/11/2024', 95, 7, 1, 2, 3, 1, 2, 0, 0, 0, 0, 0, 0, 0, 2, 0, 0, 0, 0, 0, 0, 0, 0, 0, 0, 0, 0, 0, 0, 0, 0, 0, 0, NULL, '2024-12-17 05:37:27', '2024-12-17 06:10:51'),
	(245, 10, '23/11/2024', 96, 7, 1, 2, 3, 1, 1, 0, 0, 0, 0, 0, 0, 0, 0, 0, 0, 0, 0, 0, 0, 0, 0, 0, 0, 0, 0, 0, 0, 0, 0, 0, 0, NULL, '2024-12-17 05:37:27', '2024-12-17 06:10:10'),
	(246, 10, '23/11/2024', 97, 7, 1, 2, 3, 1, 1, 0, 0, 0, 0, 0, 0, 0, 1, 0, 0, 0, 0, 0, 0, 0, 0, 0, 0, 0, 0, 0, 0, 0, 0, 0, 0, NULL, '2024-12-17 05:37:27', '2024-12-17 06:06:46'),
	(247, 11, '30/11/2024', 63, 5, 1, 1, 1, 1, 2, 0, 0, 0, 0, 0, 0, 0, 1, 0, 0, 0, 0, 0, 0, 0, 0, 0, 0, 0, 0, 0, 0, 0, 0, 0, 0, NULL, '2024-12-29 16:04:41', '2024-12-29 16:36:40'),
	(248, 11, '30/11/2024', 64, 5, 1, 1, 1, 1, 0, 1, 0, 0, 0, 0, 0, 1, 0, 0, 0, 0, 0, 0, 1, 0, 0, 0, 0, 0, 0.66, 8, 0, 1, 3, 6, 0, NULL, '2024-12-29 16:04:41', '2024-12-29 16:53:40'),
	(249, 11, '30/11/2024', 65, 5, 1, 1, 1, 1, 1, 1, 0, 0, 0, 0, 1, 1, 0, 2, 0, 0, 0, 0, 0, 0, 0, 0, 0, 0, 0, 0, 0, 0, 0, 0, 0, NULL, '2024-12-29 16:04:41', '2024-12-29 16:33:22'),
	(250, 11, '30/11/2024', 66, 5, 1, 1, 1, 1, 1, 0, 0, 0, 0, 0, 0, 1, 1, 1, 0, 0, 0, 0, 0, 0, 0, 0, 0, 0, 0, 0, 0, 0, 0, 0, 0, NULL, '2024-12-29 16:04:41', '2024-12-29 16:35:53'),
	(251, 11, '30/11/2024', 67, 5, 1, 1, 1, 1, 0, 0, 0, 0, 0, 0, 0, 1, 0, 0, 0, 0, 0, 0, 0, 0, 0, 0, 0, 0, 0, 0, 0, 0, 0, 0, 0, NULL, '2024-12-29 16:04:41', '2024-12-29 16:37:15'),
	(252, 11, '30/11/2024', 68, 5, 1, 1, 1, 1, 1, 0, 0, 0, 0, 0, 0, 0, 0, 0, 0, 0, 0, 0, 0, 0, 0, 0, 0, 0, 0, 0, 0, 0, 0, 0, 0, NULL, '2024-12-29 16:04:41', '2024-12-29 16:36:18'),
	(253, 11, '30/11/2024', 69, 5, 1, 1, 1, 1, 2, 0, 1, 0, 0, 0, 0, 0, 0, 1, 0, 1, 500, 500, 1, 0, 1, 30.901287553648, 0, 0, 2.33, 8, 8, 2, 1, 7, 0, NULL, '2024-12-29 16:04:41', '2024-12-29 16:52:40'),
	(254, 11, '30/11/2024', 70, 5, 1, 1, 1, 0, 0, 0, 0, 0, 0, 0, 0, 0, 0, 0, 0, 0, 0, 0, 0, 0, 0, 0, 0, 0, 0, 0, 0, 0, 0, 0, 0, NULL, '2024-12-29 16:04:41', '2024-12-29 16:04:41'),
	(255, 11, '30/11/2024', 71, 5, 1, 1, 1, 1, 2, 0, 1, 1, 0, 0, 0, 0, 0, 0, 0, 2, 500, 1500, 0, 0, 0, 0, 0, 0, 0, 0, 0, 0, 0, 0, 0, NULL, '2024-12-29 16:04:41', '2024-12-29 16:32:35'),
	(256, 11, '30/11/2024', 72, 5, 1, 1, 1, 0, 0, 0, 0, 0, 0, 0, 0, 0, 0, 0, 0, 0, 0, 0, 0, 0, 0, 0, 0, 0, 0, 0, 0, 0, 0, 0, 0, NULL, '2024-12-29 16:04:41', '2024-12-29 16:04:41'),
	(257, 11, '30/11/2024', 73, 5, 1, 1, 1, 0, 0, 0, 0, 0, 0, 0, 0, 0, 0, 0, 0, 0, 0, 0, 0, 0, 0, 0, 0, 0, 0, 0, 0, 0, 0, 0, 0, NULL, '2024-12-29 16:04:42', '2024-12-29 16:04:42'),
	(258, 11, '30/11/2024', 74, 5, 1, 1, 1, 1, 2, 0, 0, 0, 0, 0, 0, 0, 2, 0, 0, 0, 0, 0, 0, 0, 0, 0, 0, 0, 0, 0, 0, 0, 0, 0, 0, NULL, '2024-12-29 16:04:42', '2024-12-29 16:34:48'),
	(259, 11, '30/11/2024', 75, 5, 1, 1, 1, 1, 2, 0, 0, 0, 0, 0, 0, 0, 2, 0, 0, 0, 0, 0, 0, 0, 0, 0, 0, 0, 0, 0, 0, 0, 0, 0, 0, NULL, '2024-12-29 16:04:42', '2024-12-29 16:34:35'),
	(260, 11, '30/11/2024', 52, 6, 1, 1, 1, 1, 2, 3, 1, 0, 0, 0, 0, 1, 0, 2, 0, 1, 500, 500, 0, 0, 0, 0, 0, 0, 0, 0, 0, 0, 0, 0, 0, NULL, '2024-12-29 16:04:42', '2024-12-29 16:16:32'),
	(261, 11, '30/11/2024', 53, 6, 1, 1, 1, 1, 3, 2, 2, 0, 0, 0, 1, 0, 0, 1, 0, 2, 667, 667, 0, 0, 0, 0, 0, 0, 0, 0, 0, 0, 0, 0, 0, NULL, '2024-12-29 16:04:42', '2024-12-29 16:17:31'),
	(262, 11, '30/11/2024', 54, 6, 1, 1, 1, 1, 3, 3, 3, 0, 0, 0, 3, 0, 0, 2, 0, 3, 1000, 1000, 0, 0, 0, 0, 0, 0, 0, 0, 0, 0, 0, 0, 0, NULL, '2024-12-29 16:04:42', '2024-12-29 16:19:45'),
	(263, 11, '30/11/2024', 55, 6, 1, 1, 1, 1, 1, 1, 0, 0, 0, 0, 1, 1, 0, 0, 0, 0, 0, 0, 0, 0, 0, 0, 0, 0, 0, 0, 0, 0, 0, 0, 0, NULL, '2024-12-29 16:04:42', '2024-12-29 16:20:31'),
	(264, 11, '30/11/2024', 56, 6, 1, 1, 1, 1, 3, 2, 3, 1, 0, 0, 1, 0, 0, 1, 0, 4, 1000, 1667, 0, 0, 0, 0, 0, 0, 0, 0, 0, 0, 0, 0, 0, NULL, '2024-12-29 16:04:42', '2024-12-29 16:21:48'),
	(265, 11, '30/11/2024', 57, 6, 1, 1, 1, 1, 2, 0, 0, 0, 0, 0, 0, 0, 0, 0, 0, 0, 0, 0, 1, 1, 0, 6, 0, 0, 3, 2, 2, 5, 4, 2, 0, NULL, '2024-12-29 16:04:42', '2024-12-29 16:43:17'),
	(266, 11, '30/11/2024', 58, 6, 1, 1, 1, 1, 1, 1, 0, 0, 0, 0, 0, 0, 0, 1, 0, 0, 0, 0, 0, 0, 0, 0, 0, 0, 0, 0, 0, 0, 0, 0, 0, NULL, '2024-12-29 16:04:42', '2024-12-29 16:28:49'),
	(267, 11, '30/11/2024', 59, 6, 1, 1, 1, 1, 3, 1, 1, 0, 0, 0, 0, 0, 1, 0, 0, 1, 333, 333, 0, 0, 0, 0, 0, 0, 0, 0, 0, 0, 0, 0, 0, NULL, '2024-12-29 16:04:42', '2024-12-29 16:29:54'),
	(268, 11, '30/11/2024', 60, 6, 1, 1, 1, 1, 2, 2, 2, 0, 0, 1, 3, 0, 0, 1, 0, 5, 1000, 3000, 0, 0, 0, 0, 0, 0, 0, 0, 0, 0, 0, 0, 0, NULL, '2024-12-29 16:04:42', '2024-12-29 16:30:46'),
	(269, 11, '30/11/2024', 61, 6, 1, 1, 1, 1, 1, 1, 0, 0, 0, 0, 0, 1, 1, 0, 0, 0, 0, 0, 0, 0, 0, 0, 0, 0, 0, 0, 0, 0, 0, 0, 0, NULL, '2024-12-29 16:04:42', '2024-12-29 16:31:39'),
	(270, 11, '30/11/2024', 62, 6, 1, 1, 1, 1, 1, 0, 1, 0, 0, 0, 1, 0, 0, 0, 0, 1, 1000, 1000, 1, 0, 0, 0, 0, 0, 1, 0, 0, 1, 0, 0, 0, NULL, '2024-12-29 16:04:42', '2024-12-29 16:45:23'),
	(271, 12, '23/11/2024', 177, 5, 1, 1, 1, 1, 1, 0, 1, 0, 0, 0, 0, 0, 0, 1, 0, 1, 1000, 1000, 1, 0, 0, 163.63636363636, 0, 0, 0.33, 6, 6, 1, 0, 5, 3, NULL, '2024-12-29 20:20:15', '2024-12-29 20:43:14'),
	(272, 12, '23/11/2024', 178, 5, 1, 1, 1, 1, 1, 0, 0, 0, 0, 0, 0, 0, 1, 0, 0, 0, 0, 0, 0, 0, 0, 0, 0, 0, 0, 0, 0, 0, 0, 0, 0, NULL, '2024-12-29 20:20:15', '2024-12-29 20:22:50'),
	(273, 12, '23/11/2024', 179, 5, 1, 1, 1, 1, 1, 0, 0, 0, 0, 0, 0, 0, 0, 0, 0, 0, 0, 0, 0, 0, 0, 0, 0, 0, 0, 0, 0, 0, 0, 0, 0, NULL, '2024-12-29 20:20:15', '2024-12-29 20:23:05'),
	(274, 12, '23/11/2024', 180, 5, 1, 1, 1, 1, 1, 0, 0, 0, 0, 0, 0, 0, 0, 0, 0, 0, 0, 0, 0, 0, 0, 0, 0, 0, 0, 0, 0, 0, 0, 0, 0, NULL, '2024-12-29 20:20:15', '2024-12-29 20:23:23'),
	(275, 12, '23/11/2024', 181, 5, 1, 1, 1, 1, 1, 0, 0, 0, 0, 0, 0, 0, 1, 0, 0, 0, 0, 0, 0, 0, 0, 0, 0, 0, 0, 0, 0, 0, 0, 0, 0, NULL, '2024-12-29 20:20:15', '2024-12-29 20:23:55'),
	(276, 12, '23/11/2024', 182, 5, 1, 1, 1, 1, 1, 0, 0, 0, 0, 0, 0, 0, 0, 0, 0, 0, 0, 0, 0, 0, 0, 0, 0, 0, 0, 0, 0, 0, 0, 0, 0, NULL, '2024-12-29 20:20:15', '2024-12-29 20:24:15'),
	(277, 12, '23/11/2024', 183, 5, 1, 1, 1, 1, 1, 0, 0, 0, 0, 0, 0, 0, 1, 0, 0, 0, 0, 0, 0, 0, 0, 0, 0, 0, 0, 0, 0, 0, 0, 0, 0, NULL, '2024-12-29 20:20:15', '2024-12-29 20:24:34'),
	(278, 12, '23/11/2024', 184, 5, 1, 1, 1, 1, 1, 0, 0, 0, 0, 0, 0, 0, 1, 0, 0, 0, 0, 0, 0, 0, 0, 0, 0, 0, 0, 0, 0, 0, 0, 0, 0, NULL, '2024-12-29 20:20:15', '2024-12-29 20:25:02'),
	(279, 12, '23/11/2024', 185, 5, 1, 1, 1, 1, 1, 0, 0, 0, 0, 0, 0, 0, 0, 0, 0, 0, 0, 0, 1, 0, 1, 36, 0, 0, 2, 8, 8, 2, 2, 8, 4, NULL, '2024-12-29 20:20:15', '2024-12-29 20:39:20'),
	(280, 12, '23/11/2024', 186, 5, 1, 1, 1, 1, 1, 0, 0, 0, 0, 0, 0, 0, 1, 0, 0, 0, 0, 0, 0, 0, 0, 0, 0, 0, 0, 0, 0, 0, 0, 0, 0, NULL, '2024-12-29 20:20:15', '2024-12-29 20:26:04'),
	(281, 12, '23/11/2024', 187, 5, 1, 1, 1, 1, 0, 0, 0, 0, 0, 0, 0, 0, 0, 0, 0, 0, 0, 0, 1, 0, 0, 9999, 0, 0, 0, 2, 2, 0, 1, 1, 0, NULL, '2024-12-29 20:20:15', '2024-12-29 20:40:13'),
	(282, 12, '23/11/2024', 52, 15, 1, 1, 1, 1, 3, 2, 3, 2, 0, 0, 1, 0, 0, 0, 0, 5, 1000, 2333, 1, 1, 0, 0, 0, 0, 3, 0, 0, 5, 0, 1, 0, NULL, '2024-12-29 20:20:15', '2024-12-29 20:37:27'),
	(283, 12, '23/11/2024', 53, 15, 1, 1, 1, 1, 3, 2, 2, 0, 0, 0, 1, 0, 0, 0, 0, 2, 667, 667, 0, 0, 0, 0, 0, 0, 0, 0, 0, 0, 0, 0, 0, NULL, '2024-12-29 20:20:15', '2024-12-29 20:29:31'),
	(284, 12, '23/11/2024', 54, 15, 1, 1, 1, 1, 1, 2, 0, 0, 0, 0, 0, 2, 0, 0, 0, 0, 0, 0, 0, 0, 0, 0, 0, 0, 0, 0, 0, 0, 0, 0, 0, NULL, '2024-12-29 20:20:15', '2024-12-29 20:30:36'),
	(285, 12, '23/11/2024', 55, 15, 1, 1, 1, 1, 3, 2, 2, 0, 0, 0, 0, 0, 1, 0, 0, 2, 667, 667, 0, 0, 0, 0, 0, 0, 0, 0, 0, 0, 0, 0, 0, NULL, '2024-12-29 20:20:15', '2024-12-29 20:31:32'),
	(286, 12, '23/11/2024', 56, 15, 1, 1, 1, 1, 2, 3, 2, 2, 0, 0, 3, 1, 0, 0, 0, 4, 1000, 3000, 0, 0, 0, 0, 0, 0, 0, 0, 0, 0, 0, 0, 0, NULL, '2024-12-29 20:20:15', '2024-12-29 20:32:38'),
	(287, 12, '23/11/2024', 57, 15, 1, 1, 1, 1, 3, 2, 2, 2, 0, 0, 4, 0, 0, 0, 0, 4, 667, 2000, 0, 0, 0, 0, 0, 0, 0, 0, 0, 0, 0, 0, 0, NULL, '2024-12-29 20:20:15', '2024-12-29 20:33:15'),
	(288, 12, '23/11/2024', 58, 15, 1, 1, 1, 1, 2, 1, 2, 1, 0, 0, 2, 0, 0, 0, 0, 3, 1000, 2000, 0, 0, 0, 0, 0, 0, 0, 0, 0, 0, 0, 0, 0, NULL, '2024-12-29 20:20:15', '2024-12-29 20:33:57'),
	(289, 12, '23/11/2024', 59, 15, 1, 1, 1, 1, 1, 1, 0, 0, 0, 0, 0, 1, 0, 0, 0, 0, 0, 0, 0, 0, 0, 0, 0, 0, 0, 0, 0, 0, 0, 0, 0, NULL, '2024-12-29 20:20:15', '2024-12-29 20:34:39'),
	(290, 12, '23/11/2024', 60, 15, 1, 1, 1, 1, 1, 1, 1, 0, 0, 0, 1, 0, 0, 0, 0, 1, 1000, 1000, 0, 0, 0, 0, 0, 0, 0, 0, 0, 0, 0, 0, 0, NULL, '2024-12-29 20:20:15', '2024-12-29 20:35:23'),
	(291, 12, '23/11/2024', 61, 15, 1, 1, 1, 1, 1, 0, 0, 0, 0, 0, 0, 0, 1, 0, 0, 0, 0, 0, 0, 0, 0, 0, 0, 0, 0, 0, 0, 0, 0, 0, 0, NULL, '2024-12-29 20:20:15', '2024-12-29 20:36:12'),
	(292, 12, '23/11/2024', 62, 15, 1, 1, 1, 1, 1, 0, 0, 0, 0, 0, 0, 0, 1, 0, 0, 0, 0, 0, 0, 0, 0, 0, 0, 0, 0, 0, 0, 0, 0, 0, 0, NULL, '2024-12-29 20:20:15', '2024-12-29 20:35:53');

-- Volcando estructura para tabla zamora.ligas
CREATE TABLE IF NOT EXISTS `ligas` (
  `id` bigint unsigned NOT NULL AUTO_INCREMENT,
  `liga` varchar(30) COLLATE utf8mb4_unicode_ci DEFAULT NULL,
  `ubicacion` varchar(30) COLLATE utf8mb4_unicode_ci DEFAULT NULL,
  `deporte_id` bigint unsigned DEFAULT NULL,
  `created_at` timestamp NULL DEFAULT NULL,
  `updated_at` timestamp NULL DEFAULT NULL,
  PRIMARY KEY (`id`),
  KEY `ligas_deporte_id_foreign` (`deporte_id`),
  CONSTRAINT `ligas_deporte_id_foreign` FOREIGN KEY (`deporte_id`) REFERENCES `deportes` (`id`) ON DELETE CASCADE
) ENGINE=InnoDB AUTO_INCREMENT=2 DEFAULT CHARSET=utf8mb4 COLLATE=utf8mb4_unicode_ci;

-- Volcando datos para la tabla zamora.ligas: ~1 rows (aproximadamente)
REPLACE INTO `ligas` (`id`, `liga`, `ubicacion`, `deporte_id`, `created_at`, `updated_at`) VALUES
	(1, 'Liga de Beisbol Menor Zamora', 'Guatire', 1, '2024-12-15 17:37:23', '2024-12-15 17:37:23');

-- Volcando estructura para tabla zamora.migrations
CREATE TABLE IF NOT EXISTS `migrations` (
  `id` int unsigned NOT NULL AUTO_INCREMENT,
  `migration` varchar(255) COLLATE utf8mb4_unicode_ci NOT NULL,
  `batch` int NOT NULL,
  PRIMARY KEY (`id`)
) ENGINE=InnoDB AUTO_INCREMENT=25 DEFAULT CHARSET=utf8mb4 COLLATE=utf8mb4_unicode_ci;

-- Volcando datos para la tabla zamora.migrations: ~24 rows (aproximadamente)
REPLACE INTO `migrations` (`id`, `migration`, `batch`) VALUES
	(1, '2024_10_24_111552_create_condiciones_table', 1),
	(2, '2024_10_26_154342_create_estatus_torneos_table', 1),
	(3, '2024_10_26_154343_create_arbitros_table', 1),
	(4, '2024_10_26_154354_create_deportes_table', 1),
	(5, '2024_10_26_154355_create_anotadores_table', 1),
	(6, '2024_10_26_154409_create_grupos_table', 1),
	(7, '2024_10_26_154419_create_estadios_table', 1),
	(8, '2024_10_26_154428_create_ligas_table', 1),
	(9, '2024_10_26_154436_create_categorias_table', 1),
	(10, '2024_10_26_154446_create_niveles_table', 1),
	(11, '2024_10_26_154502_create_users_table', 1),
	(12, '2024_10_26_154503_create_cache_table', 1),
	(13, '2024_10_26_154504_create_jobs_table', 1),
	(14, '2024_10_26_154505_add_two_factor_columns_to_users_table', 1),
	(15, '2024_10_26_154506_create_personal_access_tokens_table', 1),
	(16, '2024_10_26_154533_create_campeonatos_table', 1),
	(17, '2024_10_26_154534_create_equipos_table', 1),
	(18, '2024_10_26_154544_create_noticias_table', 1),
	(19, '2024_10_26_154599_create_jugadores_table', 1),
	(20, '2024_10_26_154600_create_calendarios_table', 1),
	(21, '2024_10_26_154601_create_jugadores_numeros_table', 1),
	(22, '2024_10_26_154602_create_jugadores_defensivas_table', 1),
	(23, '2024_10_26_154626_create_posiciones_table', 1),
	(24, '2024_10_26_154715_create_visitas_table', 1);

-- Volcando estructura para tabla zamora.niveles
CREATE TABLE IF NOT EXISTS `niveles` (
  `id` bigint unsigned NOT NULL AUTO_INCREMENT,
  `nivel` varchar(20) COLLATE utf8mb4_unicode_ci DEFAULT NULL,
  `created_at` timestamp NULL DEFAULT NULL,
  `updated_at` timestamp NULL DEFAULT NULL,
  PRIMARY KEY (`id`)
) ENGINE=InnoDB AUTO_INCREMENT=3 DEFAULT CHARSET=utf8mb4 COLLATE=utf8mb4_unicode_ci;

-- Volcando datos para la tabla zamora.niveles: ~2 rows (aproximadamente)
REPLACE INTO `niveles` (`id`, `nivel`, `created_at`, `updated_at`) VALUES
	(1, 'Administrador', '2024-12-15 17:34:19', '2024-12-15 17:34:19'),
	(2, 'Recopilador', '2024-12-15 17:34:19', '2024-12-15 17:34:19');

-- Volcando estructura para tabla zamora.noticias
CREATE TABLE IF NOT EXISTS `noticias` (
  `id` bigint unsigned NOT NULL AUTO_INCREMENT,
  `imagen` varchar(2048) COLLATE utf8mb4_unicode_ci DEFAULT NULL,
  `titulo` varchar(100) COLLATE utf8mb4_unicode_ci DEFAULT NULL,
  `desarrollo` text COLLATE utf8mb4_unicode_ci,
  `estatus_id` bigint unsigned DEFAULT NULL,
  `created_at` timestamp NULL DEFAULT NULL,
  `updated_at` timestamp NULL DEFAULT NULL,
  PRIMARY KEY (`id`),
  KEY `noticias_estatus_id_foreign` (`estatus_id`),
  CONSTRAINT `noticias_estatus_id_foreign` FOREIGN KEY (`estatus_id`) REFERENCES `estatus_torneos` (`id`) ON DELETE CASCADE
) ENGINE=InnoDB AUTO_INCREMENT=2 DEFAULT CHARSET=utf8mb4 COLLATE=utf8mb4_unicode_ci;

-- Volcando datos para la tabla zamora.noticias: ~1 rows (aproximadamente)
REPLACE INTO `noticias` (`id`, `imagen`, `titulo`, `desarrollo`, `estatus_id`, `created_at`, `updated_at`) VALUES
	(1, 'noticias/MofImhycx0kOP1J4qnoticia.png', '¡Play Ball! Inicia el Campeonato de Béisbol Menor Zamora 2024 - 2025', 'Con gran entusiasmo y un ambiente lleno de energía, este fin de semana se llevó a cabo la inauguración oficial del Campeonato de Béisbol Menor Zamora 2024. El evento, realizado en el estadio Miguel Lorenzo Garcia, reunió a niños, padres, entrenadores y aficionados que comparten la pasión por este deporte, celebrando el inicio de una nueva temporada llena de retos y emociones.  La ceremonia inaugural contó con un desfile de los equipos participantes, quienes representaron con orgullo a sus categorías y clubes. Entre aplausos y coloridas pancartas, los pequeños peloteros desfilaron luciendo sus uniformes, demostrando el espíritu de unidad y trabajo en equipo que caracteriza a esta liga.  Durante el acto protocolar, se rindió homenaje a los valores del béisbol menor: disciplina, compañerismo y esfuerzo, acompañado de emotivas palabras de bienvenida del presidente de la liga, Pablo Cruz.  El Campeonato de Béisbol Menor Zamora es un evento clave para fomentar el desarrollo deportivo en nuestra región, involucrando a jóvenes promesas del béisbol. A lo largo de esta temporada, se disputarán encuentros emocionantes en diferentes categorías, desde semillitas hasta juvenil, promoviendo el crecimiento integral de los niños a través del deporte.  La Liga de Béisbol Menor Zamora agradece el apoyo de padres, patrocinadores y la comunidad en general, quienes hacen posible la realización de este campeonato. ¡El terreno de juego ya está listo para vivir grandes momentos! ¡Que comience la acción!', 1, '2024-12-16 03:14:12', '2024-12-22 13:13:13');

-- Volcando estructura para tabla zamora.password_reset_tokens
CREATE TABLE IF NOT EXISTS `password_reset_tokens` (
  `email` varchar(255) COLLATE utf8mb4_unicode_ci NOT NULL,
  `token` varchar(255) COLLATE utf8mb4_unicode_ci NOT NULL,
  `created_at` timestamp NULL DEFAULT NULL,
  PRIMARY KEY (`email`)
) ENGINE=InnoDB DEFAULT CHARSET=utf8mb4 COLLATE=utf8mb4_unicode_ci;

-- Volcando datos para la tabla zamora.password_reset_tokens: ~0 rows (aproximadamente)

-- Volcando estructura para tabla zamora.personal_access_tokens
CREATE TABLE IF NOT EXISTS `personal_access_tokens` (
  `id` bigint unsigned NOT NULL AUTO_INCREMENT,
  `tokenable_type` varchar(255) COLLATE utf8mb4_unicode_ci NOT NULL,
  `tokenable_id` bigint unsigned NOT NULL,
  `name` varchar(255) COLLATE utf8mb4_unicode_ci NOT NULL,
  `token` varchar(64) COLLATE utf8mb4_unicode_ci NOT NULL,
  `abilities` text COLLATE utf8mb4_unicode_ci,
  `last_used_at` timestamp NULL DEFAULT NULL,
  `expires_at` timestamp NULL DEFAULT NULL,
  `created_at` timestamp NULL DEFAULT NULL,
  `updated_at` timestamp NULL DEFAULT NULL,
  PRIMARY KEY (`id`),
  UNIQUE KEY `personal_access_tokens_token_unique` (`token`),
  KEY `personal_access_tokens_tokenable_type_tokenable_id_index` (`tokenable_type`,`tokenable_id`)
) ENGINE=InnoDB DEFAULT CHARSET=utf8mb4 COLLATE=utf8mb4_unicode_ci;

-- Volcando datos para la tabla zamora.personal_access_tokens: ~0 rows (aproximadamente)

-- Volcando estructura para tabla zamora.posiciones
CREATE TABLE IF NOT EXISTS `posiciones` (
  `id` bigint unsigned NOT NULL AUTO_INCREMENT,
  `categoria_id` bigint unsigned DEFAULT NULL,
  `campeonato_id` bigint unsigned DEFAULT NULL,
  `grupo_id` bigint unsigned DEFAULT NULL,
  `equipo_id` bigint unsigned DEFAULT NULL,
  `jugados` int DEFAULT NULL,
  `ganados` int DEFAULT NULL,
  `perdidos` int DEFAULT NULL,
  `empatados` int DEFAULT NULL,
  `porcentaje` double DEFAULT NULL,
  `created_at` timestamp NULL DEFAULT NULL,
  `updated_at` timestamp NULL DEFAULT NULL,
  PRIMARY KEY (`id`),
  KEY `posiciones_categoria_id_foreign` (`categoria_id`),
  KEY `posiciones_campeonato_id_foreign` (`campeonato_id`),
  KEY `posiciones_grupo_id_foreign` (`grupo_id`),
  KEY `posiciones_equipo_id_foreign` (`equipo_id`),
  CONSTRAINT `posiciones_campeonato_id_foreign` FOREIGN KEY (`campeonato_id`) REFERENCES `campeonatos` (`id`) ON DELETE CASCADE,
  CONSTRAINT `posiciones_categoria_id_foreign` FOREIGN KEY (`categoria_id`) REFERENCES `categorias` (`id`) ON DELETE CASCADE,
  CONSTRAINT `posiciones_equipo_id_foreign` FOREIGN KEY (`equipo_id`) REFERENCES `equipos` (`id`) ON DELETE CASCADE,
  CONSTRAINT `posiciones_grupo_id_foreign` FOREIGN KEY (`grupo_id`) REFERENCES `grupos` (`id`) ON DELETE CASCADE
) ENGINE=InnoDB AUTO_INCREMENT=30 DEFAULT CHARSET=utf8mb4 COLLATE=utf8mb4_unicode_ci;

-- Volcando datos para la tabla zamora.posiciones: ~21 rows (aproximadamente)
REPLACE INTO `posiciones` (`id`, `categoria_id`, `campeonato_id`, `grupo_id`, `equipo_id`, `jugados`, `ganados`, `perdidos`, `empatados`, `porcentaje`, `created_at`, `updated_at`) VALUES
	(3, 4, 5, 10, 21, 1, 1, 0, 0, 1000, '2024-12-16 03:29:46', '2024-12-16 03:29:46'),
	(4, 4, 5, 10, 22, 1, 0, 1, 0, 0, '2024-12-16 03:29:46', '2024-12-16 03:29:46'),
	(5, 5, 4, 10, 20, 1, 0, 0, 1, 500, '2024-12-16 17:17:34', '2024-12-16 18:00:26'),
	(6, 5, 4, 10, 19, 1, 0, 0, 1, 500, '2024-12-16 17:17:35', '2024-12-16 18:00:26'),
	(7, 5, 4, 10, 17, 1, 1, 0, 0, 1000, '2024-12-16 18:00:26', '2024-12-16 18:00:26'),
	(8, 5, 4, 10, 18, 1, 0, 1, 0, 0, '2024-12-16 18:00:26', '2024-12-16 18:00:26'),
	(9, 3, 2, 10, 9, 1, 1, 0, 0, 1000, '2024-12-16 20:27:08', '2024-12-17 05:37:27'),
	(10, 3, 2, 10, 10, 1, 0, 1, 0, 0, '2024-12-16 20:27:08', '2024-12-17 05:37:27'),
	(12, 2, 3, 10, 14, 1, 0, 1, 0, 0, '2024-12-17 03:23:23', '2024-12-17 04:09:07'),
	(14, 2, 3, 10, 12, 1, 0, 1, 0, 0, '2024-12-17 04:09:07', '2024-12-17 04:09:07'),
	(18, 3, 2, 10, 7, 1, 1, 0, 0, 1000, '2024-12-17 05:37:27', '2024-12-17 05:37:27'),
	(19, 3, 2, 10, 8, 1, 0, 1, 0, 0, '2024-12-17 05:37:27', '2024-12-17 05:37:27'),
	(20, 1, 1, 10, 1, 1, 0, 1, 0, 0, NULL, '2024-12-29 20:20:15'),
	(21, 1, 1, 10, 2, 1, 1, 0, 0, 1000, NULL, '2024-12-29 20:20:15'),
	(22, 1, 1, 10, 3, 1, 0, 1, 0, 0, NULL, '2024-12-29 20:20:15'),
	(23, 1, 1, 10, 4, 1, 1, 0, 0, 1000, NULL, '2024-12-29 20:20:15'),
	(24, 2, 3, 10, 13, 1, 1, 0, 0, 1000, NULL, NULL),
	(25, 2, 3, 10, 11, 1, 1, 0, 0, 1000, NULL, NULL),
	(26, 1, 1, 10, 6, 1, 0, 1, 0, 0, '2024-12-29 16:04:42', '2024-12-29 20:20:15'),
	(28, 1, 1, 10, 5, 2, 2, 0, 0, 1000, NULL, '2024-12-29 20:20:15'),
	(29, 1, 1, 10, 15, 1, 0, 1, 0, 0, '2024-12-29 20:20:15', '2024-12-29 20:20:15');

-- Volcando estructura para tabla zamora.sessions
CREATE TABLE IF NOT EXISTS `sessions` (
  `id` varchar(255) COLLATE utf8mb4_unicode_ci NOT NULL,
  `user_id` bigint unsigned DEFAULT NULL,
  `ip_address` varchar(45) COLLATE utf8mb4_unicode_ci DEFAULT NULL,
  `user_agent` text COLLATE utf8mb4_unicode_ci,
  `payload` longtext COLLATE utf8mb4_unicode_ci NOT NULL,
  `last_activity` int NOT NULL,
  PRIMARY KEY (`id`),
  KEY `sessions_user_id_index` (`user_id`),
  KEY `sessions_last_activity_index` (`last_activity`)
) ENGINE=InnoDB DEFAULT CHARSET=utf8mb4 COLLATE=utf8mb4_unicode_ci;

-- Volcando datos para la tabla zamora.sessions: ~170 rows (aproximadamente)
REPLACE INTO `sessions` (`id`, `user_id`, `ip_address`, `user_agent`, `payload`, `last_activity`) VALUES
	('0a2JN2HrutOdWHWQET9mR5kEu4AWn6jFmST3MK41', NULL, '4.227.36.23', 'Mozilla/5.0 AppleWebKit/537.36 (KHTML, like Gecko; compatible; GPTBot/1.2; +https://openai.com/gptbot)', 'YTozOntzOjY6Il90b2tlbiI7czo0MDoiUWc3amFYaVo1UkxPbTZxb0VEcUVUTnhTb2thczh6Z0Z6R2Y0cEF5aSI7czo5OiJfcHJldmlvdXMiO2E6MTp7czozOiJ1cmwiO3M6NTc6Imh0dHBzOi8vbGlnYWRlYmVpc2JvbG1lbm9yemFtb3JhLmNvbS9qdWdhZG9yLW51bWVyaXRvcy8zNyI7fXM6NjoiX2ZsYXNoIjthOjI6e3M6Mzoib2xkIjthOjA6e31zOjM6Im5ldyI7YTowOnt9fX0=', 1736627469),
	('0BxIvhabUG8preNfIc8iM8M9zXoO87ZrsHzrfmyS', NULL, '4.227.36.23', 'Mozilla/5.0 AppleWebKit/537.36 (KHTML, like Gecko; compatible; GPTBot/1.2; +https://openai.com/gptbot)', 'YTozOntzOjY6Il90b2tlbiI7czo0MDoidVJ3VXF2Ynl5aUJDZVBqM1JOZmFSMGloeU5tUkJYaHJOaVJoVWt6RCI7czo5OiJfcHJldmlvdXMiO2E6MTp7czozOiJ1cmwiO3M6NTg6Imh0dHBzOi8vbGlnYWRlYmVpc2JvbG1lbm9yemFtb3JhLmNvbS9qdWdhZG9yLW51bWVyaXRvcy8xMjciO31zOjY6Il9mbGFzaCI7YToyOntzOjM6Im9sZCI7YTowOnt9czozOiJuZXciO2E6MDp7fX19', 1736627532),
	('0h7u2i3s9K2McsBLEzePfi67KvEZXP40dLLqvMm5', NULL, '4.227.36.23', 'Mozilla/5.0 AppleWebKit/537.36 (KHTML, like Gecko; compatible; GPTBot/1.2; +https://openai.com/gptbot)', 'YTozOntzOjY6Il90b2tlbiI7czo0MDoiVEROc0dNMUMzT25KQTNvQ3ZJZzVEbThRcXRGUTlrVXVDaElRek5TaSI7czo5OiJfcHJldmlvdXMiO2E6MTp7czozOiJ1cmwiO3M6NTc6Imh0dHBzOi8vbGlnYWRlYmVpc2JvbG1lbm9yemFtb3JhLmNvbS9qdWdhZG9yLW51bWVyaXRvcy80OCI7fXM6NjoiX2ZsYXNoIjthOjI6e3M6Mzoib2xkIjthOjA6e31zOjM6Im5ldyI7YTowOnt9fX0=', 1736627506),
	('0No9Xpu07sPsfLpwshCgG9ITrZ3aW0JlLk1S80Qd', NULL, '223.73.18.190', 'Mozilla/5.0 (Macintosh; Intel Mac OS X 10_15_7) AppleWebKit/537.36 (KHTML, like Gecko) Chrome/120.0.0.0 Safari/537.36 Edg/120.0.0.0', 'YTozOntzOjY6Il90b2tlbiI7czo0MDoiRjNJT3l2dFo1Z09YUFg2Q3hFV1VtTGpYOEF4QWRDVEptWVIzdHd2VSI7czo5OiJfcHJldmlvdXMiO2E6MTp7czozOiJ1cmwiO3M6MzY6Imh0dHBzOi8vbGlnYWRlYmVpc2JvbG1lbm9yemFtb3JhLmNvbSI7fXM6NjoiX2ZsYXNoIjthOjI6e3M6Mzoib2xkIjthOjA6e31zOjM6Im5ldyI7YTowOnt9fX0=', 1736629453),
	('0q3nH2jGL2tz79jyypMrOcPug8Ofojl67CguOhLX', NULL, '43.129.58.235', 'Mozilla/5.0 (iPhone; CPU iPhone OS 13_2_3 like Mac OS X) AppleWebKit/605.1.15 (KHTML, like Gecko) Version/13.0.3 Mobile/15E148 Safari/604.1', 'YTozOntzOjY6Il90b2tlbiI7czo0MDoibGpOcmtCc3Roc3JOb2RRaVNqTDJoVkM5NDlqdnpaS1B6SkN6T2VsMyI7czo5OiJfcHJldmlvdXMiO2E6MTp7czozOiJ1cmwiO3M6MzY6Imh0dHBzOi8vbGlnYWRlYmVpc2JvbG1lbm9yemFtb3JhLmNvbSI7fXM6NjoiX2ZsYXNoIjthOjI6e3M6Mzoib2xkIjthOjA6e31zOjM6Im5ldyI7YTowOnt9fX0=', 1736651386),
	('1QUP36U0aRPRoZDmgVV8WELxFWyf8RIT4hK7OmDb', NULL, '4.227.36.23', 'Mozilla/5.0 AppleWebKit/537.36 (KHTML, like Gecko; compatible; GPTBot/1.2; +https://openai.com/gptbot)', 'YTozOntzOjY6Il90b2tlbiI7czo0MDoiVUhHTGIxaWN3UFZpSXFIaHh0aHRZWko1MlJ5OGV0S05NRWFZYXdBWiI7czo5OiJfcHJldmlvdXMiO2E6MTp7czozOiJ1cmwiO3M6NTg6Imh0dHBzOi8vbGlnYWRlYmVpc2JvbG1lbm9yemFtb3JhLmNvbS9qdWdhZG9yLW51bWVyaXRvcy8xOTkiO31zOjY6Il9mbGFzaCI7YToyOntzOjM6Im9sZCI7YTowOnt9czozOiJuZXciO2E6MDp7fX19', 1736627623),
	('1TN8kad2IHRfUnrw0t9DzryWTDlHCNjOAPTd5wkh', NULL, '154.213.184.16', 'Mozilla/5.0 (Windows NT 10.0; Win64; x64) AppleWebKit/537.36 (KHTML, like Gecko) Chrome/128.0.0.0 Safari/537.36', 'YTozOntzOjY6Il90b2tlbiI7czo0MDoiSjhKazhhNnRyVGV6RW1BaFQyN3ZzWXBZQ1d2TXhsc2c3eVhvbUFRbyI7czo5OiJfcHJldmlvdXMiO2E6MTp7czozOiJ1cmwiO3M6MjI6Imh0dHBzOi8vMTY1LjIyLjE4OS4yMTYiO31zOjY6Il9mbGFzaCI7YToyOntzOjM6Im9sZCI7YTowOnt9czozOiJuZXciO2E6MDp7fX19', 1736645273),
	('1wcU9QpS95reJbwxUH1hRj7J1zFxTg6SrB5vIRQ6', NULL, '216.244.66.195', 'Mozilla/5.0 (compatible; DotBot/1.2; +https://opensiteexplorer.org/dotbot; help@moz.com)', 'YTozOntzOjY6Il90b2tlbiI7czo0MDoiU0gydFJMRndDelU0YXlNeTVCSlplZnNBUlVHMGY1MDh0YURlbjFsMCI7czo5OiJfcHJldmlvdXMiO2E6MTp7czozOiJ1cmwiO3M6NTg6Imh0dHBzOi8vbGlnYWRlYmVpc2JvbG1lbm9yemFtb3JhLmNvbS9qdWdhZG9yLW51bWVyaXRvcy8yNTQiO31zOjY6Il9mbGFzaCI7YToyOntzOjM6Im9sZCI7YTowOnt9czozOiJuZXciO2E6MDp7fX19', 1736628228),
	('2VfGGku0t1xfnV1mOQKh2ZwSsOUaAL6nDjOb3ZMb', NULL, '4.227.36.23', 'Mozilla/5.0 AppleWebKit/537.36 (KHTML, like Gecko; compatible; GPTBot/1.2; +https://openai.com/gptbot)', 'YTozOntzOjY6Il90b2tlbiI7czo0MDoiY2lqT3p5ZWNxeFphMTY5YWJpSTh1V2hWNXJIbkh0T1ZtWmNYYVRWMSI7czo5OiJfcHJldmlvdXMiO2E6MTp7czozOiJ1cmwiO3M6NTc6Imh0dHBzOi8vbGlnYWRlYmVpc2JvbG1lbm9yemFtb3JhLmNvbS9qdWdhZG9yLW51bWVyaXRvcy84NiI7fXM6NjoiX2ZsYXNoIjthOjI6e3M6Mzoib2xkIjthOjA6e31zOjM6Im5ldyI7YTowOnt9fX0=', 1736627552),
	('3Ct1N8TtNCvXcs0Mrf2HQoCe48u7nKMLa38zaPqX', NULL, '4.227.36.23', 'Mozilla/5.0 AppleWebKit/537.36 (KHTML, like Gecko; compatible; GPTBot/1.2; +https://openai.com/gptbot)', 'YTozOntzOjY6Il90b2tlbiI7czo0MDoiTnZzQUQ5OWpmNHJEZXNYWnpyWTRjTDd2aFVxM1J0aHNBU09LU3NCYyI7czo5OiJfcHJldmlvdXMiO2E6MTp7czozOiJ1cmwiO3M6NTg6Imh0dHBzOi8vbGlnYWRlYmVpc2JvbG1lbm9yemFtb3JhLmNvbS9qdWdhZG9yLW51bWVyaXRvcy8yMDgiO31zOjY6Il9mbGFzaCI7YToyOntzOjM6Im9sZCI7YTowOnt9czozOiJuZXciO2E6MDp7fX19', 1736627663),
	('3vEaG0rcHOyJDcVfFZAyxVWxQ9jn6s9q2He4tvrC', NULL, '4.227.36.23', 'Mozilla/5.0 AppleWebKit/537.36 (KHTML, like Gecko; compatible; GPTBot/1.2; +https://openai.com/gptbot)', 'YTozOntzOjY6Il90b2tlbiI7czo0MDoiMmVnUkFlamtxQTN2dm5uSVJlZndnMVNVcmNuMzZ5MXhMS0lVTUdXeCI7czo5OiJfcHJldmlvdXMiO2E6MTp7czozOiJ1cmwiO3M6NTc6Imh0dHBzOi8vbGlnYWRlYmVpc2JvbG1lbm9yemFtb3JhLmNvbS9qdWdhZG9yLW51bWVyaXRvcy84MiI7fXM6NjoiX2ZsYXNoIjthOjI6e3M6Mzoib2xkIjthOjA6e31zOjM6Im5ldyI7YTowOnt9fX0=', 1736627456),
	('4aWH6MBB2bQM2ZS4PxCWkg1V0jSyQIZ8qYAQH1Ah', NULL, '4.227.36.23', 'Mozilla/5.0 AppleWebKit/537.36 (KHTML, like Gecko; compatible; GPTBot/1.2; +https://openai.com/gptbot)', 'YTozOntzOjY6Il90b2tlbiI7czo0MDoib1RYVTZ3ODhXQWRmQzF2YkQ5NlBnN2dIbHdJcG1MN3ZtUld6WFlPcSI7czo5OiJfcHJldmlvdXMiO2E6MTp7czozOiJ1cmwiO3M6NTg6Imh0dHBzOi8vbGlnYWRlYmVpc2JvbG1lbm9yemFtb3JhLmNvbS9qdWdhZG9yLW51bWVyaXRvcy8xMzYiO31zOjY6Il9mbGFzaCI7YToyOntzOjM6Im9sZCI7YTowOnt9czozOiJuZXciO2E6MDp7fX19', 1736627610),
	('4H5x0jpYWOQvagZr5bSY7bXYS75syX9kf1bsGov2', NULL, '4.227.36.23', 'Mozilla/5.0 AppleWebKit/537.36 (KHTML, like Gecko; compatible; GPTBot/1.2; +https://openai.com/gptbot)', 'YTozOntzOjY6Il90b2tlbiI7czo0MDoiNzYyelJWV29ZTE9NZENQUEtta2VNNHlTOFJaakZ3ODljRmNCYndNSiI7czo5OiJfcHJldmlvdXMiO2E6MTp7czozOiJ1cmwiO3M6NDY6Imh0dHBzOi8vbGlnYWRlYmVpc2JvbG1lbm9yemFtb3JhLmNvbS9qdWdhZG9yZXMiO31zOjY6Il9mbGFzaCI7YToyOntzOjM6Im9sZCI7YTowOnt9czozOiJuZXciO2E6MDp7fX19', 1736626267),
	('4Kpx7AGnZegtaPEzG7sfMvoJiwwU63PX6SszNIsq', NULL, '4.227.36.23', 'Mozilla/5.0 AppleWebKit/537.36 (KHTML, like Gecko; compatible; GPTBot/1.2; +https://openai.com/gptbot)', 'YTozOntzOjY6Il90b2tlbiI7czo0MDoiekdJVVp2MmxvTW9SZ2NZTFdCU1gwbGhUNWw2NkhmcTRTWVN2MmEyTCI7czo5OiJfcHJldmlvdXMiO2E6MTp7czozOiJ1cmwiO3M6NTc6Imh0dHBzOi8vbGlnYWRlYmVpc2JvbG1lbm9yemFtb3JhLmNvbS9qdWdhZG9yLW51bWVyaXRvcy81MSI7fXM6NjoiX2ZsYXNoIjthOjI6e3M6Mzoib2xkIjthOjA6e31zOjM6Im5ldyI7YTowOnt9fX0=', 1736627586),
	('4RNAoU094egvLBCHk5T1pPLS0LnpWfuaa8AnChGn', NULL, '4.227.36.23', 'Mozilla/5.0 AppleWebKit/537.36 (KHTML, like Gecko; compatible; GPTBot/1.2; +https://openai.com/gptbot)', 'YTozOntzOjY6Il90b2tlbiI7czo0MDoidUNlWG1aa3gwY1UwazlrUDE0Q215aUJoU1czRjBvV1RrWXB5S29FbyI7czo5OiJfcHJldmlvdXMiO2E6MTp7czozOiJ1cmwiO3M6NTg6Imh0dHBzOi8vbGlnYWRlYmVpc2JvbG1lbm9yemFtb3JhLmNvbS9qdWdhZG9yLW51bWVyaXRvcy8yMDkiO31zOjY6Il9mbGFzaCI7YToyOntzOjM6Im9sZCI7YTowOnt9czozOiJuZXciO2E6MDp7fX19', 1736627571),
	('4Uh3nlDENxldlptQNPhOUwUm9roTDbiisZk80hAB', NULL, '124.225.164.130', 'Mozilla/5.0 (iPhone; CPU iPhone OS 13_2_3 like Mac OS X) AppleWebKit/605.1.15 (KHTML, like Gecko) Version/13.0.3 Mobile/15E148 Safari/604.1', 'YTozOntzOjY6Il90b2tlbiI7czo0MDoiQXRWMnpiN1dlSUlVQnh6STVaa1g3ZDhEb2pZMWxKMG1CQk5xQnU5ZyI7czo5OiJfcHJldmlvdXMiO2E6MTp7czozOiJ1cmwiO3M6NDA6Imh0dHBzOi8vd3d3LmxpZ2FkZWJlaXNib2xtZW5vcnphbW9yYS5jb20iO31zOjY6Il9mbGFzaCI7YToyOntzOjM6Im9sZCI7YTowOnt9czozOiJuZXciO2E6MDp7fX19', 1736623397),
	('54oWldNAois1tMQQeMOBJi6MxexWocGbZRqOgiKV', NULL, '4.227.36.23', 'Mozilla/5.0 AppleWebKit/537.36 (KHTML, like Gecko; compatible; GPTBot/1.2; +https://openai.com/gptbot)', 'YTozOntzOjY6Il90b2tlbiI7czo0MDoiMjMwY2plWE9hVDdnUVN3SU45OEtLUjJjRm9odTVQWHcwdVdTYjhFMSI7czo5OiJfcHJldmlvdXMiO2E6MTp7czozOiJ1cmwiO3M6NTc6Imh0dHBzOi8vbGlnYWRlYmVpc2JvbG1lbm9yemFtb3JhLmNvbS9qdWdhZG9yLW51bWVyaXRvcy8yMSI7fXM6NjoiX2ZsYXNoIjthOjI6e3M6Mzoib2xkIjthOjA6e31zOjM6Im5ldyI7YTowOnt9fX0=', 1736627639),
	('5e0p8UkPkoTiIl7T5WhFg7opItsUj3T0ygfHoUKT', NULL, '216.244.66.195', 'Mozilla/5.0 (compatible; DotBot/1.2; +https://opensiteexplorer.org/dotbot; help@moz.com)', 'YTozOntzOjY6Il90b2tlbiI7czo0MDoiNU5wWVhHVmszNkZxRUhpeGZoTk9nVGR0cXNFZm1lT0JYTEtPcWFFTyI7czo5OiJfcHJldmlvdXMiO2E6MTp7czozOiJ1cmwiO3M6NTg6Imh0dHBzOi8vbGlnYWRlYmVpc2JvbG1lbm9yemFtb3JhLmNvbS9qdWdhZG9yLW51bWVyaXRvcy8xODYiO31zOjY6Il9mbGFzaCI7YToyOntzOjM6Im9sZCI7YTowOnt9czozOiJuZXciO2E6MDp7fX19', 1736625460),
	('5GIHb9dTaE92mlvZkDSHqXawq7rgf7RSvNThsLSl', NULL, '18.191.217.75', 'Mozilla/5.0 (Macintosh; Intel Mac OS X 10_15_7) Chrome/126.0.0.0 Safari/537.36', 'YTozOntzOjY6Il90b2tlbiI7czo0MDoiRHJIR1dISFJ2WElCdUVoMjlFM0FqNG5QbU1CbWtCQnpTRmIyR1N0eCI7czo5OiJfcHJldmlvdXMiO2E6MTp7czozOiJ1cmwiO3M6MjI6Imh0dHBzOi8vMTY1LjIyLjE4OS4yMTYiO31zOjY6Il9mbGFzaCI7YToyOntzOjM6Im9sZCI7YTowOnt9czozOiJuZXciO2E6MDp7fX19', 1736679044),
	('5jABCZ3clrV4qzw7xmPYWrell19ggQjeUrKA4Zwv', NULL, '31.6.17.20', 'Mozilla/5.0 (X11; Ubuntu; Linux x86_64; rv:126.0) Gecko/20100101 Firefox/126.0', 'YTozOntzOjY6Il90b2tlbiI7czo0MDoiSUp4TWVHUExLRjJwZDYzc1JjRFJQVjJTaTU4UnpoWGRiaGxwTm5KTyI7czo5OiJfcHJldmlvdXMiO2E6MTp7czozOiJ1cmwiO3M6NDA6Imh0dHBzOi8vd3d3LmxpZ2FkZWJlaXNib2xtZW5vcnphbW9yYS5jb20iO31zOjY6Il9mbGFzaCI7YToyOntzOjM6Im9sZCI7YTowOnt9czozOiJuZXciO2E6MDp7fX19', 1736629974),
	('5qdLK6Way9CfaoelNhj0J7R03TpBoVlQ2B8oUxGG', NULL, '150.109.13.194', 'Mozilla/5.0 (iPhone; CPU iPhone OS 13_2_3 like Mac OS X) AppleWebKit/605.1.15 (KHTML, like Gecko) Version/13.0.3 Mobile/15E148 Safari/604.1', 'YTozOntzOjY6Il90b2tlbiI7czo0MDoiSE4wdEdNUjJoQjI3UVc2MmFaelVCU2RYaXhVc24yQWY3UkNTckg0eSI7czo5OiJfcHJldmlvdXMiO2E6MTp7czozOiJ1cmwiO3M6NDA6Imh0dHBzOi8vd3d3LmxpZ2FkZWJlaXNib2xtZW5vcnphbW9yYS5jb20iO31zOjY6Il9mbGFzaCI7YToyOntzOjM6Im9sZCI7YTowOnt9czozOiJuZXciO2E6MDp7fX19', 1736621970),
	('63Mn92Qyh7mXFO35nTQzCTvWj9AWCxrTMs1ZoCcX', NULL, '113.219.218.197', 'Mozilla/5.0 (iPhone; CPU iPhone OS 13_2_3 like Mac OS X) AppleWebKit/605.1.15 (KHTML, like Gecko) Version/13.0.3 Mobile/15E148 Safari/604.1', 'YTozOntzOjY6Il90b2tlbiI7czo0MDoibXpoWGd5NGZoZlJRU09NQnd5QnE5Nnp2TmxiaFZDazBSUEZmd2JUZCI7czo5OiJfcHJldmlvdXMiO2E6MTp7czozOiJ1cmwiO3M6NDA6Imh0dHBzOi8vd3d3LmxpZ2FkZWJlaXNib2xtZW5vcnphbW9yYS5jb20iO31zOjY6Il9mbGFzaCI7YToyOntzOjM6Im9sZCI7YTowOnt9czozOiJuZXciO2E6MDp7fX19', 1736656752),
	('6RwJ4ihcukupHzeFprkTdOKNMs8wU3oC9zSbNUcm', NULL, '92.255.57.58', 'Mozilla/5.0 (Windows NT 10.0; Win64; x64) AppleWebKit/537.36 (KHTML, like Gecko) Chrome/78.0.3904.108 Safari/537.36', 'YTozOntzOjY6Il90b2tlbiI7czo0MDoiZHJlVzdjMHh4NUlOQ3R0OWh2bnBDanhSaHVadVJUdWdxY3Nwckh3eSI7czo5OiJfcHJldmlvdXMiO2E6MTp7czozOiJ1cmwiO3M6NTM6Imh0dHBzOi8vMTY1LjIyLjE4OS4yMTYvP1hERUJVR19TRVNTSU9OX1NUQVJUPXBocHN0b3JtIjt9czo2OiJfZmxhc2giO2E6Mjp7czozOiJvbGQiO2E6MDp7fXM6MzoibmV3IjthOjA6e319fQ==', 1736665701),
	('6UHOkEo32812yIayw4JgJ13SXlIse6O5Yw2TpP2V', NULL, '4.227.36.23', 'Mozilla/5.0 AppleWebKit/537.36 (KHTML, like Gecko; compatible; GPTBot/1.2; +https://openai.com/gptbot)', 'YTozOntzOjY6Il90b2tlbiI7czo0MDoid0JlT3pyUHZXbkpDVkZDQ3hKYXdRcXNNVlBjZFNERnhoWDhKWFBWSSI7czo5OiJfcHJldmlvdXMiO2E6MTp7czozOiJ1cmwiO3M6NTg6Imh0dHBzOi8vbGlnYWRlYmVpc2JvbG1lbm9yemFtb3JhLmNvbS9qdWdhZG9yLW51bWVyaXRvcy8xODMiO31zOjY6Il9mbGFzaCI7YToyOntzOjM6Im9sZCI7YTowOnt9czozOiJuZXciO2E6MDp7fX19', 1736627636),
	('6zQ0pUhlktmCj4gHl2dEHyasLQo9i7gSHAgzHNYp', NULL, '4.227.36.23', 'Mozilla/5.0 AppleWebKit/537.36 (KHTML, like Gecko; compatible; GPTBot/1.2; +https://openai.com/gptbot)', 'YTozOntzOjY6Il90b2tlbiI7czo0MDoiNWc1RmpwdHlNNHowejlxd09ucTUxblpUbHo5M2I1RDIwT2g4Q3BzTCI7czo5OiJfcHJldmlvdXMiO2E6MTp7czozOiJ1cmwiO3M6NTg6Imh0dHBzOi8vbGlnYWRlYmVpc2JvbG1lbm9yemFtb3JhLmNvbS9qdWdhZG9yLW51bWVyaXRvcy8xODYiO31zOjY6Il9mbGFzaCI7YToyOntzOjM6Im9sZCI7YTowOnt9czozOiJuZXciO2E6MDp7fX19', 1736627521),
	('7CHFtjevFFAibxl5yvrspTw5zjeyOxPHekBwJxS7', NULL, '4.227.36.23', 'Mozilla/5.0 AppleWebKit/537.36 (KHTML, like Gecko; compatible; GPTBot/1.2; +https://openai.com/gptbot)', 'YTozOntzOjY6Il90b2tlbiI7czo0MDoiMXRhVHJmU1cxNEk4eFFyYkVtdGNPUmlNckFLMG90R1NIQ0pKZzVBViI7czo5OiJfcHJldmlvdXMiO2E6MTp7czozOiJ1cmwiO3M6NTg6Imh0dHBzOi8vbGlnYWRlYmVpc2JvbG1lbm9yemFtb3JhLmNvbS9qdWdhZG9yLW51bWVyaXRvcy8xOTUiO31zOjY6Il9mbGFzaCI7YToyOntzOjM6Im9sZCI7YTowOnt9czozOiJuZXciO2E6MDp7fX19', 1736627573),
	('7m1tT2zM4mqmiYBU4tVHanjwMqeKIqZqtyJ6dSyc', NULL, '4.227.36.23', 'Mozilla/5.0 AppleWebKit/537.36 (KHTML, like Gecko; compatible; GPTBot/1.2; +https://openai.com/gptbot)', 'YTozOntzOjY6Il90b2tlbiI7czo0MDoiOXBCR3l6ZUlZT3BVSnVhemxjNUE4cTdmUmFBaUhnQjQ2OWo0TG90YiI7czo5OiJfcHJldmlvdXMiO2E6MTp7czozOiJ1cmwiO3M6NTc6Imh0dHBzOi8vbGlnYWRlYmVpc2JvbG1lbm9yemFtb3JhLmNvbS9qdWdhZG9yLW51bWVyaXRvcy8xOSI7fXM6NjoiX2ZsYXNoIjthOjI6e3M6Mzoib2xkIjthOjA6e31zOjM6Im5ldyI7YTowOnt9fX0=', 1736627578),
	('7obEuMq52Ad2qDfn02uhpaASXijLzhed4cZt8BWv', NULL, '18.189.29.17', 'Mozilla/5.0 (Macintosh; Intel Mac OS X 10_15_7) Chrome/126.0.0.0 Safari/537.36', 'YTozOntzOjY6Il90b2tlbiI7czo0MDoiR1haOE9UYXJlWUVZQU52aDZsUmhWMnlHQVBvbWVpTDhERmJFVlRnZSI7czo5OiJfcHJldmlvdXMiO2E6MTp7czozOiJ1cmwiO3M6MjI6Imh0dHBzOi8vMTY1LjIyLjE4OS4yMTYiO31zOjY6Il9mbGFzaCI7YToyOntzOjM6Im9sZCI7YTowOnt9czozOiJuZXciO2E6MDp7fX19', 1736633167),
	('7VqHcDlXdPb6mqcBsll3ptAqZxP4B74a3cTcrFlQ', NULL, '45.156.128.126', 'Mozilla/5.0 (Windows NT 10.0; Win64; x64) AppleWebKit/537.36 (KHTML, like Gecko) Chrome/60.0.3112.113 Safari/537.36', 'YTozOntzOjY6Il90b2tlbiI7czo0MDoiTWhDdXQ5NTRJa0IxUjZXaXRXZHM0TlVwNjZkclhnbnl0WjFiQVJqcyI7czo5OiJfcHJldmlvdXMiO2E6MTp7czozOiJ1cmwiO3M6MjI6Imh0dHBzOi8vMTY1LjIyLjE4OS4yMTYiO31zOjY6Il9mbGFzaCI7YToyOntzOjM6Im9sZCI7YTowOnt9czozOiJuZXciO2E6MDp7fX19', 1736670846),
	('7WL0zCqR3faOV63avgSkwE9nilrrcGsUkSRvMhSb', NULL, '206.168.34.201', 'Mozilla/5.0 (compatible; CensysInspect/1.1; +https://about.censys.io/)', 'YTozOntzOjY6Il90b2tlbiI7czo0MDoid04xZUhyWWdxZjNxVmJZeDZnM3Y1dzVQa1NiOVRZTlFwVlhvcFNzVyI7czo5OiJfcHJldmlvdXMiO2E6MTp7czozOiJ1cmwiO3M6MjI6Imh0dHBzOi8vMTY1LjIyLjE4OS4yMTYiO31zOjY6Il9mbGFzaCI7YToyOntzOjM6Im9sZCI7YTowOnt9czozOiJuZXciO2E6MDp7fX19', 1736646497),
	('88LezXOp55nzAEpWIXROU9I9JCtidDJQm6Kc8aMJ', NULL, '4.227.36.23', 'Mozilla/5.0 AppleWebKit/537.36 (KHTML, like Gecko; compatible; GPTBot/1.2; +https://openai.com/gptbot)', 'YTozOntzOjY6Il90b2tlbiI7czo0MDoiVWQxY1AwUE9ReVE3Q1NWUjhqWmtUQ09YVUFlODY1Q2s4TmhFNDR6dCI7czo5OiJfcHJldmlvdXMiO2E6MTp7czozOiJ1cmwiO3M6NTg6Imh0dHBzOi8vbGlnYWRlYmVpc2JvbG1lbm9yemFtb3JhLmNvbS9qdWdhZG9yLW51bWVyaXRvcy8xMzEiO31zOjY6Il9mbGFzaCI7YToyOntzOjM6Im9sZCI7YTowOnt9czozOiJuZXciO2E6MDp7fX19', 1736627626),
	('8a8ZYrsTipOctTsoRcq5ZnFYNSsio9IFuk1RCRso', NULL, '185.242.226.159', 'python-requests/2.26.0', 'YTozOntzOjY6Il90b2tlbiI7czo0MDoiMEhjenlwWldrVkhsdmN3S1czYWFrOE0wVWRzS3NtNVRnMWt5aE9zZCI7czo5OiJfcHJldmlvdXMiO2E6MTp7czozOiJ1cmwiO3M6MjI6Imh0dHBzOi8vMTY1LjIyLjE4OS4yMTYiO31zOjY6Il9mbGFzaCI7YToyOntzOjM6Im9sZCI7YTowOnt9czozOiJuZXciO2E6MDp7fX19', 1736686910),
	('8g1Kz6aLHA6pLOhFVbmlxjVEd0aqq5thTRkwvogL', NULL, '4.227.36.23', 'Mozilla/5.0 AppleWebKit/537.36 (KHTML, like Gecko; compatible; GPTBot/1.2; +https://openai.com/gptbot)', 'YTozOntzOjY6Il90b2tlbiI7czo0MDoiUGs4clZwRlphYUJtaUZ5a0cxV2FKOUw2VUtnRENxaUNUSW1QUkZwdCI7czo5OiJfcHJldmlvdXMiO2E6MTp7czozOiJ1cmwiO3M6NTc6Imh0dHBzOi8vbGlnYWRlYmVpc2JvbG1lbm9yemFtb3JhLmNvbS9qdWdhZG9yLW51bWVyaXRvcy82NCI7fXM6NjoiX2ZsYXNoIjthOjI6e3M6Mzoib2xkIjthOjA6e31zOjM6Im5ldyI7YTowOnt9fX0=', 1736627526),
	('8VbyfEmCIiOL7yQvtiSwkJhrFBivTIsvVRaWNu6B', NULL, '4.227.36.23', 'Mozilla/5.0 AppleWebKit/537.36 (KHTML, like Gecko; compatible; GPTBot/1.2; +https://openai.com/gptbot)', 'YTozOntzOjY6Il90b2tlbiI7czo0MDoiY0RteWxLR3c2aTBuMGVORTR0MElZTkg3MXQ3Mm94dWlKN0x2YVBLSCI7czo5OiJfcHJldmlvdXMiO2E6MTp7czozOiJ1cmwiO3M6NTc6Imh0dHBzOi8vbGlnYWRlYmVpc2JvbG1lbm9yemFtb3JhLmNvbS9qdWdhZG9yLW51bWVyaXRvcy8xNSI7fXM6NjoiX2ZsYXNoIjthOjI6e3M6Mzoib2xkIjthOjA6e31zOjM6Im5ldyI7YTowOnt9fX0=', 1736627580),
	('9K3zAVzw8peIlJQY8II3oQ41TAv1ZS1qDjP0rhXt', NULL, '167.94.145.103', '', 'YTozOntzOjY6Il90b2tlbiI7czo0MDoiS0F6a2VrTzFlR2VhMEFGZ0hLMEhwWUJ1VjBlMDFPZ2M1UHB2Z2pRTCI7czo5OiJfcHJldmlvdXMiO2E6MTp7czozOiJ1cmwiO3M6MjI6Imh0dHBzOi8vMTY1LjIyLjE4OS4yMTYiO31zOjY6Il9mbGFzaCI7YToyOntzOjM6Im9sZCI7YTowOnt9czozOiJuZXciO2E6MDp7fX19', 1736662675),
	('9zEs0HKnRhMJikJdY9i5hnnu3RXn3JQszflLRATp', NULL, '31.6.17.20', 'Mozilla/5.0 (X11; Ubuntu; Linux x86_64; rv:126.0) Gecko/20100101 Firefox/126.0', 'YTozOntzOjY6Il90b2tlbiI7czo0MDoibFEyajhBNFRhOFR2RWx4MFdZV2FVYjlVWFZ1eGJYY3B3OFNJVVE1YiI7czo5OiJfcHJldmlvdXMiO2E6MTp7czozOiJ1cmwiO3M6NDA6Imh0dHBzOi8vd3d3LmxpZ2FkZWJlaXNib2xtZW5vcnphbW9yYS5jb20iO31zOjY6Il9mbGFzaCI7YToyOntzOjM6Im9sZCI7YTowOnt9czozOiJuZXciO2E6MDp7fX19', 1736629972),
	('AdwMWXT5cTKbjBStNsy8uavBk3iX7dT14iWKD1DQ', NULL, '4.227.36.23', 'Mozilla/5.0 AppleWebKit/537.36 (KHTML, like Gecko; compatible; GPTBot/1.2; +https://openai.com/gptbot)', 'YTozOntzOjY6Il90b2tlbiI7czo0MDoibkFZMzdvUXlrTXBBQlhVNVFUZGp4Tm5DS2FCSW9TV3RUTG01clVsUCI7czo5OiJfcHJldmlvdXMiO2E6MTp7czozOiJ1cmwiO3M6NTg6Imh0dHBzOi8vbGlnYWRlYmVpc2JvbG1lbm9yemFtb3JhLmNvbS9qdWdhZG9yLW51bWVyaXRvcy8xNjEiO31zOjY6Il9mbGFzaCI7YToyOntzOjM6Im9sZCI7YTowOnt9czozOiJuZXciO2E6MDp7fX19', 1736627530),
	('ApGIlmhvXfcIZloGR40FEO7QYGBgWr7I7auKRRdM', NULL, '4.227.36.23', 'Mozilla/5.0 AppleWebKit/537.36 (KHTML, like Gecko; compatible; GPTBot/1.2; +https://openai.com/gptbot)', 'YTozOntzOjY6Il90b2tlbiI7czo0MDoidDBxcm15NG9ZRlowRVJjMDVuZlZDWFo0RjFXUjc2WUE5YVcxMjdPSyI7czo5OiJfcHJldmlvdXMiO2E6MTp7czozOiJ1cmwiO3M6NTg6Imh0dHBzOi8vbGlnYWRlYmVpc2JvbG1lbm9yemFtb3JhLmNvbS9qdWdhZG9yLW51bWVyaXRvcy8xNjYiO31zOjY6Il9mbGFzaCI7YToyOntzOjM6Im9sZCI7YTowOnt9czozOiJuZXciO2E6MDp7fX19', 1736627584),
	('aqNkUKHbkkPRo19BRzlO4vPceTu9pnLfg9GsZH00', NULL, '4.227.36.23', 'Mozilla/5.0 AppleWebKit/537.36 (KHTML, like Gecko; compatible; GPTBot/1.2; +https://openai.com/gptbot)', 'YTozOntzOjY6Il90b2tlbiI7czo0MDoiV0ladnlXZVdEUko4OFBScFRjMHl2TXVBVmFxNVJkY2F6UzBITElEZCI7czo5OiJfcHJldmlvdXMiO2E6MTp7czozOiJ1cmwiO3M6NTg6Imh0dHBzOi8vbGlnYWRlYmVpc2JvbG1lbm9yemFtb3JhLmNvbS9qdWdhZG9yLW51bWVyaXRvcy8xMjQiO31zOjY6Il9mbGFzaCI7YToyOntzOjM6Im9sZCI7YTowOnt9czozOiJuZXciO2E6MDp7fX19', 1736627523),
	('AWmpgMeh5Z8Eq4rKd3KuUkBPQVjuVyovXJPv9U92', NULL, '4.227.36.23', 'Mozilla/5.0 AppleWebKit/537.36 (KHTML, like Gecko; compatible; GPTBot/1.2; +https://openai.com/gptbot)', 'YTozOntzOjY6Il90b2tlbiI7czo0MDoiVFV1OEJZQ3pEblZXcU9ud1BpbjV0REJFQzRnNnB5S0hPWk92MHR3ZSI7czo5OiJfcHJldmlvdXMiO2E6MTp7czozOiJ1cmwiO3M6NTc6Imh0dHBzOi8vbGlnYWRlYmVpc2JvbG1lbm9yemFtb3JhLmNvbS9qdWdhZG9yLW51bWVyaXRvcy8zNiI7fXM6NjoiX2ZsYXNoIjthOjI6e3M6Mzoib2xkIjthOjA6e31zOjM6Im5ldyI7YTowOnt9fX0=', 1736627658),
	('boLJqRt51b6UHKgz3Y12Wm91R1Vjxov7gPrRGgRw', NULL, '4.227.36.23', 'Mozilla/5.0 AppleWebKit/537.36 (KHTML, like Gecko; compatible; GPTBot/1.2; +https://openai.com/gptbot)', 'YTozOntzOjY6Il90b2tlbiI7czo0MDoiaVJLaEE3TVVxTkk1S1hNWFBzWU1jSFcxSUlwNWlBZDVTVUNIaXdjaSI7czo5OiJfcHJldmlvdXMiO2E6MTp7czozOiJ1cmwiO3M6NTg6Imh0dHBzOi8vbGlnYWRlYmVpc2JvbG1lbm9yemFtb3JhLmNvbS9qdWdhZG9yLW51bWVyaXRvcy8xNTAiO31zOjY6Il9mbGFzaCI7YToyOntzOjM6Im9sZCI7YTowOnt9czozOiJuZXciO2E6MDp7fX19', 1736627536),
	('BT3DYKzZZfLRmcZf1kceSNaGBnikU4hsTMEas1op', NULL, '216.244.66.195', 'Mozilla/5.0 (compatible; DotBot/1.2; +https://opensiteexplorer.org/dotbot; help@moz.com)', 'YTozOntzOjY6Il90b2tlbiI7czo0MDoiM0U5eFlFd0ZIV1g2MW9SVUhCVHBQS1plRFo2QmhRa0JpWWZlOFRVMyI7czo5OiJfcHJldmlvdXMiO2E6MTp7czozOiJ1cmwiO3M6NTg6Imh0dHBzOi8vbGlnYWRlYmVpc2JvbG1lbm9yemFtb3JhLmNvbS9qdWdhZG9yLW51bWVyaXRvcy8xMjMiO31zOjY6Il9mbGFzaCI7YToyOntzOjM6Im9sZCI7YTowOnt9czozOiJuZXciO2E6MDp7fX19', 1736628222),
	('BVran38NrtwsL8R0eiqO1cF8mpeRl7AqQQPkxE38', NULL, '34.45.81.174', 'Mozilla/5.0 (Windows NT 10.0; Win64; x64) AppleWebKit/537.36 (KHTML, like Gecko) Chrome/89.0.4389.114 Safari/537.36', 'YTozOntzOjY6Il90b2tlbiI7czo0MDoiQVlSaFl5SjNBRkRleENVejc3NjdrR1RBb1NBZnRkQUM1WTVrUHdiMyI7czo5OiJfcHJldmlvdXMiO2E6MTp7czozOiJ1cmwiO3M6MzY6Imh0dHBzOi8vbGlnYWRlYmVpc2JvbG1lbm9yemFtb3JhLmNvbSI7fXM6NjoiX2ZsYXNoIjthOjI6e3M6Mzoib2xkIjthOjA6e31zOjM6Im5ldyI7YTowOnt9fX0=', 1736685285),
	('BYrnz1R3YZ0UL9DUs7zgyjDoSEANxvuj2FhdxNQk', NULL, '35.205.108.15', 'python-requests/2.32.3', 'YTozOntzOjY6Il90b2tlbiI7czo0MDoiWHhXWlNLVFY1YXVBYnhjcXAxdkMzcnlYUWJseEoyQ3AwdlpxMXNYNiI7czo5OiJfcHJldmlvdXMiO2E6MTp7czozOiJ1cmwiO3M6MjI6Imh0dHBzOi8vMTY1LjIyLjE4OS4yMTYiO31zOjY6Il9mbGFzaCI7YToyOntzOjM6Im9sZCI7YTowOnt9czozOiJuZXciO2E6MDp7fX19', 1736641893),
	('CAxYohMheyznO0ucdRBbpNv8EOPc1E0MBK2XoQTJ', NULL, '4.227.36.23', 'Mozilla/5.0 AppleWebKit/537.36 (KHTML, like Gecko; compatible; GPTBot/1.2; +https://openai.com/gptbot)', 'YTozOntzOjY6Il90b2tlbiI7czo0MDoiZzFiaVVCcGNVekVBQUdrUGRwTkpmdUx3Y2s2aUtaT3ZMVlhQYjJhaSI7czo5OiJfcHJldmlvdXMiO2E6MTp7czozOiJ1cmwiO3M6NTg6Imh0dHBzOi8vbGlnYWRlYmVpc2JvbG1lbm9yemFtb3JhLmNvbS9qdWdhZG9yLW51bWVyaXRvcy8xODIiO31zOjY6Il9mbGFzaCI7YToyOntzOjM6Im9sZCI7YTowOnt9czozOiJuZXciO2E6MDp7fX19', 1736627560),
	('CI1zrKt0Adglpd9MCCmo7kWeNBgFIQqX7aWLonVl', NULL, '209.126.83.235', 'Mozilla/5.0 (Windows NT 10.0; Win64; x64) AppleWebKit/537.36 (KHTML, like Gecko) Chrome/91.0.4472.124 Safari/537.36', 'YTozOntzOjY6Il90b2tlbiI7czo0MDoiOW9adGMwdE56a1Z1NVpqUXBCYVR5VEFLYUlxWTNnYzkxYk1nZzFIbSI7czo5OiJfcHJldmlvdXMiO2E6MTp7czozOiJ1cmwiO3M6MjI6Imh0dHBzOi8vMTY1LjIyLjE4OS4yMTYiO31zOjY6Il9mbGFzaCI7YToyOntzOjM6Im9sZCI7YTowOnt9czozOiJuZXciO2E6MDp7fX19', 1736633210),
	('CivtydvveDtI6RIawOZBDIyut9Ph1YxXDx5WLZRo', NULL, '4.227.36.23', 'Mozilla/5.0 AppleWebKit/537.36 (KHTML, like Gecko; compatible; GPTBot/1.2; +https://openai.com/gptbot)', 'YTozOntzOjY6Il90b2tlbiI7czo0MDoiU1gyS3pxR284RENhMFBocHFMWUhvRlZ2WVFET1ZxQkhIYXQwbjE5OSI7czo5OiJfcHJldmlvdXMiO2E6MTp7czozOiJ1cmwiO3M6NTg6Imh0dHBzOi8vbGlnYWRlYmVpc2JvbG1lbm9yemFtb3JhLmNvbS9qdWdhZG9yLW51bWVyaXRvcy8xMzIiO31zOjY6Il9mbGFzaCI7YToyOntzOjM6Im9sZCI7YTowOnt9czozOiJuZXciO2E6MDp7fX19', 1736627577),
	('CKs4ZA7ipwB3SFniADndu9JMjHJAofUcXAGaL4lP', NULL, '4.227.36.23', 'Mozilla/5.0 AppleWebKit/537.36 (KHTML, like Gecko; compatible; GPTBot/1.2; +https://openai.com/gptbot)', 'YTozOntzOjY6Il90b2tlbiI7czo0MDoiVFVRSnlxOWd0YWNKcjc1U1FZdWkzdjdSbm5kQWU1SG5qb0RpTlRlUSI7czo5OiJfcHJldmlvdXMiO2E6MTp7czozOiJ1cmwiO3M6NTg6Imh0dHBzOi8vbGlnYWRlYmVpc2JvbG1lbm9yemFtb3JhLmNvbS9qdWdhZG9yLW51bWVyaXRvcy8xMTEiO31zOjY6Il9mbGFzaCI7YToyOntzOjM6Im9sZCI7YTowOnt9czozOiJuZXciO2E6MDp7fX19', 1736627519),
	('cLGpadrKYOFOwUvzzPzZd6VXaVR9BzWngc7Z7E3I', NULL, '43.131.243.208', 'Mozilla/5.0 (iPhone; CPU iPhone OS 13_2_3 like Mac OS X) AppleWebKit/605.1.15 (KHTML, like Gecko) Version/13.0.3 Mobile/15E148 Safari/604.1', 'YTozOntzOjY6Il90b2tlbiI7czo0MDoiZFdSR1hIZDByWVZKZXZqVG1JdHZoYmlHU093NGFMakJHYW9pT2dGTSI7czo5OiJfcHJldmlvdXMiO2E6MTp7czozOiJ1cmwiO3M6NDA6Imh0dHBzOi8vd3d3LmxpZ2FkZWJlaXNib2xtZW5vcnphbW9yYS5jb20iO31zOjY6Il9mbGFzaCI7YToyOntzOjM6Im9sZCI7YTowOnt9czozOiJuZXciO2E6MDp7fX19', 1736679722),
	('cVYtPEroZWDhBpYrbWwjf1r0wshcwZ7B3YfYtgQJ', NULL, '4.227.36.23', 'Mozilla/5.0 AppleWebKit/537.36 (KHTML, like Gecko; compatible; GPTBot/1.2; +https://openai.com/gptbot)', 'YTozOntzOjY6Il90b2tlbiI7czo0MDoiaGo5MEQ1Nk1YakkzSWpIelViazFOMXN4R3ZWcXIxcjR1czVZTkpjeiI7czo5OiJfcHJldmlvdXMiO2E6MTp7czozOiJ1cmwiO3M6NTg6Imh0dHBzOi8vbGlnYWRlYmVpc2JvbG1lbm9yemFtb3JhLmNvbS9qdWdhZG9yLW51bWVyaXRvcy8xODAiO31zOjY6Il9mbGFzaCI7YToyOntzOjM6Im9sZCI7YTowOnt9czozOiJuZXciO2E6MDp7fX19', 1736627670),
	('CwSo7GF3FxRtxJs4pPBeSe7jjhmoilOwIYw0EcIK', NULL, '4.227.36.23', 'Mozilla/5.0 AppleWebKit/537.36 (KHTML, like Gecko; compatible; GPTBot/1.2; +https://openai.com/gptbot)', 'YTozOntzOjY6Il90b2tlbiI7czo0MDoidFYwVFcwUlgzMHVMN3ZYa2F5ZmlyNlRNWkE1OTNpOE1oUUNiRlhiMyI7czo5OiJfcHJldmlvdXMiO2E6MTp7czozOiJ1cmwiO3M6NTc6Imh0dHBzOi8vbGlnYWRlYmVpc2JvbG1lbm9yemFtb3JhLmNvbS9qdWdhZG9yLW51bWVyaXRvcy80NyI7fXM6NjoiX2ZsYXNoIjthOjI6e3M6Mzoib2xkIjthOjA6e31zOjM6Im5ldyI7YTowOnt9fX0=', 1736627641),
	('czFIv5EDZYOp8tdxjX670F5qFhUsB0aZaml5rvRi', NULL, '4.227.36.23', 'Mozilla/5.0 AppleWebKit/537.36 (KHTML, like Gecko; compatible; GPTBot/1.2; +https://openai.com/gptbot)', 'YTozOntzOjY6Il90b2tlbiI7czo0MDoiV3h4T3RhZDRMOGZuNGQ5ODNkUlA2OXBNM2tXRzBSckFNWGFEeHhsNyI7czo5OiJfcHJldmlvdXMiO2E6MTp7czozOiJ1cmwiO3M6NTg6Imh0dHBzOi8vbGlnYWRlYmVpc2JvbG1lbm9yemFtb3JhLmNvbS9qdWdhZG9yLW51bWVyaXRvcy8xNDEiO31zOjY6Il9mbGFzaCI7YToyOntzOjM6Im9sZCI7YTowOnt9czozOiJuZXciO2E6MDp7fX19', 1736627480),
	('D3ySqceHu6ZBmLvhm70Bq9nF7QHImPCzIVY51z4G', NULL, '4.227.36.23', 'Mozilla/5.0 AppleWebKit/537.36 (KHTML, like Gecko; compatible; GPTBot/1.2; +https://openai.com/gptbot)', 'YTozOntzOjY6Il90b2tlbiI7czo0MDoiNVpuWElhakZtcDZNMmFYSnBwek1jUm1EaWpXWkFvRmhBTzk5ZEFhaiI7czo5OiJfcHJldmlvdXMiO2E6MTp7czozOiJ1cmwiO3M6NTg6Imh0dHBzOi8vbGlnYWRlYmVpc2JvbG1lbm9yemFtb3JhLmNvbS9qdWdhZG9yLW51bWVyaXRvcy8yMzkiO31zOjY6Il9mbGFzaCI7YToyOntzOjM6Im9sZCI7YTowOnt9czozOiJuZXciO2E6MDp7fX19', 1736627459),
	('DFKdQGbGt1xvUshOJDGKHEDO56dZTvzbvTlT7iSN', NULL, '4.227.36.23', 'Mozilla/5.0 AppleWebKit/537.36 (KHTML, like Gecko; compatible; GPTBot/1.2; +https://openai.com/gptbot)', 'YTozOntzOjY6Il90b2tlbiI7czo0MDoiQXJBOVpxckZZblhJN1FVRWhFWW4ybnExWnZlV1kyN2ZTWnJzc3ZIbCI7czo5OiJfcHJldmlvdXMiO2E6MTp7czozOiJ1cmwiO3M6NTg6Imh0dHBzOi8vbGlnYWRlYmVpc2JvbG1lbm9yemFtb3JhLmNvbS9qdWdhZG9yLW51bWVyaXRvcy8xNzAiO31zOjY6Il9mbGFzaCI7YToyOntzOjM6Im9sZCI7YTowOnt9czozOiJuZXciO2E6MDp7fX19', 1736627601),
	('DodhW3JLX4WD4xHygVIZQQEJoKp1IILuKfq2kYxc', NULL, '124.70.203.191', 'Mozilla/5.0 (Windows NT 9.8; Win64; x64) AppleWebKit/537.36 (KHTML, like Gecko) Chrome/71.0.2576.88 Safari/537.36', 'YTozOntzOjY6Il90b2tlbiI7czo0MDoiWmxXa3BwNXNzTU50aUhGTkVZRG9sQm84TjZZT25NQVRVQXRwTFZGZiI7czo5OiJfcHJldmlvdXMiO2E6MTp7czozOiJ1cmwiO3M6NDA6Imh0dHBzOi8vd3d3LmxpZ2FkZWJlaXNib2xtZW5vcnphbW9yYS5jb20iO31zOjY6Il9mbGFzaCI7YToyOntzOjM6Im9sZCI7YTowOnt9czozOiJuZXciO2E6MDp7fX19', 1736647979),
	('DqPdy0flkEAzlaurlrA3uMxWFDFhBWd2LLeuGStE', NULL, '4.227.36.23', 'Mozilla/5.0 AppleWebKit/537.36 (KHTML, like Gecko; compatible; GPTBot/1.2; +https://openai.com/gptbot)', 'YTozOntzOjY6Il90b2tlbiI7czo0MDoiczdPeVZZeXBlQkdYS0xZem9iV3dFYUFyQ1draDBnSzM3eVRGZEtkNiI7czo5OiJfcHJldmlvdXMiO2E6MTp7czozOiJ1cmwiO3M6NTc6Imh0dHBzOi8vbGlnYWRlYmVpc2JvbG1lbm9yemFtb3JhLmNvbS9qdWdhZG9yLW51bWVyaXRvcy81OSI7fXM6NjoiX2ZsYXNoIjthOjI6e3M6Mzoib2xkIjthOjA6e31zOjM6Im5ldyI7YTowOnt9fX0=', 1736627646),
	('DZUSdjbNkuwlUYt59dF1QWiwh5CFP1MvwxF2PsTV', NULL, '4.227.36.23', 'Mozilla/5.0 AppleWebKit/537.36 (KHTML, like Gecko; compatible; GPTBot/1.2; +https://openai.com/gptbot)', 'YTozOntzOjY6Il90b2tlbiI7czo0MDoiNnlHeTBrQXc5eEVRR1VOd25pWVZXUVc1RjMxamRwUDNtcVFpNHVYYyI7czo5OiJfcHJldmlvdXMiO2E6MTp7czozOiJ1cmwiO3M6NTc6Imh0dHBzOi8vbGlnYWRlYmVpc2JvbG1lbm9yemFtb3JhLmNvbS9qdWdhZG9yLW51bWVyaXRvcy80NiI7fXM6NjoiX2ZsYXNoIjthOjI6e3M6Mzoib2xkIjthOjA6e31zOjM6Im5ldyI7YTowOnt9fX0=', 1736627633),
	('eaOU4nJZ9ODeNUj8lG1ftITQNEHTuW2iRuPG9kC6', NULL, '185.242.226.159', 'python-requests/2.26.0', 'YTozOntzOjY6Il90b2tlbiI7czo0MDoiSjlMbmdvNDE4SWVGV2MwcVR2ZjE5djRHTXBzVkZzVkFvS1RLV0dDNyI7czo5OiJfcHJldmlvdXMiO2E6MTp7czozOiJ1cmwiO3M6MjI6Imh0dHBzOi8vMTY1LjIyLjE4OS4yMTYiO31zOjY6Il9mbGFzaCI7YToyOntzOjM6Im9sZCI7YTowOnt9czozOiJuZXciO2E6MDp7fX19', 1736686900),
	('EIrjEO5Qoki6xvrmd3P12eddtaTKv2Tg29OTBeMW', NULL, '4.227.36.23', 'Mozilla/5.0 AppleWebKit/537.36 (KHTML, like Gecko; compatible; GPTBot/1.2; +https://openai.com/gptbot)', 'YTozOntzOjY6Il90b2tlbiI7czo0MDoiUklLV21HZmxGUXlaQndYYVpBc3l5cFV0MGl5SThaaDI0WlpMRUdCaSI7czo5OiJfcHJldmlvdXMiO2E6MTp7czozOiJ1cmwiO3M6NTc6Imh0dHBzOi8vbGlnYWRlYmVpc2JvbG1lbm9yemFtb3JhLmNvbS9qdWdhZG9yLW51bWVyaXRvcy82MCI7fXM6NjoiX2ZsYXNoIjthOjI6e3M6Mzoib2xkIjthOjA6e31zOjM6Im5ldyI7YTowOnt9fX0=', 1736627556),
	('ekkaQOKHQt5yjunFWlZJvFzHdHXdzYHqDh6DU9Jb', NULL, '185.242.226.159', 'Mozilla/5.0 (Windows NT 10.0; Win64; x64) AppleWebKit/537.36 (KHTML, like Gecko) Chrome/88.0.4324.190 Safari/537.36', 'YTozOntzOjY6Il90b2tlbiI7czo0MDoiYTRTWE9jQXBGVkI4dE81NWJRaHFyakNOUEFwdWJCNklGc3RtekRoNSI7czo5OiJfcHJldmlvdXMiO2E6MTp7czozOiJ1cmwiO3M6MjI6Imh0dHBzOi8vMTY1LjIyLjE4OS4yMTYiO31zOjY6Il9mbGFzaCI7YToyOntzOjM6Im9sZCI7YTowOnt9czozOiJuZXciO2E6MDp7fX19', 1736644228),
	('ELOi4oQIP6bsniMVlqoYV9Pwn8i0O3u4hIkf0ePu', NULL, '4.227.36.23', 'Mozilla/5.0 AppleWebKit/537.36 (KHTML, like Gecko; compatible; GPTBot/1.2; +https://openai.com/gptbot)', 'YTozOntzOjY6Il90b2tlbiI7czo0MDoiYUZCRHdzYkY2bFJLWWtqeUdOQUdPN2NreTFwOVNCTEJaaVd6Q3FxaCI7czo5OiJfcHJldmlvdXMiO2E6MTp7czozOiJ1cmwiO3M6NTg6Imh0dHBzOi8vbGlnYWRlYmVpc2JvbG1lbm9yemFtb3JhLmNvbS9qdWdhZG9yLW51bWVyaXRvcy8yMTQiO31zOjY6Il9mbGFzaCI7YToyOntzOjM6Im9sZCI7YTowOnt9czozOiJuZXciO2E6MDp7fX19', 1736627625),
	('EsiS9TfWtp7FNgZWNQlBInZ1e3CIMIoBk0XVfbDH', NULL, '4.227.36.23', 'Mozilla/5.0 AppleWebKit/537.36 (KHTML, like Gecko; compatible; GPTBot/1.2; +https://openai.com/gptbot)', 'YTozOntzOjY6Il90b2tlbiI7czo0MDoiQTU0T2liVHVVZDBkeXVFaURZbjNNT3dINkdvd1c3U1JoQ091aUp4eSI7czo5OiJfcHJldmlvdXMiO2E6MTp7czozOiJ1cmwiO3M6NTg6Imh0dHBzOi8vbGlnYWRlYmVpc2JvbG1lbm9yemFtb3JhLmNvbS9qdWdhZG9yLW51bWVyaXRvcy8xMzUiO31zOjY6Il9mbGFzaCI7YToyOntzOjM6Im9sZCI7YTowOnt9czozOiJuZXciO2E6MDp7fX19', 1736627617),
	('EUVg5lFHuq8DXF3iiv910SDroUbBlzf0a4X1FqpU', NULL, '4.227.36.23', 'Mozilla/5.0 AppleWebKit/537.36 (KHTML, like Gecko; compatible; GPTBot/1.2; +https://openai.com/gptbot)', 'YTozOntzOjY6Il90b2tlbiI7czo0MDoiQjFnTU11Z0hlN1FjUXR0NHlidEdHNzJWQWJwbW1zMkhCN2NOR0JGaCI7czo5OiJfcHJldmlvdXMiO2E6MTp7czozOiJ1cmwiO3M6NTc6Imh0dHBzOi8vbGlnYWRlYmVpc2JvbG1lbm9yemFtb3JhLmNvbS9qdWdhZG9yLW51bWVyaXRvcy80MSI7fXM6NjoiX2ZsYXNoIjthOjI6e3M6Mzoib2xkIjthOjA6e31zOjM6Im5ldyI7YTowOnt9fX0=', 1736627607),
	('F0D2gOyQiVwUBw7DAfUJaHyaIlZCbrjndurED6cQ', NULL, '4.227.36.23', 'Mozilla/5.0 AppleWebKit/537.36 (KHTML, like Gecko; compatible; GPTBot/1.2; +https://openai.com/gptbot)', 'YTozOntzOjY6Il90b2tlbiI7czo0MDoiZkVXWTNWWTZGd25YZWJCZW9JN1lscWowWUN4elhuZWNWMzhLSFhJbyI7czo5OiJfcHJldmlvdXMiO2E6MTp7czozOiJ1cmwiO3M6NTg6Imh0dHBzOi8vbGlnYWRlYmVpc2JvbG1lbm9yemFtb3JhLmNvbS9qdWdhZG9yLW51bWVyaXRvcy8xMjMiO31zOjY6Il9mbGFzaCI7YToyOntzOjM6Im9sZCI7YTowOnt9czozOiJuZXciO2E6MDp7fX19', 1736627605),
	('f1BogUymMaJRN6iJ9lES18GccvbeBCTfnavmp8Lu', NULL, '183.134.59.130', 'Mozilla/5.0 (iPhone; CPU iPhone OS 11_3 like Mac OS X) AppleWebKit/604.3.5 (KHTML, like Gecko) Version/11.0 MQQBrowser/8.4.2 Mobile/15B87 Safari/604.1 MttCustomUA/2 QBWebViewType/1 WKType/1', 'YTozOntzOjY6Il90b2tlbiI7czo0MDoiUnp0U2NhRjNBRzJ5a3RTbmlER2g0Yjdnc081VXdMem9EdUFJQnJkUiI7czo5OiJfcHJldmlvdXMiO2E6MTp7czozOiJ1cmwiO3M6MjI6Imh0dHBzOi8vMTY1LjIyLjE4OS4yMTYiO31zOjY6Il9mbGFzaCI7YToyOntzOjM6Im9sZCI7YTowOnt9czozOiJuZXciO2E6MDp7fX19', 1736631286),
	('FBzmOFBPwxsGOMq5kdPukMDN8sh1PhZS4D46o7qX', NULL, '18.188.222.160', 'Mozilla/5.0 (Macintosh; Intel Mac OS X 10_15_7) Chrome/126.0.0.0 Safari/537.36', 'YTozOntzOjY6Il90b2tlbiI7czo0MDoiTnVSd3VRZjRXNXpDVnpZUXJ6MFZPd2FFbHBkUWlyc21RVzhzU2lMdiI7czo5OiJfcHJldmlvdXMiO2E6MTp7czozOiJ1cmwiO3M6MjI6Imh0dHBzOi8vMTY1LjIyLjE4OS4yMTYiO31zOjY6Il9mbGFzaCI7YToyOntzOjM6Im9sZCI7YTowOnt9czozOiJuZXciO2E6MDp7fX19', 1736652434),
	('FCa4zc22IQb2oHTRRXY8iKHrTgZ8pcrxq69K9d6W', NULL, '79.137.7.66', 'Mozilla/5.0 (X11; Ubuntu; Linux x86_64; rv:130.0) Gecko/20100101 Firefox/130.0', 'YTozOntzOjY6Il90b2tlbiI7czo0MDoiSXNHMkRmR3NsWUttME02M09Dc1pLVlFWR2hDbmM0eTU0VE5PanczayI7czo5OiJfcHJldmlvdXMiO2E6MTp7czozOiJ1cmwiO3M6MjI6Imh0dHBzOi8vMTY1LjIyLjE4OS4yMTYiO31zOjY6Il9mbGFzaCI7YToyOntzOjM6Im9sZCI7YTowOnt9czozOiJuZXciO2E6MDp7fX19', 1736650003),
	('FKXuqzU4QQ7uuRrTupYfddkIoKth1QvvtPmthBLu', NULL, '4.227.36.23', 'Mozilla/5.0 AppleWebKit/537.36 (KHTML, like Gecko; compatible; GPTBot/1.2; +https://openai.com/gptbot)', 'YTozOntzOjY6Il90b2tlbiI7czo0MDoiM2t1U3BnSUtWNU92cHVFNnZmU2d6RFFOQmIxekpPU0tReVlHcERWNiI7czo5OiJfcHJldmlvdXMiO2E6MTp7czozOiJ1cmwiO3M6NTg6Imh0dHBzOi8vbGlnYWRlYmVpc2JvbG1lbm9yemFtb3JhLmNvbS9qdWdhZG9yLW51bWVyaXRvcy8xNjgiO31zOjY6Il9mbGFzaCI7YToyOntzOjM6Im9sZCI7YTowOnt9czozOiJuZXciO2E6MDp7fX19', 1736627483),
	('fVfTnL5pyWX6oZ1z6ChwbNNK7XlDKZLCjSB9F4MG', NULL, '4.227.36.23', 'Mozilla/5.0 AppleWebKit/537.36 (KHTML, like Gecko; compatible; GPTBot/1.2; +https://openai.com/gptbot)', 'YTozOntzOjY6Il90b2tlbiI7czo0MDoiemVRMW1KTWxQMHhWY3Q1U0FTRFVxSXpWOEludW5KWjNYN2tha3NGayI7czo5OiJfcHJldmlvdXMiO2E6MTp7czozOiJ1cmwiO3M6NTg6Imh0dHBzOi8vbGlnYWRlYmVpc2JvbG1lbm9yemFtb3JhLmNvbS9qdWdhZG9yLW51bWVyaXRvcy8yMjciO31zOjY6Il9mbGFzaCI7YToyOntzOjM6Im9sZCI7YTowOnt9czozOiJuZXciO2E6MDp7fX19', 1736627508),
	('G1aE87wIOUSaSyTz3aCkbcIlwR5RfmbkPJAhkr9y', NULL, '4.227.36.23', 'Mozilla/5.0 AppleWebKit/537.36 (KHTML, like Gecko; compatible; GPTBot/1.2; +https://openai.com/gptbot)', 'YTozOntzOjY6Il90b2tlbiI7czo0MDoiOVFlVmtlTElCMGJabU9WeVFpSDd2ZGQ3VngxeDdyMUlnZTNLMUNGeCI7czo5OiJfcHJldmlvdXMiO2E6MTp7czozOiJ1cmwiO3M6NTg6Imh0dHBzOi8vbGlnYWRlYmVpc2JvbG1lbm9yemFtb3JhLmNvbS9qdWdhZG9yLW51bWVyaXRvcy8xNTciO31zOjY6Il9mbGFzaCI7YToyOntzOjM6Im9sZCI7YTowOnt9czozOiJuZXciO2E6MDp7fX19', 1736627472),
	('gEr1s2y6Mrdkh2RX06rhOIWtRrg8yg3YmQZTKjEw', NULL, '4.227.36.23', 'Mozilla/5.0 AppleWebKit/537.36 (KHTML, like Gecko; compatible; GPTBot/1.2; +https://openai.com/gptbot)', 'YTozOntzOjY6Il90b2tlbiI7czo0MDoiRkVXRnRXcXFGSDhPc2xxSDVkUlNCamk1a3lwZVdZVXFEbFZzNGdhZCI7czo5OiJfcHJldmlvdXMiO2E6MTp7czozOiJ1cmwiO3M6NTg6Imh0dHBzOi8vbGlnYWRlYmVpc2JvbG1lbm9yemFtb3JhLmNvbS9qdWdhZG9yLW51bWVyaXRvcy8yMDAiO31zOjY6Il9mbGFzaCI7YToyOntzOjM6Im9sZCI7YTowOnt9czozOiJuZXciO2E6MDp7fX19', 1736627643),
	('ghriWnv3iMp8Fujz5X5JIkNWoxVwveX8mu4CuIvh', NULL, '4.227.36.23', 'Mozilla/5.0 AppleWebKit/537.36 (KHTML, like Gecko; compatible; GPTBot/1.2; +https://openai.com/gptbot)', 'YTozOntzOjY6Il90b2tlbiI7czo0MDoid29ja1prVmlrUDB1eGpHdVhnZjltQmh2RUpIU24wYVE2QUk1eGQ5dyI7czo5OiJfcHJldmlvdXMiO2E6MTp7czozOiJ1cmwiO3M6NTg6Imh0dHBzOi8vbGlnYWRlYmVpc2JvbG1lbm9yemFtb3JhLmNvbS9qdWdhZG9yLW51bWVyaXRvcy8yMDQiO31zOjY6Il9mbGFzaCI7YToyOntzOjM6Im9sZCI7YTowOnt9czozOiJuZXciO2E6MDp7fX19', 1736627666),
	('glbw6LaUzk4TSwBjSx2zJXU9fhzNiWo6o6gdXude', NULL, '4.227.36.23', 'Mozilla/5.0 AppleWebKit/537.36 (KHTML, like Gecko; compatible; GPTBot/1.2; +https://openai.com/gptbot)', 'YTozOntzOjY6Il90b2tlbiI7czo0MDoiWlRUWEVhRUE2eU56M3VWR2tTYVFMb1lRampJSzlqMDFyNmhnTXp2dyI7czo5OiJfcHJldmlvdXMiO2E6MTp7czozOiJ1cmwiO3M6NTg6Imh0dHBzOi8vbGlnYWRlYmVpc2JvbG1lbm9yemFtb3JhLmNvbS9qdWdhZG9yLW51bWVyaXRvcy8yNTAiO31zOjY6Il9mbGFzaCI7YToyOntzOjM6Im9sZCI7YTowOnt9czozOiJuZXciO2E6MDp7fX19', 1736627502),
	('gpRSinbkcmBu3eWcGKpriZlVGGL920bDaIgJPivQ', NULL, '4.227.36.23', 'Mozilla/5.0 AppleWebKit/537.36 (KHTML, like Gecko; compatible; GPTBot/1.2; +https://openai.com/gptbot)', 'YTozOntzOjY6Il90b2tlbiI7czo0MDoiaTBBdVFaT0xubE15cFdzQjZnQUVWUE80bDJNRjZ3dFhKeWlsQVNpMCI7czo5OiJfcHJldmlvdXMiO2E6MTp7czozOiJ1cmwiO3M6NTg6Imh0dHBzOi8vbGlnYWRlYmVpc2JvbG1lbm9yemFtb3JhLmNvbS9qdWdhZG9yLW51bWVyaXRvcy8xODUiO31zOjY6Il9mbGFzaCI7YToyOntzOjM6Im9sZCI7YTowOnt9czozOiJuZXciO2E6MDp7fX19', 1736627553),
	('gyxLsRczSnMLKU0G74obissn8rtWa1RFjkngRcDS', NULL, '4.227.36.23', 'Mozilla/5.0 AppleWebKit/537.36 (KHTML, like Gecko; compatible; GPTBot/1.2; +https://openai.com/gptbot)', 'YTozOntzOjY6Il90b2tlbiI7czo0MDoiTTlYZE5hNGFCR3dpamNyTTE2eWRsdkVmTzlBcmR5UzYyNkdXSGtxZyI7czo5OiJfcHJldmlvdXMiO2E6MTp7czozOiJ1cmwiO3M6NTg6Imh0dHBzOi8vbGlnYWRlYmVpc2JvbG1lbm9yemFtb3JhLmNvbS9qdWdhZG9yLW51bWVyaXRvcy8xMDYiO31zOjY6Il9mbGFzaCI7YToyOntzOjM6Im9sZCI7YTowOnt9czozOiJuZXciO2E6MDp7fX19', 1736627514),
	('HDfDo9cRKf6F6XgAGfEK6Dw6NjOP7BSVCxk0sLXW', NULL, '4.227.36.23', 'Mozilla/5.0 AppleWebKit/537.36 (KHTML, like Gecko; compatible; GPTBot/1.2; +https://openai.com/gptbot)', 'YTozOntzOjY6Il90b2tlbiI7czo0MDoiVTJ1YldSb3hPZkh1WXNnU3MwdDVmZGgxMW5LVFZFZWpkeXFlbGpKVCI7czo5OiJfcHJldmlvdXMiO2E6MTp7czozOiJ1cmwiO3M6NTc6Imh0dHBzOi8vbGlnYWRlYmVpc2JvbG1lbm9yemFtb3JhLmNvbS9qdWdhZG9yLW51bWVyaXRvcy81OCI7fXM6NjoiX2ZsYXNoIjthOjI6e3M6Mzoib2xkIjthOjA6e31zOjM6Im5ldyI7YTowOnt9fX0=', 1736627630),
	('htQ1Aj8zk6l2gVX1Um32OvKLHXKw7eYjlQN8wh6L', NULL, '223.113.128.188', 'curl/7.29.0', 'YTozOntzOjY6Il90b2tlbiI7czo0MDoiYmY0SjRYa2RBeDJPblRYQjlUUTJQVEY1TUhxTFljb0xwSkpRV2d3VSI7czo5OiJfcHJldmlvdXMiO2E6MTp7czozOiJ1cmwiO3M6MzY6Imh0dHBzOi8vbGlnYWRlYmVpc2JvbG1lbm9yemFtb3JhLmNvbSI7fXM6NjoiX2ZsYXNoIjthOjI6e3M6Mzoib2xkIjthOjA6e31zOjM6Im5ldyI7YTowOnt9fX0=', 1736685384),
	('hV4Xx6CKbYg7O8HhOqhIxyWvG3y1w8hPgybtOFAC', NULL, '4.227.36.23', 'Mozilla/5.0 AppleWebKit/537.36 (KHTML, like Gecko; compatible; GPTBot/1.2; +https://openai.com/gptbot)', 'YTozOntzOjY6Il90b2tlbiI7czo0MDoiN1FXT0JWVEhFVWtBTFY3cGRNbVRSSWM0MHJYYTNFSE1kcm5Pd3BZYyI7czo5OiJfcHJldmlvdXMiO2E6MTp7czozOiJ1cmwiO3M6NTg6Imh0dHBzOi8vbGlnYWRlYmVpc2JvbG1lbm9yemFtb3JhLmNvbS9qdWdhZG9yLW51bWVyaXRvcy8xNjUiO31zOjY6Il9mbGFzaCI7YToyOntzOjM6Im9sZCI7YTowOnt9czozOiJuZXciO2E6MDp7fX19', 1736627474),
	('HW39ET20saAuVqTYab0OZMJzNMyvWgESXsr2D5k6', NULL, '170.106.197.109', 'Mozilla/5.0 (iPhone; CPU iPhone OS 13_2_3 like Mac OS X) AppleWebKit/605.1.15 (KHTML, like Gecko) Version/13.0.3 Mobile/15E148 Safari/604.1', 'YTozOntzOjY6Il90b2tlbiI7czo0MDoiM2hWNkVMWGFQazJ0QmxMTFVmVTlXNVVkY0h1eG9nUGlQdThQOHlabiI7czo5OiJfcHJldmlvdXMiO2E6MTp7czozOiJ1cmwiO3M6MzY6Imh0dHBzOi8vbGlnYWRlYmVpc2JvbG1lbm9yemFtb3JhLmNvbSI7fXM6NjoiX2ZsYXNoIjthOjI6e3M6Mzoib2xkIjthOjA6e31zOjM6Im5ldyI7YTowOnt9fX0=', 1736640709),
	('HYR9ardBfFYOvHWELwzkAOsslC7PGIMPNxUBO7Zy', NULL, '4.227.36.23', 'Mozilla/5.0 AppleWebKit/537.36 (KHTML, like Gecko; compatible; GPTBot/1.2; +https://openai.com/gptbot)', 'YTozOntzOjY6Il90b2tlbiI7czo0MDoiWkxzb2d1T1FLeDBYZUE2Sm5EejRLUWtpTzBKS0FHTzdBSHdWRTRhMiI7czo5OiJfcHJldmlvdXMiO2E6MTp7czozOiJ1cmwiO3M6NTg6Imh0dHBzOi8vbGlnYWRlYmVpc2JvbG1lbm9yemFtb3JhLmNvbS9qdWdhZG9yLW51bWVyaXRvcy8yMzMiO31zOjY6Il9mbGFzaCI7YToyOntzOjM6Im9sZCI7YTowOnt9czozOiJuZXciO2E6MDp7fX19', 1736627653),
	('IGscq9FfpNzbfeQ61j3eiRYeZT9cXukp2qCU2xS9', NULL, '4.227.36.23', 'Mozilla/5.0 AppleWebKit/537.36 (KHTML, like Gecko; compatible; GPTBot/1.2; +https://openai.com/gptbot)', 'YTozOntzOjY6Il90b2tlbiI7czo0MDoiYUVuMllEZmpGa251YWR5UzVVVXlIS0l5V3pUeUo3VXFjbmQwVEdVQyI7czo5OiJfcHJldmlvdXMiO2E6MTp7czozOiJ1cmwiO3M6NTg6Imh0dHBzOi8vbGlnYWRlYmVpc2JvbG1lbm9yemFtb3JhLmNvbS9qdWdhZG9yLW51bWVyaXRvcy8yMDYiO31zOjY6Il9mbGFzaCI7YToyOntzOjM6Im9sZCI7YTowOnt9czozOiJuZXciO2E6MDp7fX19', 1736627461),
	('IivHlrxTFSxYGsLYdp9xtriEl4evQ6AQ0xWw7BOy', NULL, '4.227.36.23', 'Mozilla/5.0 AppleWebKit/537.36 (KHTML, like Gecko; compatible; GPTBot/1.2; +https://openai.com/gptbot)', 'YTozOntzOjY6Il90b2tlbiI7czo0MDoiNDZ1WE1rV29WMFFQQlpvM0wxUFNWaDJvZHRmMVFQN3pPdndvYlZKRiI7czo5OiJfcHJldmlvdXMiO2E6MTp7czozOiJ1cmwiO3M6NTg6Imh0dHBzOi8vbGlnYWRlYmVpc2JvbG1lbm9yemFtb3JhLmNvbS9qdWdhZG9yLW51bWVyaXRvcy8xNjQiO31zOjY6Il9mbGFzaCI7YToyOntzOjM6Im9sZCI7YTowOnt9czozOiJuZXciO2E6MDp7fX19', 1736627589),
	('IMSdImulr67ReCDIgAJ1dMC8IJgCPma3UnnhiYLu', NULL, '43.134.66.205', 'Mozilla/5.0 (iPhone; CPU iPhone OS 13_2_3 like Mac OS X) AppleWebKit/605.1.15 (KHTML, like Gecko) Version/13.0.3 Mobile/15E148 Safari/604.1', 'YTozOntzOjY6Il90b2tlbiI7czo0MDoiSXBuZzVtN3ltYUdCc0hkY01aamdwVU12MXhyVVdPUTU5b0d3bWVaRiI7czo5OiJfcHJldmlvdXMiO2E6MTp7czozOiJ1cmwiO3M6MzY6Imh0dHBzOi8vbGlnYWRlYmVpc2JvbG1lbm9yemFtb3JhLmNvbSI7fXM6NjoiX2ZsYXNoIjthOjI6e3M6Mzoib2xkIjthOjA6e31zOjM6Im5ldyI7YTowOnt9fX0=', 1736621150),
	('Irj7oJ1tRE94e1S5zqOnssSbG8mJc0K3rv2zLNFK', NULL, '4.227.36.23', 'Mozilla/5.0 AppleWebKit/537.36 (KHTML, like Gecko; compatible; GPTBot/1.2; +https://openai.com/gptbot)', 'YTozOntzOjY6Il90b2tlbiI7czo0MDoidmVja1NpRTRqMzNMMGRwaG9xbnI1TFE2ZE5vUEVYOGhwZGNWZHVsSCI7czo5OiJfcHJldmlvdXMiO2E6MTp7czozOiJ1cmwiO3M6NTc6Imh0dHBzOi8vbGlnYWRlYmVpc2JvbG1lbm9yemFtb3JhLmNvbS9qdWdhZG9yLW51bWVyaXRvcy85OCI7fXM6NjoiX2ZsYXNoIjthOjI6e3M6Mzoib2xkIjthOjA6e31zOjM6Im5ldyI7YTowOnt9fX0=', 1736627620),
	('IuaXmnBjL93TD6T7kWJC2TUJhUTEctKTX704qIHd', NULL, '43.142.179.19', 'Mozilla/5.0 (Linux; Android 10; LIO-AN00 Build/HUAWEILIO-AN00; wv) MicroMessenger Weixin QQ AppleWebKit/537.36 (KHTML, like Gecko) Version/4.0 Chrome/78.0.3904.62 XWEB/2692 MMWEBSDK/200901 Mobile Safari/537.36', 'YTozOntzOjY6Il90b2tlbiI7czo0MDoiZFpneGtkMTA3cUVzcVVlbUNpWFpkaXdERVR5MWpMNTI4eEZ5M3hjRiI7czo5OiJfcHJldmlvdXMiO2E6MTp7czozOiJ1cmwiO3M6MzY6Imh0dHBzOi8vbGlnYWRlYmVpc2JvbG1lbm9yemFtb3JhLmNvbSI7fXM6NjoiX2ZsYXNoIjthOjI6e3M6Mzoib2xkIjthOjA6e31zOjM6Im5ldyI7YTowOnt9fX0=', 1736625327),
	('IusFQddcR2Yfi2jeDSQeUxGk9iEVqPrZJGievfpY', NULL, '4.227.36.23', 'Mozilla/5.0 AppleWebKit/537.36 (KHTML, like Gecko; compatible; GPTBot/1.2; +https://openai.com/gptbot)', 'YTozOntzOjY6Il90b2tlbiI7czo0MDoiamNoS04xYXBsWGxGc3B2STQxNU9VUHJtMVNxQ2dOd3gybkcxQUxWcyI7czo5OiJfcHJldmlvdXMiO2E6MTp7czozOiJ1cmwiO3M6NTg6Imh0dHBzOi8vbGlnYWRlYmVpc2JvbG1lbm9yemFtb3JhLmNvbS9qdWdhZG9yLW51bWVyaXRvcy8xNTkiO31zOjY6Il9mbGFzaCI7YToyOntzOjM6Im9sZCI7YTowOnt9czozOiJuZXciO2E6MDp7fX19', 1736627559),
	('J8uO1n3VJ91mkiTRo3UBcb6os8X1GLAqB53sOfMI', NULL, '39.163.143.158', 'Mozilla/5.0 (Macintosh; Intel Mac OS X 10_7_0) AppleWebKit/535.11 (KHTML, like Gecko) Chrome/17.0.963.56 Safari/535.11', 'YTozOntzOjY6Il90b2tlbiI7czo0MDoiQk9kOEE4d0Zvc0ZReU5iaVpIbUdCRE5hOGN1Ym16OEh0eWFLc25ZbiI7czo5OiJfcHJldmlvdXMiO2E6MTp7czozOiJ1cmwiO3M6MzY6Imh0dHBzOi8vbGlnYWRlYmVpc2JvbG1lbm9yemFtb3JhLmNvbSI7fXM6NjoiX2ZsYXNoIjthOjI6e3M6Mzoib2xkIjthOjA6e31zOjM6Im5ldyI7YTowOnt9fX0=', 1736628928),
	('jBoj5Ceg8Imk0LhH4fbyu1K4YIFPDphs7Rnx1uNT', NULL, '4.227.36.23', 'Mozilla/5.0 AppleWebKit/537.36 (KHTML, like Gecko; compatible; GPTBot/1.2; +https://openai.com/gptbot)', 'YTozOntzOjY6Il90b2tlbiI7czo0MDoiY2x6ZnJLbzJvdUFzUFVKQTk0NHRORmhjSldpaURqdUZMWEMxY3BoNyI7czo5OiJfcHJldmlvdXMiO2E6MTp7czozOiJ1cmwiO3M6NTg6Imh0dHBzOi8vbGlnYWRlYmVpc2JvbG1lbm9yemFtb3JhLmNvbS9qdWdhZG9yLW51bWVyaXRvcy8xODEiO31zOjY6Il9mbGFzaCI7YToyOntzOjM6Im9sZCI7YTowOnt9czozOiJuZXciO2E6MDp7fX19', 1736627496),
	('jHhu00nJ2YUL96LQ5VPyHCCeiFCQqKmibA7UzwJN', NULL, '216.244.66.195', 'Mozilla/5.0 (compatible; DotBot/1.2; +https://opensiteexplorer.org/dotbot; help@moz.com)', 'YTozOntzOjY6Il90b2tlbiI7czo0MDoiT0ZJNnFZRG1lQVVmUm9DbzFJUlpwR2VRaWZZak94Zkd4bUhUTFI1UyI7czo5OiJfcHJldmlvdXMiO2E6MTp7czozOiJ1cmwiO3M6NTg6Imh0dHBzOi8vbGlnYWRlYmVpc2JvbG1lbm9yemFtb3JhLmNvbS9qdWdhZG9yLW51bWVyaXRvcy8yMzQiO31zOjY6Il9mbGFzaCI7YToyOntzOjM6Im9sZCI7YTowOnt9czozOiJuZXciO2E6MDp7fX19', 1736631003),
	('JNkI10F1PPgjrkjy9gmsdYofHC1Xlpqp8NKZbrHF', NULL, '4.227.36.23', 'Mozilla/5.0 AppleWebKit/537.36 (KHTML, like Gecko; compatible; GPTBot/1.2; +https://openai.com/gptbot)', 'YTozOntzOjY6Il90b2tlbiI7czo0MDoiZDdwc005bjJkYnM5R0hDTE84OTNFdGNiaWxMV3Jpb3ZtRGRQYVV0ciI7czo5OiJfcHJldmlvdXMiO2E6MTp7czozOiJ1cmwiO3M6NTg6Imh0dHBzOi8vbGlnYWRlYmVpc2JvbG1lbm9yemFtb3JhLmNvbS9qdWdhZG9yLW51bWVyaXRvcy8xMjkiO31zOjY6Il9mbGFzaCI7YToyOntzOjM6Im9sZCI7YTowOnt9czozOiJuZXciO2E6MDp7fX19', 1736627535),
	('KJDNE4AOflifu9A8BrUz43I8jA3WtFefPCYhQMoB', NULL, '4.227.36.23', 'Mozilla/5.0 AppleWebKit/537.36 (KHTML, like Gecko; compatible; GPTBot/1.2; +https://openai.com/gptbot)', 'YTozOntzOjY6Il90b2tlbiI7czo0MDoiMHM5cUE5T0lvWk9uY1F5VEQzeGVZR1JKR1g0UGd6Umt5SVpoNXpSeSI7czo5OiJfcHJldmlvdXMiO2E6MTp7czozOiJ1cmwiO3M6NTg6Imh0dHBzOi8vbGlnYWRlYmVpc2JvbG1lbm9yemFtb3JhLmNvbS9qdWdhZG9yLW51bWVyaXRvcy8xMjEiO31zOjY6Il9mbGFzaCI7YToyOntzOjM6Im9sZCI7YTowOnt9czozOiJuZXciO2E6MDp7fX19', 1736627597),
	('KMRl2WhBbo3f1H7ootGPJW8NQhZLZZc1uBkt0tw0', NULL, '4.227.36.23', 'Mozilla/5.0 AppleWebKit/537.36 (KHTML, like Gecko; compatible; GPTBot/1.2; +https://openai.com/gptbot)', 'YTozOntzOjY6Il90b2tlbiI7czo0MDoiUWNQaTJmSkV4R2tiM2l0NmsxeVNqQW04RHJrbWFRQzZkYzAzYkE0WSI7czo5OiJfcHJldmlvdXMiO2E6MTp7czozOiJ1cmwiO3M6NTc6Imh0dHBzOi8vbGlnYWRlYmVpc2JvbG1lbm9yemFtb3JhLmNvbS9qdWdhZG9yLW51bWVyaXRvcy82MiI7fXM6NjoiX2ZsYXNoIjthOjI6e3M6Mzoib2xkIjthOjA6e31zOjM6Im5ldyI7YTowOnt9fX0=', 1736627569),
	('l2mMiyHAEPduXa1lnZ8sUHDMt1hdCcEk6w97Npgo', NULL, '4.227.36.23', 'Mozilla/5.0 AppleWebKit/537.36 (KHTML, like Gecko; compatible; GPTBot/1.2; +https://openai.com/gptbot)', 'YTozOntzOjY6Il90b2tlbiI7czo0MDoiNVVmSm9DYms1VFU3ZHo2ckwxeE9VczRrRkYwbEExaFhpZ3hJdXgweSI7czo5OiJfcHJldmlvdXMiO2E6MTp7czozOiJ1cmwiO3M6NTg6Imh0dHBzOi8vbGlnYWRlYmVpc2JvbG1lbm9yemFtb3JhLmNvbS9qdWdhZG9yLW51bWVyaXRvcy8yNTMiO31zOjY6Il9mbGFzaCI7YToyOntzOjM6Im9sZCI7YTowOnt9czozOiJuZXciO2E6MDp7fX19', 1736627549),
	('LbkgGtwXR6HoWASBXds0GqGOaOJ5ES6qXKTrfXjg', NULL, '71.6.134.232', 'Mozilla/5.0 (Windows NT 10.0; Win64; x64) AppleWebKit/537.36 (KHTML, like Gecko) Chrome/102.0.0.0 Safari/537.36', 'YTozOntzOjY6Il90b2tlbiI7czo0MDoiUEhmQm1RSEp5bnhUZGZneFplaFFyS1FDQXRnMWh3MmxqNm5raDBKaSI7czo5OiJfcHJldmlvdXMiO2E6MTp7czozOiJ1cmwiO3M6MjI6Imh0dHBzOi8vMTY1LjIyLjE4OS4yMTYiO31zOjY6Il9mbGFzaCI7YToyOntzOjM6Im9sZCI7YTowOnt9czozOiJuZXciO2E6MDp7fX19', 1736645012),
	('lI8T8EmOprZjBhl0HfxUeDAW264ceL3MtSk82Gtt', NULL, '4.227.36.23', 'Mozilla/5.0 AppleWebKit/537.36 (KHTML, like Gecko; compatible; GPTBot/1.2; +https://openai.com/gptbot)', 'YTozOntzOjY6Il90b2tlbiI7czo0MDoiVmtOY2RaRUs3VkZiVlJzM2VhdUpJRGYyUEViVG1IZWFiMUt3ZUVYViI7czo5OiJfcHJldmlvdXMiO2E6MTp7czozOiJ1cmwiO3M6NTg6Imh0dHBzOi8vbGlnYWRlYmVpc2JvbG1lbm9yemFtb3JhLmNvbS9qdWdhZG9yLW51bWVyaXRvcy8xNzkiO31zOjY6Il9mbGFzaCI7YToyOntzOjM6Im9sZCI7YTowOnt9czozOiJuZXciO2E6MDp7fX19', 1736627500),
	('lnPNLC0qGnGKjwx5yZzYS5VcZaWHnMd8lUGnPDLH', NULL, '31.6.17.20', 'Mozilla/5.0 (X11; Linux x86_64) AppleWebKit/537.36 (KHTML, like Gecko) HeadlessChrome/111.0.5563.19 Safari/537.36', 'YTozOntzOjY6Il90b2tlbiI7czo0MDoiS3p0WngwVEloZGkwT25MUW1OUXhVNEVQNzJmaExocWNidHh3Sk5vVyI7czo5OiJfcHJldmlvdXMiO2E6MTp7czozOiJ1cmwiO3M6MzY6Imh0dHBzOi8vbGlnYWRlYmVpc2JvbG1lbm9yemFtb3JhLmNvbSI7fXM6NjoiX2ZsYXNoIjthOjI6e3M6Mzoib2xkIjthOjA6e31zOjM6Im5ldyI7YTowOnt9fX0=', 1736629975),
	('LnQ56EcwAO75gd6skyNBvm91zKcWNKX1KaRvn2uc', NULL, '4.227.36.23', 'Mozilla/5.0 AppleWebKit/537.36 (KHTML, like Gecko; compatible; GPTBot/1.2; +https://openai.com/gptbot)', 'YTozOntzOjY6Il90b2tlbiI7czo0MDoiSHFpdjI3TU5WTEpBTWFtY3FaZzBlS0Y0YmdsbE85dWNXcnRMUm1vWCI7czo5OiJfcHJldmlvdXMiO2E6MTp7czozOiJ1cmwiO3M6NTg6Imh0dHBzOi8vbGlnYWRlYmVpc2JvbG1lbm9yemFtb3JhLmNvbS9qdWdhZG9yLW51bWVyaXRvcy8xMDUiO31zOjY6Il9mbGFzaCI7YToyOntzOjM6Im9sZCI7YTowOnt9czozOiJuZXciO2E6MDp7fX19', 1736627465),
	('mB4ddzfc6UONc2MN0o4B9ZDVaiAubAsueZ4M5aAr', NULL, '4.227.36.23', 'Mozilla/5.0 AppleWebKit/537.36 (KHTML, like Gecko; compatible; GPTBot/1.2; +https://openai.com/gptbot)', 'YTozOntzOjY6Il90b2tlbiI7czo0MDoiVVFVZm1vcFltYWxVR0x0STZEcXRETEVyNno0VW5sZHlwZ1ZjajVlNyI7czo5OiJfcHJldmlvdXMiO2E6MTp7czozOiJ1cmwiO3M6NDc6Imh0dHBzOi8vbGlnYWRlYmVpc2JvbG1lbm9yemFtb3JhLmNvbS9yZXN1bHRhZG9zIjt9czo2OiJfZmxhc2giO2E6Mjp7czozOiJvbGQiO2E6MDp7fXM6MzoibmV3IjthOjA6e319fQ==', 1736626260),
	('MdWUfk7P2pWpdrNLYR9EhL3ES3hyCJSHiHGrtxmy', NULL, '217.15.164.190', 'Mozilla/5.0 (Windows NT 10.0; Win64; x64) AppleWebKit/537.36 (KHTML, like Gecko) Chrome/58.0.3029.110 Safari/537.3', 'YTozOntzOjY6Il90b2tlbiI7czo0MDoiZmE0UjJlbnVLWmNrRmQ1dXp4MVFmZzhXN1lLVGJFdzBiU0hxVXZIaCI7czo5OiJfcHJldmlvdXMiO2E6MTp7czozOiJ1cmwiO3M6NDA6Imh0dHBzOi8vd3d3LmxpZ2FkZWJlaXNib2xtZW5vcnphbW9yYS5jb20iO31zOjY6Il9mbGFzaCI7YToyOntzOjM6Im9sZCI7YTowOnt9czozOiJuZXciO2E6MDp7fX19', 1736685862),
	('mh7iRIFH6SnDMEARdIgVeU90I5maIkhuKbnzCXcw', NULL, '4.227.36.23', 'Mozilla/5.0 AppleWebKit/537.36 (KHTML, like Gecko; compatible; GPTBot/1.2; +https://openai.com/gptbot)', 'YTozOntzOjY6Il90b2tlbiI7czo0MDoiN2VBQXdiaWJ1VHpoU1VicnRnbUtXWXg5bkJtSUcyNkdJcmhYVXZmRCI7czo5OiJfcHJldmlvdXMiO2E6MTp7czozOiJ1cmwiO3M6NTg6Imh0dHBzOi8vbGlnYWRlYmVpc2JvbG1lbm9yemFtb3JhLmNvbS9qdWdhZG9yLW51bWVyaXRvcy8yMzgiO31zOjY6Il9mbGFzaCI7YToyOntzOjM6Im9sZCI7YTowOnt9czozOiJuZXciO2E6MDp7fX19', 1736627479),
	('mZBfaomhJKTbBKAyzeG7kHy0vyGVMsMUktebU4WN', NULL, '4.227.36.23', 'Mozilla/5.0 AppleWebKit/537.36 (KHTML, like Gecko; compatible; GPTBot/1.2; +https://openai.com/gptbot)', 'YTozOntzOjY6Il90b2tlbiI7czo0MDoiWERPWjVUV1pqRHJNT2xldzRVUEdwbm5MUnEyYzc1Rjh0VjVzbW1uZCI7czo5OiJfcHJldmlvdXMiO2E6MTp7czozOiJ1cmwiO3M6NTc6Imh0dHBzOi8vbGlnYWRlYmVpc2JvbG1lbm9yemFtb3JhLmNvbS9qdWdhZG9yLW51bWVyaXRvcy8yMCI7fXM6NjoiX2ZsYXNoIjthOjI6e3M6Mzoib2xkIjthOjA6e31zOjM6Im5ldyI7YTowOnt9fX0=', 1736627595),
	('n3SeyXl9xxgxQG2jLgZEzh94NEejosEN6HzdBzp0', NULL, '13.91.165.51', 'Mozilla/5.0 zgrab/0.x', 'YTozOntzOjY6Il90b2tlbiI7czo0MDoiZnpYN3RMc2pOSTE2ZXJhTnF0cDJ3bno0VzR2Ujc5Qm1yRGI3MHhUViI7czo5OiJfcHJldmlvdXMiO2E6MTp7czozOiJ1cmwiO3M6MjI6Imh0dHBzOi8vMTY1LjIyLjE4OS4yMTYiO31zOjY6Il9mbGFzaCI7YToyOntzOjM6Im9sZCI7YTowOnt9czozOiJuZXciO2E6MDp7fX19', 1736670668),
	('N5HdwmNQ3Yrxtw0SceWxKrZyVbfoQaInR23mUFKZ', NULL, '4.227.36.23', 'Mozilla/5.0 AppleWebKit/537.36 (KHTML, like Gecko; compatible; GPTBot/1.2; +https://openai.com/gptbot)', 'YTozOntzOjY6Il90b2tlbiI7czo0MDoibmxVT2tJV0ZZS3NUYkJ4VGZzUU1aY2RpVUd6SlhnQ1ZhdzBpZFp0RCI7czo5OiJfcHJldmlvdXMiO2E6MTp7czozOiJ1cmwiO3M6MzY6Imh0dHBzOi8vbGlnYWRlYmVpc2JvbG1lbm9yemFtb3JhLmNvbSI7fXM6NjoiX2ZsYXNoIjthOjI6e3M6Mzoib2xkIjthOjA6e31zOjM6Im5ldyI7YTowOnt9fX0=', 1736621284),
	('n5r3McSXyVJLRtrqRGTC6K2EZYBJf13wS54PezaT', NULL, '4.227.36.23', 'Mozilla/5.0 AppleWebKit/537.36 (KHTML, like Gecko; compatible; GPTBot/1.2; +https://openai.com/gptbot)', 'YTozOntzOjY6Il90b2tlbiI7czo0MDoiY2J2Tjl4Vkxrc3IzWHRBb0piRGpNeG5NZ1hVVXpEaWhrbk9GVDcyQSI7czo5OiJfcHJldmlvdXMiO2E6MTp7czozOiJ1cmwiO3M6NTg6Imh0dHBzOi8vbGlnYWRlYmVpc2JvbG1lbm9yemFtb3JhLmNvbS9qdWdhZG9yLW51bWVyaXRvcy8yMTEiO31zOjY6Il9mbGFzaCI7YToyOntzOjM6Im9sZCI7YTowOnt9czozOiJuZXciO2E6MDp7fX19', 1736627612),
	('NBK6IOvdezZxsklrzlWPVMav1NjAuEvAJqzSBOlD', NULL, '4.227.36.23', 'Mozilla/5.0 AppleWebKit/537.36 (KHTML, like Gecko; compatible; GPTBot/1.2; +https://openai.com/gptbot)', 'YTozOntzOjY6Il90b2tlbiI7czo0MDoiakk2Qm9rNkllbHdrR0duOFFhVnBnbEtNWEx1UXdsZjhSSE9rZHBCaSI7czo5OiJfcHJldmlvdXMiO2E6MTp7czozOiJ1cmwiO3M6NTg6Imh0dHBzOi8vbGlnYWRlYmVpc2JvbG1lbm9yemFtb3JhLmNvbS9qdWdhZG9yLW51bWVyaXRvcy8yNDIiO31zOjY6Il9mbGFzaCI7YToyOntzOjM6Im9sZCI7YTowOnt9czozOiJuZXciO2E6MDp7fX19', 1736627463),
	('NcMgDLqYURBPn5NIaAGRHmhlim2MdgC6WWc3xUtE', NULL, '15.204.37.89', 'Mozilla/5.0 (X11; Ubuntu; Linux x86_64; rv:130.0) Gecko/20100101 Firefox/130.0', 'YTozOntzOjY6Il90b2tlbiI7czo0MDoiZkZadjN4VW1BSXcyZ01GbHNtcFhnS3R1clpZajJJS25iOENZRkV1SCI7czo5OiJfcHJldmlvdXMiO2E6MTp7czozOiJ1cmwiO3M6MjI6Imh0dHBzOi8vMTY1LjIyLjE4OS4yMTYiO31zOjY6Il9mbGFzaCI7YToyOntzOjM6Im9sZCI7YTowOnt9czozOiJuZXciO2E6MDp7fX19', 1736647195),
	('NcWX0yJe7dPh3NVykiseQku6cjTc47BILMF69ETW', NULL, '4.227.36.23', 'Mozilla/5.0 AppleWebKit/537.36 (KHTML, like Gecko; compatible; GPTBot/1.2; +https://openai.com/gptbot)', 'YTozOntzOjY6Il90b2tlbiI7czo0MDoiN3dOc01Ub1VxdDdZZ0xZNjJIa0Z3dVFnMTRBV25PZW1EbnVEbUZKbSI7czo5OiJfcHJldmlvdXMiO2E6MTp7czozOiJ1cmwiO3M6NTc6Imh0dHBzOi8vbGlnYWRlYmVpc2JvbG1lbm9yemFtb3JhLmNvbS9qdWdhZG9yLW51bWVyaXRvcy85MSI7fXM6NjoiX2ZsYXNoIjthOjI6e3M6Mzoib2xkIjthOjA6e31zOjM6Im5ldyI7YTowOnt9fX0=', 1736627608),
	('NG5dYd2ZfOH2zNUDekYSsvtvA6uefDeBbOktc1CF', NULL, '4.227.36.23', 'Mozilla/5.0 AppleWebKit/537.36 (KHTML, like Gecko; compatible; GPTBot/1.2; +https://openai.com/gptbot)', 'YTozOntzOjY6Il90b2tlbiI7czo0MDoiNEVPOEtLNW5iN1A4SzJJblk4cGRxMWZONW8ybU02M3I4T2VjVWdpOCI7czo5OiJfcHJldmlvdXMiO2E6MTp7czozOiJ1cmwiO3M6NTc6Imh0dHBzOi8vbGlnYWRlYmVpc2JvbG1lbm9yemFtb3JhLmNvbS9qdWdhZG9yLW51bWVyaXRvcy81MCI7fXM6NjoiX2ZsYXNoIjthOjI6e3M6Mzoib2xkIjthOjA6e31zOjM6Im5ldyI7YTowOnt9fX0=', 1736627539),
	('NGaQz1iERLrCloUq0QrUgNBI7KFYk8Wr4MDLfwEK', NULL, '4.227.36.23', 'Mozilla/5.0 AppleWebKit/537.36 (KHTML, like Gecko; compatible; GPTBot/1.2; +https://openai.com/gptbot)', 'YTozOntzOjY6Il90b2tlbiI7czo0MDoiTEFQZnhEYUdIbHd5RkRXTHZkbThHN2Fwbjdoenh6QkFHOTMwNzVmVCI7czo5OiJfcHJldmlvdXMiO2E6MTp7czozOiJ1cmwiO3M6NTY6Imh0dHBzOi8vbGlnYWRlYmVpc2JvbG1lbm9yemFtb3JhLmNvbS9qdWdhZG9yLW51bWVyaXRvcy83Ijt9czo2OiJfZmxhc2giO2E6Mjp7czozOiJvbGQiO2E6MDp7fXM6MzoibmV3IjthOjA6e319fQ==', 1736627487),
	('NhSN7WsU9hWaCZfiKn89xMnuO9wGqOqWD8FnA7me', NULL, '4.227.36.23', 'Mozilla/5.0 AppleWebKit/537.36 (KHTML, like Gecko; compatible; GPTBot/1.2; +https://openai.com/gptbot)', 'YTozOntzOjY6Il90b2tlbiI7czo0MDoiUVBsUEttb3BCMVVweE9wbWcyQUdsdkxESEtxV1JXSDROeDZ3OUtIYyI7czo5OiJfcHJldmlvdXMiO2E6MTp7czozOiJ1cmwiO3M6NDM6Imh0dHBzOi8vbGlnYWRlYmVpc2JvbG1lbm9yemFtb3JhLmNvbS9yb3N0ZXIiO31zOjY6Il9mbGFzaCI7YToyOntzOjM6Im9sZCI7YTowOnt9czozOiJuZXciO2E6MDp7fX19', 1736626252),
	('ni7qlXqzVFp6AJOfkvvJIkw3Mna8V2GFBBDCg5H0', NULL, '193.233.233.29', 'Mozilla/5.0 (Linux; Android 9; Redmi 7) AppleWebKit/537.36 (KHTML, like Gecko) Chrome/85.0.4183.101 Mobile Safari/537.36', 'YTozOntzOjY6Il90b2tlbiI7czo0MDoiWTdoRnFReUVUNnJJM21BWnNjRGhCZW5IcU1wN1V0M3RDampheEx3aiI7czo5OiJfcHJldmlvdXMiO2E6MTp7czozOiJ1cmwiO3M6MzY6Imh0dHBzOi8vbGlnYWRlYmVpc2JvbG1lbm9yemFtb3JhLmNvbSI7fXM6NjoiX2ZsYXNoIjthOjI6e3M6Mzoib2xkIjthOjA6e31zOjM6Im5ldyI7YTowOnt9fX0=', 1736642143),
	('NpLzLNZNo2DavxoDN0RYJf3LoRdqrWPzjqSW8hCe', NULL, '31.6.17.20', 'Mozilla/5.0 (X11; Ubuntu; Linux x86_64; rv:126.0) Gecko/20100101 Firefox/126.0', 'YTozOntzOjY6Il90b2tlbiI7czo0MDoia2lkSlc1cU5seERrbFNrcGJ4a1Z1OGZuOURBbXVrQ3dPUWtGYWJMMiI7czo5OiJfcHJldmlvdXMiO2E6MTp7czozOiJ1cmwiO3M6MzY6Imh0dHBzOi8vbGlnYWRlYmVpc2JvbG1lbm9yemFtb3JhLmNvbSI7fXM6NjoiX2ZsYXNoIjthOjI6e3M6Mzoib2xkIjthOjA6e31zOjM6Im5ldyI7YTowOnt9fX0=', 1736629975),
	('NqiXhH3I6ofO4OwwAjmtsMwHItrom98pdiSLLqdT', NULL, '4.227.36.23', 'Mozilla/5.0 AppleWebKit/537.36 (KHTML, like Gecko; compatible; GPTBot/1.2; +https://openai.com/gptbot)', 'YTozOntzOjY6Il90b2tlbiI7czo0MDoibnNMaXlDS2hRRDg1QlVuRlJTcHlGZENuMVVTQzlOTXRuS1l1cE9QVCI7czo5OiJfcHJldmlvdXMiO2E6MTp7czozOiJ1cmwiO3M6NTg6Imh0dHBzOi8vbGlnYWRlYmVpc2JvbG1lbm9yemFtb3JhLmNvbS9qdWdhZG9yLW51bWVyaXRvcy8xMzMiO31zOjY6Il9mbGFzaCI7YToyOntzOjM6Im9sZCI7YTowOnt9czozOiJuZXciO2E6MDp7fX19', 1736627485),
	('NuSpTqkyVI7hr2AxJhLteKbXhkvbnrQInCqWlvfY', NULL, '4.227.36.23', 'Mozilla/5.0 AppleWebKit/537.36 (KHTML, like Gecko; compatible; GPTBot/1.2; +https://openai.com/gptbot)', 'YTozOntzOjY6Il90b2tlbiI7czo0MDoidkFxT3Ywc0ZyZTZuUE01b05OT1o3YkI2Rks5eExDQWZRWDBlVVJWayI7czo5OiJfcHJldmlvdXMiO2E6MTp7czozOiJ1cmwiO3M6NTc6Imh0dHBzOi8vbGlnYWRlYmVpc2JvbG1lbm9yemFtb3JhLmNvbS9qdWdhZG9yLW51bWVyaXRvcy83OCI7fXM6NjoiX2ZsYXNoIjthOjI6e3M6Mzoib2xkIjthOjA6e31zOjM6Im5ldyI7YTowOnt9fX0=', 1736627517),
	('nweEhVHsq6NFsPsUtjYgktscxKF1l1fHasys3bYO', NULL, '4.227.36.23', 'Mozilla/5.0 AppleWebKit/537.36 (KHTML, like Gecko; compatible; GPTBot/1.2; +https://openai.com/gptbot)', 'YTozOntzOjY6Il90b2tlbiI7czo0MDoiS3ZiV2xPWEl2WlZBS2NlSkVOck9hS1IzZEkxbUExc2NOWTdib3RqNyI7czo5OiJfcHJldmlvdXMiO2E6MTp7czozOiJ1cmwiO3M6NTc6Imh0dHBzOi8vbGlnYWRlYmVpc2JvbG1lbm9yemFtb3JhLmNvbS9qdWdhZG9yLW51bWVyaXRvcy8xNCI7fXM6NjoiX2ZsYXNoIjthOjI6e3M6Mzoib2xkIjthOjA6e31zOjM6Im5ldyI7YTowOnt9fX0=', 1736627652),
	('o2bhqTBJTSJSXn3DJH6JoCwGcsJUZHUivZPFzc9E', NULL, '4.227.36.23', 'Mozilla/5.0 AppleWebKit/537.36 (KHTML, like Gecko; compatible; GPTBot/1.2; +https://openai.com/gptbot)', 'YTozOntzOjY6Il90b2tlbiI7czo0MDoicUh6SXNRaTc0ZEZVSWpETTdhMmJQYnRDb3VJcklybWNSOWxIWEN2ZCI7czo5OiJfcHJldmlvdXMiO2E6MTp7czozOiJ1cmwiO3M6NTc6Imh0dHBzOi8vbGlnYWRlYmVpc2JvbG1lbm9yemFtb3JhLmNvbS9qdWdhZG9yLW51bWVyaXRvcy80NCI7fXM6NjoiX2ZsYXNoIjthOjI6e3M6Mzoib2xkIjthOjA6e31zOjM6Im5ldyI7YTowOnt9fX0=', 1736627492),
	('oCp395itBX215lQdz2TjPkgUkbyGj8RWeFOvDbye', NULL, '185.7.214.74', 'Mozilla/5.0 (Windows NT 10.0; Win64; x64) AppleWebKit/537.36 (KHTML, like Gecko) Chrome/115.0.0.0 Safari/537.36 Edg/115.0.1901.203', 'YTozOntzOjY6Il90b2tlbiI7czo0MDoiTm82bzFjYTdVVjBHc00zTTRLMlB3Z0YwZzZxM2c4NzhiU0hmQ04xbSI7czo5OiJfcHJldmlvdXMiO2E6MTp7czozOiJ1cmwiO3M6Mjg6Imh0dHBzOi8vMTY1LjIyLjE4OS4yMTYvbG9naW4iO31zOjY6Il9mbGFzaCI7YToyOntzOjM6Im9sZCI7YTowOnt9czozOiJuZXciO2E6MDp7fX19', 1736648663),
	('OiIacDVunbi9eS9FeG1KWOxxgClHKGKmHJkrTJGn', NULL, '4.227.36.23', 'Mozilla/5.0 AppleWebKit/537.36 (KHTML, like Gecko; compatible; GPTBot/1.2; +https://openai.com/gptbot)', 'YTozOntzOjY6Il90b2tlbiI7czo0MDoieEZyRURTbUpjek04UDNoaXVEd0JSQTcwWHdMM2sxb0RUUk1IQTdnSCI7czo5OiJfcHJldmlvdXMiO2E6MTp7czozOiJ1cmwiO3M6NTg6Imh0dHBzOi8vbGlnYWRlYmVpc2JvbG1lbm9yemFtb3JhLmNvbS9qdWdhZG9yLW51bWVyaXRvcy8xMzciO31zOjY6Il9mbGFzaCI7YToyOntzOjM6Im9sZCI7YTowOnt9czozOiJuZXciO2E6MDp7fX19', 1736627541),
	('ol20siXds8f66thFyJpauDIMVfipEbXbJ88xf7Va', NULL, '209.97.130.65', 'Mozilla/5.0 (compatible)', 'YTozOntzOjY6Il90b2tlbiI7czo0MDoiSnhlR2pVS01JRHpTZkFkbEhjRzBSall6R3pJWmF5TUdTOHc3d1YzNyI7czo5OiJfcHJldmlvdXMiO2E6MTp7czozOiJ1cmwiO3M6MzY6Imh0dHBzOi8vbGlnYWRlYmVpc2JvbG1lbm9yemFtb3JhLmNvbSI7fXM6NjoiX2ZsYXNoIjthOjI6e3M6Mzoib2xkIjthOjA6e31zOjM6Im5ldyI7YTowOnt9fX0=', 1736627316),
	('OmlGjgBZ1QMgcQ6IHFWPqWMaJV6VeXJ60abN5B6P', NULL, '185.242.226.159', 'Mozilla/5.0 (Windows NT 10.0; Win64; x64) AppleWebKit/537.36 (KHTML, like Gecko) Chrome/88.0.4324.190 Safari/537.36', 'YTozOntzOjY6Il90b2tlbiI7czo0MDoiaVFPUkxFUUUzWERjcFJGcE5LNW9NMXZWVE8xN3pzeklHWm9tTFJVbSI7czo5OiJfcHJldmlvdXMiO2E6MTp7czozOiJ1cmwiO3M6MjI6Imh0dHBzOi8vMTY1LjIyLjE4OS4yMTYiO31zOjY6Il9mbGFzaCI7YToyOntzOjM6Im9sZCI7YTowOnt9czozOiJuZXciO2E6MDp7fX19', 1736679710),
	('On99L1BSSii8htCOwJmT0GbOxmlpjquMZjGFWt9j', NULL, '198.235.24.17', '', 'YTozOntzOjY6Il90b2tlbiI7czo0MDoiNlFuSzFuYnNHZWpZQzB2SVI1QmZqazBSTHc5Vkw3RVQzU29aeEw1eSI7czo5OiJfcHJldmlvdXMiO2E6MTp7czozOiJ1cmwiO3M6NDA6Imh0dHBzOi8vd3d3LmxpZ2FkZWJlaXNib2xtZW5vcnphbW9yYS5jb20iO31zOjY6Il9mbGFzaCI7YToyOntzOjM6Im9sZCI7YTowOnt9czozOiJuZXciO2E6MDp7fX19', 1736626813),
	('P2u26dYEsUjehRLHyIDlxgdG5RkYKbmicCFaR33Z', NULL, '4.227.36.23', 'Mozilla/5.0 AppleWebKit/537.36 (KHTML, like Gecko; compatible; GPTBot/1.2; +https://openai.com/gptbot)', 'YTozOntzOjY6Il90b2tlbiI7czo0MDoielRzUEtVUmtMc3lXV2FOY3BSOWJ1WXNLQmpxSk9ZQUFXbTB0d1dBeiI7czo5OiJfcHJldmlvdXMiO2E6MTp7czozOiJ1cmwiO3M6NTg6Imh0dHBzOi8vbGlnYWRlYmVpc2JvbG1lbm9yemFtb3JhLmNvbS9qdWdhZG9yLW51bWVyaXRvcy8xMjAiO31zOjY6Il9mbGFzaCI7YToyOntzOjM6Im9sZCI7YTowOnt9czozOiJuZXciO2E6MDp7fX19', 1736627476),
	('Pi52JmRAalWJRhB9zCifXOb4xwmSVlrIDGAU6uV0', NULL, '4.227.36.23', 'Mozilla/5.0 AppleWebKit/537.36 (KHTML, like Gecko; compatible; GPTBot/1.2; +https://openai.com/gptbot)', 'YTozOntzOjY6Il90b2tlbiI7czo0MDoiMXFvRTdvMjFmdHBjNXZ2UGg1Zk0yOTFzbVU1NXFPdm5QVEV1NFJIUiI7czo5OiJfcHJldmlvdXMiO2E6MTp7czozOiJ1cmwiO3M6NTg6Imh0dHBzOi8vbGlnYWRlYmVpc2JvbG1lbm9yemFtb3JhLmNvbS9qdWdhZG9yLW51bWVyaXRvcy8xNDgiO31zOjY6Il9mbGFzaCI7YToyOntzOjM6Im9sZCI7YTowOnt9czozOiJuZXciO2E6MDp7fX19', 1736627564),
	('pN6AEHNzniPvF5JG2ozn5ZU0Nlm81O4dnLyb4tuB', NULL, '216.244.66.195', 'Mozilla/5.0 (compatible; DotBot/1.2; +https://opensiteexplorer.org/dotbot; help@moz.com)', 'YTozOntzOjY6Il90b2tlbiI7czo0MDoiT0F5Z1djalhYSlRwaEZmUmJFN1ZZYWtvUHJ4N3RDYmVBdXpJS3lXbyI7czo5OiJfcHJldmlvdXMiO2E6MTp7czozOiJ1cmwiO3M6NTg6Imh0dHBzOi8vbGlnYWRlYmVpc2JvbG1lbm9yemFtb3JhLmNvbS9qdWdhZG9yLW51bWVyaXRvcy8yMDkiO31zOjY6Il9mbGFzaCI7YToyOntzOjM6Im9sZCI7YTowOnt9czozOiJuZXciO2E6MDp7fX19', 1736630998),
	('PoKvxbbo7qjK26A3gMEo5ZWvrKKsJnVT3Ay9Ec1s', NULL, '4.227.36.23', 'Mozilla/5.0 AppleWebKit/537.36 (KHTML, like Gecko; compatible; GPTBot/1.2; +https://openai.com/gptbot)', 'YTozOntzOjY6Il90b2tlbiI7czo0MDoiZm12dm9ScUxKTms4anFCS3ZaaThsU0lETzdhNnVTRGFUNEk5czB1SSI7czo5OiJfcHJldmlvdXMiO2E6MTp7czozOiJ1cmwiO3M6NTg6Imh0dHBzOi8vbGlnYWRlYmVpc2JvbG1lbm9yemFtb3JhLmNvbS9qdWdhZG9yLW51bWVyaXRvcy8xMDkiO31zOjY6Il9mbGFzaCI7YToyOntzOjM6Im9sZCI7YTowOnt9czozOiJuZXciO2E6MDp7fX19', 1736627600),
	('Prs99Of0Rk46LobQFZSxlvZVWbHhx3GPVAi8sQn3', NULL, '4.227.36.23', 'Mozilla/5.0 AppleWebKit/537.36 (KHTML, like Gecko; compatible; GPTBot/1.2; +https://openai.com/gptbot)', 'YTozOntzOjY6Il90b2tlbiI7czo0MDoicFE0dk5kRllqNzQxRnpvS3cxU1R2enBwUkFVajhwblhNUVR5TUozdSI7czo5OiJfcHJldmlvdXMiO2E6MTp7czozOiJ1cmwiO3M6NTc6Imh0dHBzOi8vbGlnYWRlYmVpc2JvbG1lbm9yemFtb3JhLmNvbS9qdWdhZG9yLW51bWVyaXRvcy8yMyI7fXM6NjoiX2ZsYXNoIjthOjI6e3M6Mzoib2xkIjthOjA6e31zOjM6Im5ldyI7YTowOnt9fX0=', 1736627504),
	('PyPplAwVAwHDcHaZa8o2phERRBxhQafqhqN96tFd', NULL, '185.242.226.159', 'python-requests/2.26.0', 'YTozOntzOjY6Il90b2tlbiI7czo0MDoiTEV5QWkxampleXBUN2xKdUtmQXlIWjh3Q2I0U2tUTUk4N1BXb1k0aiI7czo5OiJfcHJldmlvdXMiO2E6MTp7czozOiJ1cmwiO3M6MjI6Imh0dHBzOi8vMTY1LjIyLjE4OS4yMTYiO31zOjY6Il9mbGFzaCI7YToyOntzOjM6Im9sZCI7YTowOnt9czozOiJuZXciO2E6MDp7fX19', 1736646227),
	('qJl7TYSb4F1voCNGXy5PkGlsURQzZ4vQaVqWwGCN', NULL, '31.6.17.20', 'Mozilla/5.0 (X11; Ubuntu; Linux x86_64; rv:126.0) Gecko/20100101 Firefox/126.0', 'YTozOntzOjY6Il90b2tlbiI7czo0MDoic1hwVWY3S1VwaDNrQ2Q4N0NUb0dEd0tvT2JZQ1pvNUtJVGRVV3VoQSI7czo5OiJfcHJldmlvdXMiO2E6MTp7czozOiJ1cmwiO3M6MzY6Imh0dHBzOi8vbGlnYWRlYmVpc2JvbG1lbm9yemFtb3JhLmNvbSI7fXM6NjoiX2ZsYXNoIjthOjI6e3M6Mzoib2xkIjthOjA6e31zOjM6Im5ldyI7YTowOnt9fX0=', 1736629973),
	('QN4cYSlMUoKV1Tml1PcsYYhCYbz1rB7FO2gG0YIw', NULL, '4.227.36.23', 'Mozilla/5.0 AppleWebKit/537.36 (KHTML, like Gecko; compatible; GPTBot/1.2; +https://openai.com/gptbot)', 'YTozOntzOjY6Il90b2tlbiI7czo0MDoid1lYQ2lWbWd0ZkJuN1haT0tnV0FWTXh5eWg1eUk1RUhsU0FjOUpFNiI7czo5OiJfcHJldmlvdXMiO2E6MTp7czozOiJ1cmwiO3M6NTg6Imh0dHBzOi8vbGlnYWRlYmVpc2JvbG1lbm9yemFtb3JhLmNvbS9qdWdhZG9yLW51bWVyaXRvcy8yMzQiO31zOjY6Il9mbGFzaCI7YToyOntzOjM6Im9sZCI7YTowOnt9czozOiJuZXciO2E6MDp7fX19', 1736627529),
	('RIzCRLhPRmspvRO5vJxEsSrymnYZWROK987ONAvo', NULL, '216.244.66.195', 'Mozilla/5.0 (compatible; DotBot/1.2; +https://opensiteexplorer.org/dotbot; help@moz.com)', 'YTozOntzOjY6Il90b2tlbiI7czo0MDoicnZCejFNREpGODF5YUYzVWFENXd6WkF4VlhNeUFzd3l6YzRvZlE1QyI7czo5OiJfcHJldmlvdXMiO2E6MTp7czozOiJ1cmwiO3M6NTc6Imh0dHBzOi8vbGlnYWRlYmVpc2JvbG1lbm9yemFtb3JhLmNvbS9qdWdhZG9yLW51bWVyaXRvcy8zNyI7fXM6NjoiX2ZsYXNoIjthOjI6e3M6Mzoib2xkIjthOjA6e31zOjM6Im5ldyI7YTowOnt9fX0=', 1736631008),
	('RlYl7U5N1LD0VNf2AKh8bhB2AqhCTNyE1vlDYV7a', NULL, '167.94.145.103', 'Mozilla/5.0 (compatible; CensysInspect/1.1; +https://about.censys.io/)', 'YTozOntzOjY6Il90b2tlbiI7czo0MDoiMmNiaWdiOXFwMWt1aXdMaUhJVVhzTU9Ldk9iRjVkQVhqcnk3ZnRGMCI7czo5OiJfcHJldmlvdXMiO2E6MTp7czozOiJ1cmwiO3M6MjI6Imh0dHBzOi8vMTY1LjIyLjE4OS4yMTYiO31zOjY6Il9mbGFzaCI7YToyOntzOjM6Im9sZCI7YTowOnt9czozOiJuZXciO2E6MDp7fX19', 1736662679),
	('RqHyljg8vhvbCyeLlBiUNRmzkCopi7SJ3M0Md4Be', NULL, '4.227.36.23', 'Mozilla/5.0 AppleWebKit/537.36 (KHTML, like Gecko; compatible; GPTBot/1.2; +https://openai.com/gptbot)', 'YTozOntzOjY6Il90b2tlbiI7czo0MDoicGwxRmI1M3lJRW1yQnloRjdRaTF5d1Jrc3JpMnRUQ2FLbUk5bjBibiI7czo5OiJfcHJldmlvdXMiO2E6MTp7czozOiJ1cmwiO3M6NTc6Imh0dHBzOi8vbGlnYWRlYmVpc2JvbG1lbm9yemFtb3JhLmNvbS9qdWdhZG9yLW51bWVyaXRvcy8zOCI7fXM6NjoiX2ZsYXNoIjthOjI6e3M6Mzoib2xkIjthOjA6e31zOjM6Im5ldyI7YTowOnt9fX0=', 1736627648),
	('RtryxV3NXKHjJJ5rC80FwuI9p6I7vZCLrwfEeIHv', NULL, '14.215.163.132', 'Mozilla/5.0 (iPhone; CPU iPhone OS 13_2_3 like Mac OS X) AppleWebKit/605.1.15 (KHTML, like Gecko) Version/13.0.3 Mobile/15E148 Safari/604.1', 'YTozOntzOjY6Il90b2tlbiI7czo0MDoiUnZyeGcwWjd0UWZ3bHU0QXBrUWJqSU03QVJDMWZsS0JYbUc2YlBNeSI7czo5OiJfcHJldmlvdXMiO2E6MTp7czozOiJ1cmwiO3M6MzY6Imh0dHBzOi8vbGlnYWRlYmVpc2JvbG1lbm9yemFtb3JhLmNvbSI7fXM6NjoiX2ZsYXNoIjthOjI6e3M6Mzoib2xkIjthOjA6e31zOjM6Im5ldyI7YTowOnt9fX0=', 1736674085),
	('S2GItt6dHbQHbwCvQ8eaiLyACzFnpva9tJHnZ47F', NULL, '216.244.66.195', 'Mozilla/5.0 (compatible; DotBot/1.2; +https://opensiteexplorer.org/dotbot; help@moz.com)', 'YTozOntzOjY6Il90b2tlbiI7czo0MDoiQVFMU1BaWDBTcjR5cmp0MWFTdmljTFdvY1ZFYmdWMEE5M0VCNTlhdyI7czo5OiJfcHJldmlvdXMiO2E6MTp7czozOiJ1cmwiO3M6NTg6Imh0dHBzOi8vbGlnYWRlYmVpc2JvbG1lbm9yemFtb3JhLmNvbS9qdWdhZG9yLW51bWVyaXRvcy8yNTAiO31zOjY6Il9mbGFzaCI7YToyOntzOjM6Im9sZCI7YTowOnt9czozOiJuZXciO2E6MDp7fX19', 1736625467),
	('sDg2UIS9egttMGDwXw9tgjVlw2nhVeXiUk9BtJLT', NULL, '45.90.62.45', 'Mozilla/5.0 (Windows NT 10.0; Win64; x64) AppleWebKit/537.36 (KHTML, like Gecko) Chrome/94.0.4606.61 Safari/537.36', 'YTozOntzOjY6Il90b2tlbiI7czo0MDoiOXZmUGlTM2pWR1cxb3N2VUk3a1Z2TDVSdFNkbk5wRVp1R3Y4WXNmMCI7czo5OiJfcHJldmlvdXMiO2E6MTp7czozOiJ1cmwiO3M6MzY6Imh0dHBzOi8vbGlnYWRlYmVpc2JvbG1lbm9yemFtb3JhLmNvbSI7fXM6NjoiX2ZsYXNoIjthOjI6e3M6Mzoib2xkIjthOjA6e31zOjM6Im5ldyI7YTowOnt9fX0=', 1736663734),
	('son48jOBz07xg4tyUFgRgCwpK3qYBHYt56n2S5wD', NULL, '4.227.36.23', 'Mozilla/5.0 AppleWebKit/537.36 (KHTML, like Gecko; compatible; GPTBot/1.2; +https://openai.com/gptbot)', 'YTozOntzOjY6Il90b2tlbiI7czo0MDoiZ0tzRXpwN2hHUXhnRTJrRWJzaWtiNXgzRHFPRVBsNmFuZG9MVkx5cyI7czo5OiJfcHJldmlvdXMiO2E6MTp7czozOiJ1cmwiO3M6NTg6Imh0dHBzOi8vbGlnYWRlYmVpc2JvbG1lbm9yemFtb3JhLmNvbS9qdWdhZG9yLW51bWVyaXRvcy8yNDYiO31zOjY6Il9mbGFzaCI7YToyOntzOjM6Im9sZCI7YTowOnt9czozOiJuZXciO2E6MDp7fX19', 1736627477),
	('srtnmOMCGr23OkUm0Ui589q1pUTrNUNTQOXsHMEw', NULL, '217.15.164.190', 'Mozilla/5.0 (Windows NT 10.0; Win64; x64) AppleWebKit/537.36 (KHTML, like Gecko) Chrome/58.0.3029.110 Safari/537.3', 'YTozOntzOjY6Il90b2tlbiI7czo0MDoidkNVMXFJc3lCcExFUmk3bGlpaU9JdnQ2STJURVVCaVlMSjhWako5bSI7czo5OiJfcHJldmlvdXMiO2E6MTp7czozOiJ1cmwiO3M6MzY6Imh0dHBzOi8vbGlnYWRlYmVpc2JvbG1lbm9yemFtb3JhLmNvbSI7fXM6NjoiX2ZsYXNoIjthOjI6e3M6Mzoib2xkIjthOjA6e31zOjM6Im5ldyI7YTowOnt9fX0=', 1736652342),
	('SyjmKUaGsWfx7Es7VG5ykGd34QQNgCsHsGUwhGnU', NULL, '4.227.36.23', 'Mozilla/5.0 AppleWebKit/537.36 (KHTML, like Gecko; compatible; GPTBot/1.2; +https://openai.com/gptbot)', 'YTozOntzOjY6Il90b2tlbiI7czo0MDoiaDk3cTRmWmpNcGowYUhyQnZtV3QwU2p3aXhnV2lXNmVTb21OVWR2ZSI7czo5OiJfcHJldmlvdXMiO2E6MTp7czozOiJ1cmwiO3M6NDk6Imh0dHBzOi8vbGlnYWRlYmVpc2JvbG1lbm9yemFtb3JhLmNvbS9wb3NpY2lvbmVzLzAiO31zOjY6Il9mbGFzaCI7YToyOntzOjM6Im9sZCI7YTowOnt9czozOiJuZXciO2E6MDp7fX19', 1736626271),
	('SYxjn90dOzzoSJkO0PSAvfxmCoPpG1beNyvNfh2d', NULL, '4.227.36.23', 'Mozilla/5.0 AppleWebKit/537.36 (KHTML, like Gecko; compatible; GPTBot/1.2; +https://openai.com/gptbot)', 'YTozOntzOjY6Il90b2tlbiI7czo0MDoiSFJlSGdCektoRmhzaUlJSURqVE0zWVNURXRQREgzSENIanQwdlVKQyI7czo5OiJfcHJldmlvdXMiO2E6MTp7czozOiJ1cmwiO3M6NTg6Imh0dHBzOi8vbGlnYWRlYmVpc2JvbG1lbm9yemFtb3JhLmNvbS9qdWdhZG9yLW51bWVyaXRvcy8yMjEiO31zOjY6Il9mbGFzaCI7YToyOntzOjM6Im9sZCI7YTowOnt9czozOiJuZXciO2E6MDp7fX19', 1736627660),
	('tg1yfX6oLi4wtQ8PCqd8okmdg15po9Yo4cE7yP0T', NULL, '154.212.141.225', '', 'YTozOntzOjY6Il90b2tlbiI7czo0MDoidjlESkVlUjJXWDNhT2tyQTU3cFhkR0QyRmdTaU9tck11VnZiZmRXOCI7czo5OiJfcHJldmlvdXMiO2E6MTp7czozOiJ1cmwiO3M6MjI6Imh0dHBzOi8vMTY1LjIyLjE4OS4yMTYiO31zOjY6Il9mbGFzaCI7YToyOntzOjM6Im9sZCI7YTowOnt9czozOiJuZXciO2E6MDp7fX19', 1736659714),
	('THbyfADgQfUWjivI30TdMbDkd09EedmCa2Tbpk5N', NULL, '43.134.142.8', 'Mozilla/5.0 (iPhone; CPU iPhone OS 13_2_3 like Mac OS X) AppleWebKit/605.1.15 (KHTML, like Gecko) Version/13.0.3 Mobile/15E148 Safari/604.1', 'YTozOntzOjY6Il90b2tlbiI7czo0MDoiNVhJdUxOT2x3c3dmUjJsUUtKV25lTVVvTmY0QU82dGRwcGFtMHRjdCI7czo5OiJfcHJldmlvdXMiO2E6MTp7czozOiJ1cmwiO3M6NDA6Imh0dHBzOi8vd3d3LmxpZ2FkZWJlaXNib2xtZW5vcnphbW9yYS5jb20iO31zOjY6Il9mbGFzaCI7YToyOntzOjM6Im9sZCI7YTowOnt9czozOiJuZXciO2E6MDp7fX19', 1736647599),
	('ToBKVNUQxSw1VOvwAdRMTVgNFLzPZnDLb7AS8jxT', NULL, '4.227.36.23', 'Mozilla/5.0 AppleWebKit/537.36 (KHTML, like Gecko; compatible; GPTBot/1.2; +https://openai.com/gptbot)', 'YTozOntzOjY6Il90b2tlbiI7czo0MDoiM3BrRGdPZDhzQUhyZFRMUlVMWFM5eU9QeTRJcmNnRkJCRkZTUWliSSI7czo5OiJfcHJldmlvdXMiO2E6MTp7czozOiJ1cmwiO3M6NTg6Imh0dHBzOi8vbGlnYWRlYmVpc2JvbG1lbm9yemFtb3JhLmNvbS9qdWdhZG9yLW51bWVyaXRvcy8xMTQiO31zOjY6Il9mbGFzaCI7YToyOntzOjM6Im9sZCI7YTowOnt9czozOiJuZXciO2E6MDp7fX19', 1736627631),
	('uN26IZBIva9Z3lRI2v4RgzlTM3E8ko8969ALiC73', NULL, '43.142.179.19', 'Mozilla/5.0 (Linux; Android 10; LIO-AN00 Build/HUAWEILIO-AN00; wv) MicroMessenger Weixin QQ AppleWebKit/537.36 (KHTML, like Gecko) Version/4.0 Chrome/78.0.3904.62 XWEB/2692 MMWEBSDK/200901 Mobile Safari/537.36', 'YTozOntzOjY6Il90b2tlbiI7czo0MDoiTWVRenZuMU5kUzJUUXVtOXM1dzFEcWtnT0w0bWpORXJrdDVDR3VtVSI7czo5OiJfcHJldmlvdXMiO2E6MTp7czozOiJ1cmwiO3M6MzY6Imh0dHBzOi8vbGlnYWRlYmVpc2JvbG1lbm9yemFtb3JhLmNvbSI7fXM6NjoiX2ZsYXNoIjthOjI6e3M6Mzoib2xkIjthOjA6e31zOjM6Im5ldyI7YTowOnt9fX0=', 1736625457),
	('uRQ6XEH29JcDjSqUOqqU7kT5tZYsqXFCdxGpHwhN', NULL, '4.227.36.23', 'Mozilla/5.0 AppleWebKit/537.36 (KHTML, like Gecko; compatible; GPTBot/1.2; +https://openai.com/gptbot)', 'YTozOntzOjY6Il90b2tlbiI7czo0MDoid3Vsb2gxeWxSUFBoeFZjbzIzQUFnWjNMclZNVmJaWmkxaTdCN2hIdiI7czo5OiJfcHJldmlvdXMiO2E6MTp7czozOiJ1cmwiO3M6NTc6Imh0dHBzOi8vbGlnYWRlYmVpc2JvbG1lbm9yemFtb3JhLmNvbS9qdWdhZG9yLW51bWVyaXRvcy83OSI7fXM6NjoiX2ZsYXNoIjthOjI6e3M6Mzoib2xkIjthOjA6e31zOjM6Im5ldyI7YTowOnt9fX0=', 1736627511),
	('v8LKsK2QnDjSFYoT2hDvcqKRl6PpuSAzgnL3v0G2', NULL, '4.227.36.23', 'Mozilla/5.0 AppleWebKit/537.36 (KHTML, like Gecko; compatible; GPTBot/1.2; +https://openai.com/gptbot)', 'YTozOntzOjY6Il90b2tlbiI7czo0MDoiVlFXU2psbGRYS3hFaFdFd1k2SnpiTVRBU1oxZ3hMSWFETDdXbm9CNyI7czo5OiJfcHJldmlvdXMiO2E6MTp7czozOiJ1cmwiO3M6NTg6Imh0dHBzOi8vbGlnYWRlYmVpc2JvbG1lbm9yemFtb3JhLmNvbS9qdWdhZG9yLW51bWVyaXRvcy8yMDUiO31zOjY6Il9mbGFzaCI7YToyOntzOjM6Im9sZCI7YTowOnt9czozOiJuZXciO2E6MDp7fX19', 1736627471),
	('vKUklgyv1sfSkdRo8bH2nIJBoByXCGrsaNMlq1AP', NULL, '5.181.190.248', '', 'YTozOntzOjY6Il90b2tlbiI7czo0MDoicUkwQVNOSDMxcGl3NjZ2VDNBOWZTODZXdjhXcFJ4akk4eFRNZWJBRSI7czo5OiJfcHJldmlvdXMiO2E6MTp7czozOiJ1cmwiO3M6MjI6Imh0dHBzOi8vMTY1LjIyLjE4OS4yMTYiO31zOjY6Il9mbGFzaCI7YToyOntzOjM6Im9sZCI7YTowOnt9czozOiJuZXciO2E6MDp7fX19', 1736622986),
	('VXE0UFpldaFjE2LsK2UbZeTb1faH28fnKnz0LWuJ', NULL, '31.6.17.20', 'Mozilla/5.0 (X11; Ubuntu; Linux x86_64; rv:126.0) Gecko/20100101 Firefox/126.0', 'YTozOntzOjY6Il90b2tlbiI7czo0MDoibXRnd0l1dmJpWkZZT0NJck5LQWNNYWc1T1ZuOW9QYXhUcjZ3dmZ6QiI7czo5OiJfcHJldmlvdXMiO2E6MTp7czozOiJ1cmwiO3M6MzY6Imh0dHBzOi8vbGlnYWRlYmVpc2JvbG1lbm9yemFtb3JhLmNvbSI7fXM6NjoiX2ZsYXNoIjthOjI6e3M6Mzoib2xkIjthOjA6e31zOjM6Im5ldyI7YTowOnt9fX0=', 1736629971),
	('VXvBjdresdnd2b7w7UNileOaZwA1fU2Cao2JmB59', NULL, '4.227.36.23', 'Mozilla/5.0 AppleWebKit/537.36 (KHTML, like Gecko; compatible; GPTBot/1.2; +https://openai.com/gptbot)', 'YTozOntzOjY6Il90b2tlbiI7czo0MDoiMHY1YU9PUGdRRVdmcndFQW1yc21PbnhmSEQ3d3RMU0tiRE5PZHZzTSI7czo5OiJfcHJldmlvdXMiO2E6MTp7czozOiJ1cmwiO3M6NTc6Imh0dHBzOi8vbGlnYWRlYmVpc2JvbG1lbm9yemFtb3JhLmNvbS9qdWdhZG9yLW51bWVyaXRvcy81MiI7fXM6NjoiX2ZsYXNoIjthOjI6e3M6Mzoib2xkIjthOjA6e31zOjM6Im5ldyI7YTowOnt9fX0=', 1736627635),
	('w7GyZDd7AzGfpMjwTsSdq6jUaLl6vyaTZ1ZbNxMn', NULL, '4.227.36.23', 'Mozilla/5.0 AppleWebKit/537.36 (KHTML, like Gecko; compatible; GPTBot/1.2; +https://openai.com/gptbot)', 'YTozOntzOjY6Il90b2tlbiI7czo0MDoiWWdRbEFrOEdicHBSRGhzU215WWNtS3VtcGJqMW5ybVc3MmZ6RHlpZyI7czo5OiJfcHJldmlvdXMiO2E6MTp7czozOiJ1cmwiO3M6NTc6Imh0dHBzOi8vbGlnYWRlYmVpc2JvbG1lbm9yemFtb3JhLmNvbS9qdWdhZG9yLW51bWVyaXRvcy84NSI7fXM6NjoiX2ZsYXNoIjthOjI6e3M6Mzoib2xkIjthOjA6e31zOjM6Im5ldyI7YTowOnt9fX0=', 1736627490),
	('wmOQXegXcrVON0YHpzGdyeOZnMsJ5NsNlzusDXaw', NULL, '4.227.36.23', 'Mozilla/5.0 AppleWebKit/537.36 (KHTML, like Gecko; compatible; GPTBot/1.2; +https://openai.com/gptbot)', 'YTozOntzOjY6Il90b2tlbiI7czo0MDoiWDBDMWVKeGlGaGR2U0pQNjVKVlRYSkxMWjMzWk9wUW1BelM1cjM3ZyI7czo5OiJfcHJldmlvdXMiO2E6MTp7czozOiJ1cmwiO3M6NTY6Imh0dHBzOi8vbGlnYWRlYmVpc2JvbG1lbm9yemFtb3JhLmNvbS9qdWdhZG9yLW51bWVyaXRvcy8zIjt9czo2OiJfZmxhc2giO2E6Mjp7czozOiJvbGQiO2E6MDp7fXM6MzoibmV3IjthOjA6e319fQ==', 1736627453),
	('wmYu5q5Lutg9rudjZHHeLUc0T1fwj3nDYDHLqqHl', NULL, '4.227.36.23', 'Mozilla/5.0 AppleWebKit/537.36 (KHTML, like Gecko; compatible; GPTBot/1.2; +https://openai.com/gptbot)', 'YTozOntzOjY6Il90b2tlbiI7czo0MDoiQldDSm0wZFpNSVlvTUlseTRsVDc0TXMzdDY5b2VUdEpKVW5pbzJpeiI7czo5OiJfcHJldmlvdXMiO2E6MTp7czozOiJ1cmwiO3M6NTg6Imh0dHBzOi8vbGlnYWRlYmVpc2JvbG1lbm9yemFtb3JhLmNvbS9qdWdhZG9yLW51bWVyaXRvcy8xMjUiO31zOjY6Il9mbGFzaCI7YToyOntzOjM6Im9sZCI7YTowOnt9czozOiJuZXciO2E6MDp7fX19', 1736627614),
	('Wog1eLZWqsCT0n15AX22Ks2qZtpEjvWERts4vIzp', NULL, '106.75.98.60', 'Mozilla/5.0 (Windows NT 7_1_2; Win64; x64) AppleWebKit/596.35 (KHTML, like Gecko) Chrome/76.0.1558 Safari/537.36', 'YTozOntzOjY6Il90b2tlbiI7czo0MDoickxpMHA2aURkODNlSERaRlI2dFhpbTVyazJxTHp2Q200WHl4Q0JsSiI7czo5OiJfcHJldmlvdXMiO2E6MTp7czozOiJ1cmwiO3M6MzY6Imh0dHBzOi8vbGlnYWRlYmVpc2JvbG1lbm9yemFtb3JhLmNvbSI7fXM6NjoiX2ZsYXNoIjthOjI6e3M6Mzoib2xkIjthOjA6e31zOjM6Im5ldyI7YTowOnt9fX0=', 1736685404),
	('x46lz9U87T5sVuoN0Bqn41DFfNrPD57U0gbABWyY', NULL, '4.227.36.23', 'Mozilla/5.0 AppleWebKit/537.36 (KHTML, like Gecko; compatible; GPTBot/1.2; +https://openai.com/gptbot)', 'YTozOntzOjY6Il90b2tlbiI7czo0MDoiTUQ3ZnR0aTBuQTZZSkVibXJZUVVwUUhiYm5MbmNWdE44S0E0TkxxdSI7czo5OiJfcHJldmlvdXMiO2E6MTp7czozOiJ1cmwiO3M6NDQ6Imh0dHBzOi8vbGlnYWRlYmVpc2JvbG1lbm9yemFtb3JhLmNvbS9saWRlcmVzIjt9czo2OiJfZmxhc2giO2E6Mjp7czozOiJvbGQiO2E6MDp7fXM6MzoibmV3IjthOjA6e319fQ==', 1736626258),
	('XcK0s1jN9fnesA84HhWv67nQOsoaZko7403p40kw', NULL, '4.227.36.23', 'Mozilla/5.0 AppleWebKit/537.36 (KHTML, like Gecko; compatible; GPTBot/1.2; +https://openai.com/gptbot)', 'YTozOntzOjY6Il90b2tlbiI7czo0MDoiZ3B5UllMdFB5azczVlNYZ2Q3Vnl3dE1DcjloYTByMVZLc3NVOWV0byI7czo5OiJfcHJldmlvdXMiO2E6MTp7czozOiJ1cmwiO3M6NTg6Imh0dHBzOi8vbGlnYWRlYmVpc2JvbG1lbm9yemFtb3JhLmNvbS9qdWdhZG9yLW51bWVyaXRvcy8yNDQiO31zOjY6Il9mbGFzaCI7YToyOntzOjM6Im9sZCI7YTowOnt9czozOiJuZXciO2E6MDp7fX19', 1736627593),
	('XEW8sXsrX0KP8XVRmRI0ypF82uEC3naZxF7Vwa79', NULL, '4.227.36.23', 'Mozilla/5.0 AppleWebKit/537.36 (KHTML, like Gecko; compatible; GPTBot/1.2; +https://openai.com/gptbot)', 'YTozOntzOjY6Il90b2tlbiI7czo0MDoiSWJ6U2E3UGprTUk2VnA3VHZ5M0pGVnNKV1hsVkVnSmQ3T1pQbENlWiI7czo5OiJfcHJldmlvdXMiO2E6MTp7czozOiJ1cmwiO3M6NTc6Imh0dHBzOi8vbGlnYWRlYmVpc2JvbG1lbm9yemFtb3JhLmNvbS9qdWdhZG9yLW51bWVyaXRvcy84MCI7fXM6NjoiX2ZsYXNoIjthOjI6e3M6Mzoib2xkIjthOjA6e31zOjM6Im5ldyI7YTowOnt9fX0=', 1736627495),
	('XnFrMqmQoQ1Ev1oemJgWPKeWKZz3OZnUQr2tif3r', NULL, '4.227.36.23', 'Mozilla/5.0 AppleWebKit/537.36 (KHTML, like Gecko; compatible; GPTBot/1.2; +https://openai.com/gptbot)', 'YTozOntzOjY6Il90b2tlbiI7czo0MDoick1yYXppZEV5eElKYTZBYXFZRGN2UW9hc3VUYWpoWXpEdXdwODF2TyI7czo5OiJfcHJldmlvdXMiO2E6MTp7czozOiJ1cmwiO3M6NTI6Imh0dHBzOi8vbGlnYWRlYmVpc2JvbG1lbm9yemFtb3JhLmNvbS9saWRlcmVzLWVxdWlwb3MiO31zOjY6Il9mbGFzaCI7YToyOntzOjM6Im9sZCI7YTowOnt9czozOiJuZXciO2E6MDp7fX19', 1736626263),
	('xpdq00EOGVitSd0fSFKM8mCWTjC6NADBtMwPMTUI', NULL, '104.152.52.63', 'curl/7.61.1', 'YTozOntzOjY6Il90b2tlbiI7czo0MDoiUVFaYzVNdmI0Uk0xc1Z1a1dFTTBwQXFBM3JuUjZjU1k5Z3JnbVJjUyI7czo5OiJfcHJldmlvdXMiO2E6MTp7czozOiJ1cmwiO3M6NDA6Imh0dHBzOi8vd3d3LmxpZ2FkZWJlaXNib2xtZW5vcnphbW9yYS5jb20iO31zOjY6Il9mbGFzaCI7YToyOntzOjM6Im9sZCI7YTowOnt9czozOiJuZXciO2E6MDp7fX19', 1736631247),
	('xtxRINj21JbQj9d0ksdHjjNETN8upDvdgnbBS2ik', NULL, '4.227.36.23', 'Mozilla/5.0 AppleWebKit/537.36 (KHTML, like Gecko; compatible; GPTBot/1.2; +https://openai.com/gptbot)', 'YTozOntzOjY6Il90b2tlbiI7czo0MDoiTkFpb1hqNW5PTktFcHBESFBCeHEydmpCS21SZ1B1NWJIMndVeGlxTCI7czo5OiJfcHJldmlvdXMiO2E6MTp7czozOiJ1cmwiO3M6NTg6Imh0dHBzOi8vbGlnYWRlYmVpc2JvbG1lbm9yemFtb3JhLmNvbS9qdWdhZG9yLW51bWVyaXRvcy8yNDEiO31zOjY6Il9mbGFzaCI7YToyOntzOjM6Im9sZCI7YTowOnt9czozOiJuZXciO2E6MDp7fX19', 1736627603),
	('XUPgfNB5kfC5k2K6PcSrX40uYvkff8gtUxfaWRFE', NULL, '4.227.36.23', 'Mozilla/5.0 AppleWebKit/537.36 (KHTML, like Gecko; compatible; GPTBot/1.2; +https://openai.com/gptbot)', 'YTozOntzOjY6Il90b2tlbiI7czo0MDoiSnZKMUthRzRBbXRJVTJYOE1STEdtQTR6RERQNkYwcW1Fbk0yeG9sRSI7czo5OiJfcHJldmlvdXMiO2E6MTp7czozOiJ1cmwiO3M6NTg6Imh0dHBzOi8vbGlnYWRlYmVpc2JvbG1lbm9yemFtb3JhLmNvbS9qdWdhZG9yLW51bWVyaXRvcy8xNDkiO31zOjY6Il9mbGFzaCI7YToyOntzOjM6Im9sZCI7YTowOnt9czozOiJuZXciO2E6MDp7fX19', 1736627546),
	('XuRnk7EAWLaEBbxmkm9qqQfCY1Dxc2KcXYdXzfbW', NULL, '4.227.36.23', 'Mozilla/5.0 AppleWebKit/537.36 (KHTML, like Gecko; compatible; GPTBot/1.2; +https://openai.com/gptbot)', 'YTozOntzOjY6Il90b2tlbiI7czo0MDoic0R3SVVlVFlZWEFhRnFaTnZadE5pVDRxOHQycjVCckM2WkwwbmNraiI7czo5OiJfcHJldmlvdXMiO2E6MTp7czozOiJ1cmwiO3M6NTg6Imh0dHBzOi8vbGlnYWRlYmVpc2JvbG1lbm9yemFtb3JhLmNvbS9qdWdhZG9yLW51bWVyaXRvcy8yMjkiO31zOjY6Il9mbGFzaCI7YToyOntzOjM6Im9sZCI7YTowOnt9czozOiJuZXciO2E6MDp7fX19', 1736627672),
	('Y9unhVKC4WWiTLYsBRq4t7lsSTPlQeZ7EUg6jfMn', NULL, '4.227.36.23', 'Mozilla/5.0 AppleWebKit/537.36 (KHTML, like Gecko; compatible; GPTBot/1.2; +https://openai.com/gptbot)', 'YTozOntzOjY6Il90b2tlbiI7czo0MDoicTMxTzhBYmdvODNqbWY1S2dseVBQN0FzSGZPUWRkak5FWHNLOUp4OCI7czo5OiJfcHJldmlvdXMiO2E6MTp7czozOiJ1cmwiO3M6NTg6Imh0dHBzOi8vbGlnYWRlYmVpc2JvbG1lbm9yemFtb3JhLmNvbS9qdWdhZG9yLW51bWVyaXRvcy8xNDUiO31zOjY6Il9mbGFzaCI7YToyOntzOjM6Im9sZCI7YTowOnt9czozOiJuZXciO2E6MDp7fX19', 1736627645),
	('yAQ37mB5w7SxoMSEtmFUdHPoiVillIp8W23BuTWd', NULL, '45.148.10.17', 'Mozilla/5.0 (X11; Ubuntu; Linux x86_64; rv:15.0) Gecko/20100101 Firefox/15.0.1', 'YTozOntzOjY6Il90b2tlbiI7czo0MDoiRkRDWWJOWEx1QjQ1RGJ3MnBZZzVaWTI5UG1yaWtLT2h2MVNxNW02MCI7czo5OiJfcHJldmlvdXMiO2E6MTp7czozOiJ1cmwiO3M6MjI6Imh0dHBzOi8vMTY1LjIyLjE4OS4yMTYiO31zOjY6Il9mbGFzaCI7YToyOntzOjM6Im9sZCI7YTowOnt9czozOiJuZXciO2E6MDp7fX19', 1736668588),
	('YoVmMURba1WHXLhJqkHq9Lg6LNVCTfg56gM9wQ5C', NULL, '4.227.36.23', 'Mozilla/5.0 AppleWebKit/537.36 (KHTML, like Gecko; compatible; GPTBot/1.2; +https://openai.com/gptbot)', 'YTozOntzOjY6Il90b2tlbiI7czo0MDoibGh3dTRydm85Mm9OQXBmaGMxWURWQkJGa3pNUzNLOHVPOEl1Nm5HYSI7czo5OiJfcHJldmlvdXMiO2E6MTp7czozOiJ1cmwiO3M6NTg6Imh0dHBzOi8vbGlnYWRlYmVpc2JvbG1lbm9yemFtb3JhLmNvbS9qdWdhZG9yLW51bWVyaXRvcy8yMzEiO31zOjY6Il9mbGFzaCI7YToyOntzOjM6Im9sZCI7YTowOnt9czozOiJuZXciO2E6MDp7fX19', 1736627567),
	('ys5Pbd1hY5MlQx2otSvqWQHVPDhqvOqN0lkjQIod', NULL, '4.227.36.23', 'Mozilla/5.0 AppleWebKit/537.36 (KHTML, like Gecko; compatible; GPTBot/1.2; +https://openai.com/gptbot)', 'YTozOntzOjY6Il90b2tlbiI7czo0MDoiUnJOTkNyc3pNdjBnb0toRnRvYUlVcmptUUxiR1pLNzZhMHVKRFJqSyI7czo5OiJfcHJldmlvdXMiO2E6MTp7czozOiJ1cmwiO3M6NTg6Imh0dHBzOi8vbGlnYWRlYmVpc2JvbG1lbm9yemFtb3JhLmNvbS9qdWdhZG9yLW51bWVyaXRvcy8xMDQiO31zOjY6Il9mbGFzaCI7YToyOntzOjM6Im9sZCI7YTowOnt9czozOiJuZXciO2E6MDp7fX19', 1736627499),
	('zkEINLSf8hs6IUYLdSB12sKUFVQ6HlfH3fSTAblD', NULL, '4.227.36.23', 'Mozilla/5.0 AppleWebKit/537.36 (KHTML, like Gecko; compatible; GPTBot/1.2; +https://openai.com/gptbot)', 'YTozOntzOjY6Il90b2tlbiI7czo0MDoiZjlGQ084UE05b0FrUnlJQUtUb2pwMGhxUDhkVFVETk5yQ0NpUmR4bCI7czo5OiJfcHJldmlvdXMiO2E6MTp7czozOiJ1cmwiO3M6NTg6Imh0dHBzOi8vbGlnYWRlYmVpc2JvbG1lbm9yemFtb3JhLmNvbS9qdWdhZG9yLW51bWVyaXRvcy8yNTQiO31zOjY6Il9mbGFzaCI7YToyOntzOjM6Im9sZCI7YTowOnt9czozOiJuZXciO2E6MDp7fX19', 1736627493),
	('zLPFA7osdNnOxmYU8KH0AKIglZHNDEZrFvJFdBF0', NULL, '4.227.36.23', 'Mozilla/5.0 AppleWebKit/537.36 (KHTML, like Gecko; compatible; GPTBot/1.2; +https://openai.com/gptbot)', 'YTozOntzOjY6Il90b2tlbiI7czo0MDoiaFVicDAzZG04NWNoSm5OYVdKUDd6OWc3VEd2N0RqRVlsdm42NU5aTyI7czo5OiJfcHJldmlvdXMiO2E6MTp7czozOiJ1cmwiO3M6NTc6Imh0dHBzOi8vbGlnYWRlYmVpc2JvbG1lbm9yemFtb3JhLmNvbS9qdWdhZG9yLW51bWVyaXRvcy81NSI7fXM6NjoiX2ZsYXNoIjthOjI6e3M6Mzoib2xkIjthOjA6e31zOjM6Im5ldyI7YTowOnt9fX0=', 1736627489),
	('ZM3sGbAqsqYgyM5vzBYKVDJQrYK6ZDZKfDAVfdA9', NULL, '4.227.36.23', 'Mozilla/5.0 AppleWebKit/537.36 (KHTML, like Gecko; compatible; GPTBot/1.2; +https://openai.com/gptbot)', 'YTozOntzOjY6Il90b2tlbiI7czo0MDoieHVhUjQ1Wll5c1lYUlI4c1ZNdFRTSnZjS2s2aXZYa3RqbWNnY0tOdyI7czo5OiJfcHJldmlvdXMiO2E6MTp7czozOiJ1cmwiO3M6NTg6Imh0dHBzOi8vbGlnYWRlYmVpc2JvbG1lbm9yemFtb3JhLmNvbS9qdWdhZG9yLW51bWVyaXRvcy8yMjYiO31zOjY6Il9mbGFzaCI7YToyOntzOjM6Im9sZCI7YTowOnt9czozOiJuZXciO2E6MDp7fX19', 1736627557),
	('zVw4QTwnoulJ7AwenwXT6rVYe2AfVtrS2OR5HSmp', NULL, '4.227.36.23', 'Mozilla/5.0 AppleWebKit/537.36 (KHTML, like Gecko; compatible; GPTBot/1.2; +https://openai.com/gptbot)', 'YTozOntzOjY6Il90b2tlbiI7czo0MDoiYk1jRGdiYWRVWWNObWlBbUFpb3l4SjNUR2Y0V2EyMnNwTzdVMFZlSyI7czo5OiJfcHJldmlvdXMiO2E6MTp7czozOiJ1cmwiO3M6NTg6Imh0dHBzOi8vbGlnYWRlYmVpc2JvbG1lbm9yemFtb3JhLmNvbS9qdWdhZG9yLW51bWVyaXRvcy8yMTAiO31zOjY6Il9mbGFzaCI7YToyOntzOjM6Im9sZCI7YTowOnt9czozOiJuZXciO2E6MDp7fX19', 1736627543),
	('ZZoxlmqzPucK8gYUFsUDXkxrlSidjs5yFCIivQxd', NULL, '4.227.36.23', 'Mozilla/5.0 AppleWebKit/537.36 (KHTML, like Gecko; compatible; GPTBot/1.2; +https://openai.com/gptbot)', 'YTozOntzOjY6Il90b2tlbiI7czo0MDoibmNYT1ZDb1VNTzRRSnhlM0tnSzFyT0dyenh6N0pPSEJ5M2lGa2FXWiI7czo5OiJfcHJldmlvdXMiO2E6MTp7czozOiJ1cmwiO3M6NTg6Imh0dHBzOi8vbGlnYWRlYmVpc2JvbG1lbm9yemFtb3JhLmNvbS9qdWdhZG9yLW51bWVyaXRvcy8yNDgiO31zOjY6Il9mbGFzaCI7YToyOntzOjM6Im9sZCI7YTowOnt9czozOiJuZXciO2E6MDp7fX19', 1736627675),
	('zZq5CQ6ver5zcAEdMkZNvceehCEu6xlnLJkl77Md', NULL, '35.203.210.137', 'Expanse, a Palo Alto Networks company, searches across the global IPv4 space multiple times per day to identify customers&#39; presences on the Internet. If you would like to be excluded from our scans, please send IP addresses/domains to: scaninfo@paloaltonetworks.com', 'YTozOntzOjY6Il90b2tlbiI7czo0MDoiRXFPU1liaVh3T1pzM1NZYVU5TFRPUjN0M0lQYWloa2lpOUI1UEJ2QiI7czo5OiJfcHJldmlvdXMiO2E6MTp7czozOiJ1cmwiO3M6MjI6Imh0dHBzOi8vMTY1LjIyLjE4OS4yMTYiO31zOjY6Il9mbGFzaCI7YToyOntzOjM6Im9sZCI7YTowOnt9czozOiJuZXciO2E6MDp7fX19', 1736663524);

-- Volcando estructura para tabla zamora.users
CREATE TABLE IF NOT EXISTS `users` (
  `id` bigint unsigned NOT NULL AUTO_INCREMENT,
  `username` varchar(15) COLLATE utf8mb4_unicode_ci NOT NULL,
  `name` varchar(20) COLLATE utf8mb4_unicode_ci NOT NULL,
  `telefono` varchar(20) COLLATE utf8mb4_unicode_ci DEFAULT NULL,
  `password` varchar(255) COLLATE utf8mb4_unicode_ci NOT NULL,
  `two_factor_secret` text COLLATE utf8mb4_unicode_ci,
  `two_factor_recovery_codes` text COLLATE utf8mb4_unicode_ci,
  `two_factor_confirmed_at` timestamp NULL DEFAULT NULL,
  `nivel_id` bigint unsigned DEFAULT NULL,
  `estatus_id` bigint unsigned DEFAULT NULL,
  `email_verified_at` timestamp NULL DEFAULT NULL,
  `remember_token` varchar(100) COLLATE utf8mb4_unicode_ci DEFAULT NULL,
  `current_team_id` bigint unsigned DEFAULT NULL,
  `profile_photo_path` varchar(2048) COLLATE utf8mb4_unicode_ci DEFAULT NULL,
  `created_at` timestamp NULL DEFAULT NULL,
  `updated_at` timestamp NULL DEFAULT NULL,
  PRIMARY KEY (`id`),
  UNIQUE KEY `users_username_unique` (`username`),
  KEY `users_estatus_id_foreign` (`estatus_id`),
  KEY `users_nivel_id_foreign` (`nivel_id`),
  CONSTRAINT `users_estatus_id_foreign` FOREIGN KEY (`estatus_id`) REFERENCES `estatus_torneos` (`id`) ON DELETE CASCADE,
  CONSTRAINT `users_nivel_id_foreign` FOREIGN KEY (`nivel_id`) REFERENCES `niveles` (`id`) ON DELETE CASCADE
) ENGINE=InnoDB AUTO_INCREMENT=2 DEFAULT CHARSET=utf8mb4 COLLATE=utf8mb4_unicode_ci;

-- Volcando datos para la tabla zamora.users: ~1 rows (aproximadamente)
REPLACE INTO `users` (`id`, `username`, `name`, `telefono`, `password`, `two_factor_secret`, `two_factor_recovery_codes`, `two_factor_confirmed_at`, `nivel_id`, `estatus_id`, `email_verified_at`, `remember_token`, `current_team_id`, `profile_photo_path`, `created_at`, `updated_at`) VALUES
	(1, 'alejandro', 'Alejandro Velasquez', NULL, '$2y$12$hkLWnhb2JxGxMr5Y.anSDuZZi6aNT23OmAjeVzbYK6By5h/7.fEqi', NULL, NULL, NULL, 1, 1, NULL, NULL, NULL, NULL, '2024-12-15 17:34:21', '2024-12-27 18:14:06');

-- Volcando estructura para tabla zamora.visitas
CREATE TABLE IF NOT EXISTS `visitas` (
  `id` bigint unsigned NOT NULL AUTO_INCREMENT,
  `ip` varchar(15) COLLATE utf8mb4_unicode_ci DEFAULT NULL,
  `campeonato_id` bigint unsigned DEFAULT NULL,
  `pais` varchar(75) COLLATE utf8mb4_unicode_ci DEFAULT NULL,
  `estado` varchar(75) COLLATE utf8mb4_unicode_ci DEFAULT NULL,
  `ciudad` varchar(75) COLLATE utf8mb4_unicode_ci DEFAULT NULL,
  `created_at` timestamp NULL DEFAULT NULL,
  `updated_at` timestamp NULL DEFAULT NULL,
  PRIMARY KEY (`id`),
  KEY `visitas_campeonato_id_foreign` (`campeonato_id`),
  CONSTRAINT `visitas_campeonato_id_foreign` FOREIGN KEY (`campeonato_id`) REFERENCES `campeonatos` (`id`) ON DELETE CASCADE
) ENGINE=InnoDB DEFAULT CHARSET=utf8mb4 COLLATE=utf8mb4_unicode_ci;

-- Volcando datos para la tabla zamora.visitas: ~0 rows (aproximadamente)

/*!40103 SET TIME_ZONE=IFNULL(@OLD_TIME_ZONE, 'system') */;
/*!40101 SET SQL_MODE=IFNULL(@OLD_SQL_MODE, '') */;
/*!40014 SET FOREIGN_KEY_CHECKS=IFNULL(@OLD_FOREIGN_KEY_CHECKS, 1) */;
/*!40101 SET CHARACTER_SET_CLIENT=@OLD_CHARACTER_SET_CLIENT */;
/*!40111 SET SQL_NOTES=IFNULL(@OLD_SQL_NOTES, 1) */;
